store_id,street,street2,city,state,zip,phone,latitude,longitude,hours,url,state_name,brand,updated
22747233,100 S Colonial Dr.,Suite 2350,Alabaster,AL,35007,+12055641095,33.22669761757409,-86.80477209397785,Mon-Sat 09:30-21:30; Sun 10:00-20:00,https://locations.fivebelow.com/al/alabaster/100-s-colonial-dr.,Alabama,Five Below,2026-07-16
20321065,7200 US Highway 431,Suite 100,Albertville,AL,35950,+12566661330,34.27689063652812,-86.20484873927022,Mon-Sat 09:30-21:30; Sun 10:00-20:00,https://locations.fivebelow.com/al/albertville/7200-us-highway-431,Alabama,Five Below,2026-07-16
1076890487,4782 Hwy. 280,,Alexander City,AL,35010,+12563051109,32.91640292,-85.95360937,Mon-Sat 09:30-21:30; Sun 10:00-20:00,https://locations.fivebelow.com/al/alexander-city/4782-hwy.-280,Alabama,Five Below,2026-07-16
63653432,140 Covington Mall Drive,,Andalusia,AL,36420,+13342615178,31.316753936186828,-86.49632147666792,Mon-Sat 09:30-21:30; Sun 10:00-20:00,https://locations.fivebelow.com/al/andalusia/140-covington-mall-drive,Alabama,Five Below,2026-07-16
1047114440,1061 Kelli Drive,Unit E,Athens,AL,35611,+12562853105,34.78411356928558,-86.93503139821213,Mon-Sat 09:30-21:30; Sun 10:00-20:00,https://locations.fivebelow.com/al/athens/1061-kelli-drive,Alabama,Five Below,2026-07-16
14655569,4921 Promenade Parkway,,Bessemer,AL,35022,+12052166926,33.3355181,-86.9917713,Mon-Sat 09:30-21:30; Sun 10:00-20:00,https://locations.fivebelow.com/al/bessemer/4921-promenade-parkway,Alabama,Five Below,2026-07-16
13539302,1725 Montgomery Highway,Suite 125,Birmingham,AL,35244,+12057395944,33.379853520489135,-86.80390497668645,Mon-Sat 09:30-21:30; Sun 10:00-20:00,https://locations.fivebelow.com/al/birmingham/1725-montgomery-highway,Alabama,Five Below,2026-07-16
13539318,5267 Highway 280 South,Suite 100,Birmingham,AL,35242,+12054085213,33.4197657407524,-86.68360492420562,Mon-Sat 09:30-21:30; Sun 10:00-20:00,https://locations.fivebelow.com/al/birmingham/5267-highway-280-south,Alabama,Five Below,2026-07-16
13539356,5463 Patrick Way,,Birmingham,AL,35235,+12056610361,33.60972467352728,-86.62456010317976,Mon-Sat 09:30-21:30; Sun 10:00-20:00,https://locations.fivebelow.com/al/birmingham/5463-patrick-way,Alabama,Five Below,2026-07-16
13539376,1230 Cullman Shopping Ctr NW,,Cullman,AL,35055,+12567365496,34.18369138477791,-86.8515326482057,Mon-Sat 09:30-21:30; Sun 10:00-20:00,https://locations.fivebelow.com/al/cullman/1230-cullman-shopping-ctr-nw,Alabama,Five Below,2026-07-16
13538824,6850-13 Highway 90,,Daphne,AL,36526,+12513165980,30.652568074774795,-87.90646091312817,Mon-Sat 09:30-21:30; Sun 10:00-20:00,https://locations.fivebelow.com/al/daphne/6850-13-highway-90,Alabama,Five Below,2026-07-16
13539401,1241 Point Mallard Parkway,Suite 316-318,Decatur,AL,35601,+12563015402,34.55880388556821,-86.97221492212034,Mon-Sat 09:30-21:30; Sun 10:00-20:00,https://locations.fivebelow.com/al/decatur/1241-point-mallard-parkway,Alabama,Five Below,2026-07-16
13539144,3500 Ross Clark Cir,Suite 710,Dothan,AL,36303,+13347925144,31.246033853943974,-85.42472093427,Mon-Sat 09:30-21:30; Sun 10:00-20:00,https://locations.fivebelow.com/al/dothan/3500-ross-clark-cir,Alabama,Five Below,2026-07-16
1011095244,197 Baldwin Square,I,Fairhope,AL,36532,+12513613150,30.520680148599716,-87.88555822514857,Mon-Sat 09:30-21:30; Sun 10:00-20:00,https://locations.fivebelow.com/al/fairhope/197-baldwin-square,Alabama,Five Below,2026-07-16
13539312,390A Cox Creek Parkway,,Florence,AL,35630,+12567603589,34.84236185773595,-87.63710564135283,Mon-Sat 09:30-21:30; Sun 10:00-20:00,https://locations.fivebelow.com/al/florence/390a-cox-creek-parkway,Alabama,Five Below,2026-07-16
13538873,2528 S. McKenzie Street,,Foley,AL,36535,+12519430305,30.3784942,-87.6860733,Mon-Sat 09:30-21:30; Sun 10:00-20:00,https://locations.fivebelow.com/al/foley/2528-s.-mckenzie-street,Alabama,Five Below,2026-07-16
2051803098,1040 Dekalb Plaza Blvd SW,,Fort Payne,AL,35967,+12568031293,34.431357635143605,-85.73419373917089,Mon-Sat 09:30-21:30; Sun 10:00-20:00,https://locations.fivebelow.com/al/fort-payne/1040-dekalb-plaza-blvd-sw,Alabama,Five Below,2026-07-16
13538880,3453 Lowery Parkway,Suite A,Fultondale,AL,35068,+12058492035,33.6044908172542,-86.80534574860306,Mon-Sat 09:30-21:30; Sun 10:00-20:00,https://locations.fivebelow.com/al/fultondale/3453-lowery-parkway,Alabama,Five Below,2026-07-16
13539317,526 Meighan Blvd East,,Gadsden,AL,35903,+12565430088,34.011087,-85.984485,Mon-Sat 09:30-21:30; Sun 10:00-20:00,https://locations.fivebelow.com/al/gadsden/526-meighan-blvd-east,Alabama,Five Below,2026-07-16
2057047159,5537 Grove Blvd,,Hoover,AL,35226,+16592165487,33.362283959348375,-86.85199752408074,Mon-Sat 09:30-21:30; Sun 10:00-20:00,https://locations.fivebelow.com/al/hoover/5537-grove-blvd,Alabama,Five Below,2026-07-16
1094544153,1001 Memorial Pkwy NW,Suite F,Huntsville,AL,35801,+12565623791,34.7404229861726,-86.60269455344773,Mon-Sat 09:30-21:30; Sun 10:00-20:00,https://locations.fivebelow.com/al/huntsville/1001-memorial-pkwy-nw,Alabama,Five Below,2026-07-16
13538876,2750 Carl T. Jones Drive SE,Unit 500B,Huntsville,AL,35802,+12568805185,34.67461666840297,-86.54391579633851,Mon-Sat 09:30-21:30; Sun 10:00-20:00,https://locations.fivebelow.com/al/huntsville/2750-carl-t.-jones-drive-se,Alabama,Five Below,2026-07-16
13539319,6275 University Drive NW,Suite 9C,Huntsville,AL,35806,+12569719899,34.7433679697823,-86.68349587385367,Mon-Sat 09:30-21:30; Sun 10:00-20:00,https://locations.fivebelow.com/al/huntsville/6275-university-drive-nw,Alabama,Five Below,2026-07-16
22194291,1612 Montclair Rd,,Irondale,AL,35210,+12055641043,33.528396901637045,-86.72193934120246,Mon-Sat 09:30-21:30; Sun 10:00-20:00,https://locations.fivebelow.com/al/irondale/1612-montclair-rd,Alabama,Five Below,2026-07-16
52444324,1555 Pelham Rd S,Suite C,Jacksonville,AL,36265,+12563888566,33.791072870940525,-85.76284203400647,Mon-Sat 09:30-21:30; Sun 10:00-20:00,https://locations.fivebelow.com/al/jacksonville/1555-pelham-rd-s,Alabama,Five Below,2026-07-16
15213209,640 Hwy 78 E,,Jasper,AL,35501,+12055337567,33.8512306321953,-87.26902629444271,Mon-Sat 09:30-21:30; Sun 10:00-20:00,https://locations.fivebelow.com/al/jasper/640-hwy-78-e,Alabama,Five Below,2026-07-16
2002504412,12090 County Line Rd,Suite I,Madison,AL,35756,+12565179066,34.7283323,-86.7863776,Mon-Sat 09:30-21:30; Sun 10:00-20:00,https://locations.fivebelow.com/al/madison/12090-county-line-rd,Alabama,Five Below,2026-07-16
1007978813,3250 Airport Blvd,Suite E31,Mobile,AL,36606,+12513855886,30.677408724955743,-88.12265955426567,Mon-Sat 09:30-21:30; Sun 10:00-20:00,https://locations.fivebelow.com/al/mobile/3250-airport-blvd,Alabama,Five Below,2026-07-16
1035260041,6366 Cottage Hill Road,,Mobile,AL,36609,+12514807471,30.6415587,-88.1900665,Mon-Sat 09:30-21:30; Sun 10:00-20:00,https://locations.fivebelow.com/al/mobile/6366-cottage-hill-road,Alabama,Five Below,2026-07-16
2022916348,2759 Eastern Boulevard,,Montgomery,AL,36117,+13344025497,32.34466999538264,-86.22153203802871,Mon-Sat 09:30-21:30; Sun 10:00-20:00,https://locations.fivebelow.com/al/montgomery/2759-eastern-boulevard,Alabama,Five Below,2026-07-16
13539389,7670 East Chase Parkway,,Montgomery,AL,36117,+13342740178,32.3600156,-86.1590753,Mon-Sat 09:30-21:30; Sun 10:00-20:00,https://locations.fivebelow.com/al/montgomery/7670-east-chase-parkway,Alabama,Five Below,2026-07-16
2019847480,2300 McFarland Blvd,Suite 18,Northport,AL,35476,+16592165263,33.24160551075907,-87.57976158283806,Mon-Sat 09:30-21:30; Sun 10:00-20:00,https://locations.fivebelow.com/al/northport/2300-mcfarland-blvd,Alabama,Five Below,2026-07-16
2022916342,66 Market Terrace,,Oneonta,AL,35121,+16592165303,33.97606972,-86.4463873,Mon-Sat 09:30-21:30; Sun 10:00-20:00,https://locations.fivebelow.com/al/oneonta/66-market-terrace,Alabama,Five Below,2026-07-16
15576981,2221 Tiger Town Pkwy,,Opelika,AL,36801,+13344096298,32.617573115183156,-85.40664490358729,Mon-Sat 09:30-21:30; Sun 10:00-20:00,https://locations.fivebelow.com/al/opelika/2221-tiger-town-pkwy,Alabama,Five Below,2026-07-16
13539353,50 Commons Way,Suite C,Oxford,AL,36203,+12568324033,33.609681768373115,-85.78819413846863,Mon-Sat 09:30-21:30; Sun 10:00-20:00,https://locations.fivebelow.com/al/oxford/50-commons-way,Alabama,Five Below,2026-07-16
1004710859,2845 Dr John Haynes Dr,,Pell City,AL,35125,+16592162373,33.6054238333114,-86.27670813173002,Mon-Sat 09:30-21:30; Sun 10:00-20:00,https://locations.fivebelow.com/al/pell-city/2845-dr-john-haynes-dr,Alabama,Five Below,2026-07-16
13538806,1472 Cotton Exchange,,Prattville,AL,36066,+13342902864,32.4574127,-86.4075317,Mon-Sat 09:30-21:30; Sun 10:00-20:00,https://locations.fivebelow.com/al/prattville/1472-cotton-exchange,Alabama,Five Below,2026-07-16
1029180205,22991 John T Reid Pkwy,Suite E,Scottsboro,AL,35768,+12566788418,34.64770055411634,-86.0297409503145,Mon-Sat 09:30-21:30; Sun 10:00-20:00,https://locations.fivebelow.com/al/scottsboro/22991-john-t-reid-pkwy,Alabama,Five Below,2026-07-16
2040253751,10200 Eastern Shore Blvd,Suite 608,Spanish Fort,AL,36527,+12513832960,30.664301390613726,-87.84780014074366,Mon-Sat 09:30-21:30; Sun 10:00-20:00,https://locations.fivebelow.com/al/spanish-fort/10200-eastern-shore-blvd,Alabama,Five Below,2026-07-16
25131116,41271 US-280 W,Unit 11,Sylacauga,AL,35150,+12563671274,33.1761634,-86.2867539,Mon-Sat 09:30-21:30; Sun 10:00-20:00,https://locations.fivebelow.com/al/sylacauga/41271-us-280-w,Alabama,Five Below,2026-07-16
22194287,1307 US Hwy 231 S,Suite 5,Troy,AL,36081,+13345003681,31.7786254,-85.9446807,Mon-Sat 09:30-21:30; Sun 10:00-20:00,https://locations.fivebelow.com/al/troy/1307-us-hwy-231-s,Alabama,Five Below,2026-07-16
13539407,1451 Dr. Edward Hillard Drive,Suite 140,Tuscaloosa,AL,35401,+12057581081,33.19844071512684,-87.52759672883604,Mon-Sat 09:30-21:30; Sun 10:00-20:00,https://locations.fivebelow.com/al/tuscaloosa/1451-dr.-edward-hillard-drive,Alabama,Five Below,2026-07-16
2002504409,3420 20th Ave,Suite E,Valley,AL,36854,+13344025106,32.83749618994101,-85.17587814940057,Mon-Sat 09:30-21:30; Sun 10:00-20:00,https://locations.fivebelow.com/al/valley/3420-20th-ave,Alabama,Five Below,2026-07-16
1076890503,57 Eagle Mountain Blvd,,Batesville,AR,72501,+18704643576,35.7643718,-91.6121805,Mon-Sat 09:30-21:30; Sun 10:00-20:00,https://locations.fivebelow.com/ar/batesville/57-eagle-mountain-blvd,Arkansas,Five Below,2026-07-16
13539187,7341 Alcoa Road,,Bryant,AR,72022,+15017785519,34.60371021238467,-92.53182964930073,Mon-Sat 09:30-21:30; Sun 10:00-20:00,https://locations.fivebelow.com/ar/bryant/7341-alcoa-road,Arkansas,Five Below,2026-07-16
13539166,1040 South Amity Road,Suite M,Conway,AR,72032,+15015042654,35.06458666996328,-92.4118616736107,Mon-Sat 09:30-21:30; Sun 10:00-20:00,https://locations.fivebelow.com/ar/conway/1040-south-amity-road,Arkansas,Five Below,2026-07-16
2018691449,8333 Rogers Avenue,,Fort Smith,AR,72903,+14792442060,35.34961724304272,-94.33694416380634,Mon-Sat 09:30-21:30; Sun 10:00-20:00,https://locations.fivebelow.com/ar/fort-smith/8333-rogers-avenue,Arkansas,Five Below,2026-07-16
14692751,1446 Higdon Ferry Road,,Hot Springs,AR,71913,+15012893536,34.4684305,-93.0720866,Mon-Sat 09:30-21:30; Sun 10:00-20:00,https://locations.fivebelow.com/ar/hot-springs/1446-higdon-ferry-road,Arkansas,Five Below,2026-07-16
2019847477,1309 T. P. White Dr,Suite C,Jacksonville,AR,72076,+15014602023,34.88039946490809,-92.11210589568348,Mon-Sat 09:30-21:30; Sun 10:00-20:00,https://locations.fivebelow.com/ar/jacksonville/1309-t.-p.-white-dr,Arkansas,Five Below,2026-07-16
13539195,1127 South Caraway Road,,Jonesboro,AR,72401,+18709336621,35.8310424,-90.6790221,Mon-Sat 09:30-21:30; Sun 10:00-20:00,https://locations.fivebelow.com/ar/jonesboro/1127-south-caraway-road,Arkansas,Five Below,2026-07-16
1066166838,11201 Bass Pro Pkwy,Suite #: AE107,Little Rock,AR,72210,+15012872634,34.66081530045509,-92.40713285071786,Mon-Thu 11:00-20:00; Fri-Sat 10:00-21:00; Sun 11:00-19:00,https://locations.fivebelow.com/ar/little-rock/11201-bass-pro-pkwy,Arkansas,Five Below,2026-07-16
13539205,16105 Chenal Parkway,Suite D,Little Rock,AR,72223,+15018210171,34.756260576498406,-92.4478714131443,Mon-Sat 09:30-21:30; Sun 10:00-20:00,https://locations.fivebelow.com/ar/little-rock/16105-chenal-parkway,Arkansas,Five Below,2026-07-16
80226384,416 S University Avenue,Suite 105,Little Rock,AR,72205,+15012875152,34.74946299563489,-92.34352303462681,Mon-Sat 09:30-21:30; Sun 10:00-20:00,https://locations.fivebelow.com/ar/little-rock/416-s-university-avenue,Arkansas,Five Below,2026-07-16
1076890505,40 Plaza Way,Suite 360,Mountain Home,AR,72653,+18704643571,36.35510111004907,-92.33818758141541,Mon-Sat 09:30-21:30; Sun 10:00-20:00,https://locations.fivebelow.com/ar/mountain-home/40-plaza-way,Arkansas,Five Below,2026-07-16
14692755,4206 E McCain Blvd,,North Little Rock,AR,72117,+15012145340,34.787489,-92.221726,Mon-Sat 09:30-21:30; Sun 10:00-20:00,https://locations.fivebelow.com/ar/north-little-rock/4206-e-mccain-blvd,Arkansas,Five Below,2026-07-16
62111775,2503 West Kingshighway,,Paragould,AR,72450,+18704642645,36.06154025530041,-90.5184418913911,Mon-Sat 09:30-21:30; Sun 10:00-20:00,https://locations.fivebelow.com/ar/paragould/2503-west-kingshighway,Arkansas,Five Below,2026-07-16
2022916344,2203 S Promenade Blvd,Suite 20415,Rogers,AR,72758,+14792701411,36.303879942291154,-94.176337857021,Mon-Sat 09:30-21:30; Sun 10:00-20:00,https://locations.fivebelow.com/ar/rogers/2203-s-promenade-blvd,Arkansas,Five Below,2026-07-16
15213210,3065 East Main Street,,Russellville,AR,72802,+14792442059,35.2804153,-93.0973496,Mon-Sat 09:30-21:30; Sun 10:00-20:00,https://locations.fivebelow.com/ar/russellville/3065-east-main-street,Arkansas,Five Below,2026-07-16
13539169,1321 Janet Street,,Searcy,AR,72143,+15012791460,35.2362679,-91.7081895,Mon-Sat 09:30-21:30; Sun 10:00-20:00,https://locations.fivebelow.com/ar/searcy/1321-janet-street,Arkansas,Five Below,2026-07-16
28049898,9945 W. McDowell Rd.,Ste. 116,Avondale,AZ,85392,+16232648008,33.46329391540358,-112.27643022209016,Mon-Sat 09:30-21:30; Sun 10:00-20:00,https://locations.fivebelow.com/az/avondale/9945-w.-mcdowell-rd.,Arizona,Five Below,2026-07-16
30824343,2150 South Miller Road,,Buckeye,AZ,85326,+16232648002,33.3876336,-112.5922089,Mon-Fri 09:00-20:00; Sat 10:00-20:00; Sun 10:00-19:00,https://locations.fivebelow.com/az/buckeye/2150-south-miller-road,Arizona,Five Below,2026-07-16
1007103750,3699 AZ-95,Suite 620,Bullhead City,AZ,86442,+19283899087,35.051520088067406,-114.59192371750304,Mon-Sat 09:30-21:30; Sun 10:00-20:00,https://locations.fivebelow.com/az/bullhead-city/3699-az-95,Arizona,Five Below,2026-07-16
1080779262,1004 N Promenade Pkwy,Suite 116,Casa Grande,AZ,85194,+15203863361,32.88259148863277,-111.68092326013623,Mon-Sat 09:30-21:30; Sun 10:00-20:00,https://locations.fivebelow.com/az/casa-grande/1004-n-promenade-pkwy,Arizona,Five Below,2026-07-16
97211937,1330 E Florence Blvd,Suite A,Casa Grande,AZ,85122,+15204233580,32.88077126970667,-111.7295145521496,Mon-Sat 09:30-21:30; Sun 10:00-20:00,https://locations.fivebelow.com/az/casa-grande/1330-e-florence-blvd,Arizona,Five Below,2026-07-16
13539466,2600 W Chandler Blvd,Ste 6,Chandler,AZ,85224,+14807269865,33.3075794,-111.885843,Mon-Sat 09:30-21:30; Sun 10:00-20:00,https://locations.fivebelow.com/az/chandler/2600-w-chandler-blvd,Arizona,Five Below,2026-07-16
1017894628,2965 S Alma School Road,Suite#000E,Chandler,AZ,85286,+16023459124,33.26302803867512,-111.85634918643291,Mon-Sat 09:30-21:30; Sun 10:00-20:00,https://locations.fivebelow.com/az/chandler/2965-s-alma-school-road,Arizona,Five Below,2026-07-16
1047114459,4976 Premium Outlets Way,Suite 836A,Chandler,AZ,85226,+14808782087,33.286993314564604,-111.97358321165677,Mon-Thu 10:00-20:00; Fri-Sat 10:00-21:00; Sun 10:00-19:00,https://locations.fivebelow.com/az/chandler/4976-premium-outlets-way,Arizona,Five Below,2026-07-16
1017894661,775 S. Cotton Lane,,GOODYEAR,AZ,85338,+16233036437,33.439543664349486,-112.4215995877142,Mon-Sat 09:30-21:30; Sun 10:00-20:00,https://locations.fivebelow.com/az/goodyear/775-s.-cotton-lane,Arizona,Five Below,2026-07-16
17792927,1093 E Baseline Road,,Gilbert,AZ,85233,+14806908931,33.37747781506872,-111.80959542709026,Mon-Sat 09:30-21:30; Sun 10:00-20:00,https://locations.fivebelow.com/az/gilbert/1093-e-baseline-road,Arizona,Five Below,2026-07-16
62111781,3763 S Gilbert Rd,,Gilbert,AZ,85297,+15202318026,33.281884691722716,-111.78712340628898,Mon-Sat 09:30-21:30; Sun 10:00-20:00,https://locations.fivebelow.com/az/gilbert/3763-s-gilbert-rd,Arizona,Five Below,2026-07-16
16077010,9420 W Northern Ave,Suite 101,Glendale,AZ,85305,+16232449546,33.55440657617241,-112.26148813185978,Mon-Sat 09:30-21:30; Sun 10:00-20:00,https://locations.fivebelow.com/az/glendale/9420-w-northern-ave,Arizona,Five Below,2026-07-16
22194289,1442 N Litchfield Rd,,Goodyear,AZ,85395,+16232646468,33.46319060171372,-112.36128975092562,Mon-Sat 09:30-21:30; Sun 10:00-20:00,https://locations.fivebelow.com/az/goodyear/1442-n-litchfield-rd,Arizona,Five Below,2026-07-16
1017894662,1036 E Southern Ave,Suite M118,Mesa,AZ,85204,+14805716853,33.39468951356628,-111.80880811843738,Mon-Sat 09:30-21:30; Sun 10:00-20:00,https://locations.fivebelow.com/az/mesa/1036-e-southern-ave,Arizona,Five Below,2026-07-16
16664969,1866 S Signal Butte Rd,,Mesa,AZ,85209,+14806908686,33.3808453,-111.6025417,Mon-Sat 09:30-21:30; Sun 10:00-20:00,https://locations.fivebelow.com/az/mesa/1866-s-signal-butte-rd,Arizona,Five Below,2026-07-16
1004710856,290 West Mariposa Road,,Nogales,AZ,85621,+15204873664,31.368666931133795,-110.93557005954399,Mon-Sat 09:30-21:30; Sun 10:00-20:00,https://locations.fivebelow.com/az/nogales/290-west-mariposa-road,Arizona,Five Below,2026-07-16
26828059,10571 N Oracle Road,Suite 102,Oro Valley,AZ,85737,+15203373362,32.39947055267897,-110.95943327479644,Mon-Sat 09:30-21:30; Sun 10:00-20:00,https://locations.fivebelow.com/az/oro-valley/10571-n-oracle-road,Arizona,Five Below,2026-07-16
22194288,10092 W Happy Valley Pkwy,,Peoria,AZ,85383,+16232646325,33.71422266444917,-112.27663373311788,Mon-Sat 09:30-21:30; Sun 10:00-20:00,https://locations.fivebelow.com/az/peoria/10092-w-happy-valley-pkwy,Arizona,Five Below,2026-07-16
1004710851,7739 W Bell Rd,,Peoria,AZ,85382,+16028780727,33.63701036890689,-112.22532985214959,Mon-Sat 09:30-21:30; Sun 10:00-20:00,https://locations.fivebelow.com/az/peoria/7739-w-bell-rd,Arizona,Five Below,2026-07-16
1035260042,1703 W. Bethany Home Rd.,Suite E14,Phoenix,AZ,85015,+16233036744,33.5221280117422,-112.09445680027771,Mon-Sat 09:30-21:30; Sun 10:00-20:00,https://locations.fivebelow.com/az/phoenix/1703-w.-bethany-home-rd.,Arizona,Five Below,2026-07-16
16077008,1925 E Camelback Road,Unit 134,Phoenix,AZ,85016,+16028578288,33.507601915893275,-112.04129820883219,Mon-Sat 09:30-21:30; Sun 10:00-20:00,https://locations.fivebelow.com/az/phoenix/1925-e-camelback-road,Arizona,Five Below,2026-07-16
13539464,21001 N Tatum Blvd,Suite 64,Phoenix,AZ,85030,+14805429215,33.67858073520203,-111.97242555695705,Mon-Sat 09:30-21:30; Sun 10:00-20:00,https://locations.fivebelow.com/az/phoenix/21001-n-tatum-blvd,Arizona,Five Below,2026-07-16
52444316,2501 W Happy Valley Road,Suite 39,Phoenix,AZ,85085,+16232646767,33.708669287026275,-112.1099860171793,Mon-Sat 09:30-21:30; Sun 10:00-20:00,https://locations.fivebelow.com/az/phoenix/2501-w-happy-valley-road,Arizona,Five Below,2026-07-16
13539351,2782 W Peoria Ave,Suite A,Phoenix,AZ,85029,+16023751725,33.58329687604832,-112.12099411790985,Mon-Sat 09:30-21:30; Sun 10:00-20:00,https://locations.fivebelow.com/az/phoenix/2782-w-peoria-ave,Arizona,Five Below,2026-07-16
52444320,2939 W Agua Fria Fwy,,Phoenix,AZ,85027,+16232646772,33.666247,-112.122414,Mon-Sat 09:30-21:30; Sun 10:00-20:00,https://locations.fivebelow.com/az/phoenix/2939-w-agua-fria-fwy,Arizona,Five Below,2026-07-16
1021146767,3636 W. Glendale Ave,Suite 2,Phoenix,AZ,85051,+16028375364,33.53907320096202,-112.1380860411045,Mon-Sat 09:30-21:30; Sun 10:00-20:00,https://locations.fivebelow.com/az/phoenix/3636-w.-glendale-ave,Arizona,Five Below,2026-07-16
13539352,4523 E. Thomas Rd.,,Phoenix,AZ,85018,+16029551416,33.4766826,-111.9845167,Mon-Sat 09:30-21:30; Sun 10:00-20:00,https://locations.fivebelow.com/az/phoenix/4523-e.-thomas-rd.,Arizona,Five Below,2026-07-16
15213208,4619 E Ray Rd,Suite E3,Phoenix,AZ,85044,+14808779256,33.31838952880501,-111.9835722704537,Mon-Sat 09:30-21:30; Sun 10:00-20:00,https://locations.fivebelow.com/az/phoenix/4619-e-ray-rd,Arizona,Five Below,2026-07-16
2022916357,7515 West Encanto Boulevard,Suite 10,Phoenix,AZ,85035,+14802641512,33.47260641848515,-112.22248654677021,Mon-Sat 09:30-21:30; Sun 10:00-20:00,https://locations.fivebelow.com/az/phoenix/7515-west-encanto-boulevard,Arizona,Five Below,2026-07-16
20321070,16219 N Scottsdale Rd,,Scottsdale,AZ,85254,+14805429473,33.633963530251684,-111.92368130697876,Mon-Sat 09:30-21:30; Sun 10:00-20:00,https://locations.fivebelow.com/az/scottsdale/16219-n-scottsdale-rd,Arizona,Five Below,2026-07-16
62111780,13490 N. Prasada Parkway,,Surprise,AZ,85388,+16232646776,33.608233,-112.4139267,Mon-Sat 09:30-21:30; Sun 10:00-20:00,https://locations.fivebelow.com/az/surprise/13490-n.-prasada-parkway,Arizona,Five Below,2026-07-16
62111774,1110 W Elliot Rd,Ste 101,Tempe,AZ,85284,+14023560390,33.35074268545449,-111.95644116042524,Mon-Sat 09:30-21:30; Sun 10:00-20:00,https://locations.fivebelow.com/az/tempe/1110-w-elliot-rd,Arizona,Five Below,2026-07-16
13539348,1800 E. Rio Salado Pkwy,Ste 160,Tempe,AZ,85288,+14809675826,33.42975746127352,-111.96656844180296,Mon-Sat 09:30-21:30; Sun 10:00-20:00,https://locations.fivebelow.com/az/tempe/1800-e.-rio-salado-pkwy,Arizona,Five Below,2026-07-16
13539471,5000 Arizona Mills Cir.,Ste. 166-A,Tempe,AZ,85282,+14805429225,33.38472401255748,-111.96395051956301,Mon-Thu 10:00-20:00; Fri-Sat 10:00-21:00; Sun 11:00-19:00,https://locations.fivebelow.com/az/tempe/5000-arizona-mills-cir.,Arizona,Five Below,2026-07-16
1053673494,2157 W US-70,#B,Thatcher,AZ,85552,+19282243568,32.83634457195657,-109.73556976962404,Mon-Sat 09:30-21:30; Sun 10:00-20:00,https://locations.fivebelow.com/az/thatcher/2157-w-us-70,Arizona,Five Below,2026-07-16
52444310,9820 W Lower Buckeye Road,Suite 120,Tolleson,AZ,85353,+16232646770,33.42258811627318,-112.26913930335868,Mon-Sat 09:30-21:30; Sun 10:00-20:00,https://locations.fivebelow.com/az/tolleson/9820-w-lower-buckeye-road,Arizona,Five Below,2026-07-16
23400067,1193 W Irvington Rd,,Tucson,AZ,85714,+15202689560,32.15945670678044,-110.98889013558376,Mon-Sat 09:30-21:30; Sun 10:00-20:00,https://locations.fivebelow.com/az/tucson/1193-w-irvington-rd,Arizona,Five Below,2026-07-16
1015790254,605 E. Grant Road,Ste 111,Tucson,AZ,85705,+15205035547,32.251624953172964,-110.96181049448924,Mon-Sat 09:30-21:30; Sun 10:00-20:00,https://locations.fivebelow.com/az/tucson/605-e.-grant-road,Arizona,Five Below,2026-07-16
1047114461,6401 Marana Center Blvd,Space 125B,Tucson,AZ,85742,+15203805054,32.376371767371786,-111.10316152944776,Mon-Sat 10:00-20:00; Sun 11:00-19:00,https://locations.fivebelow.com/az/tucson/6401-marana-center-blvd,Arizona,Five Below,2026-07-16
79588100,1496 Yuma Palms Pkwy,Suite J3,Yuma,AZ,85365,+19282647654,32.7002378000824,-114.60416851439807,Mon-Sat 09:30-21:30; Sun 10:00-20:00,https://locations.fivebelow.com/az/yuma/1496-yuma-palms-pkwy,Arizona,Five Below,2026-07-16
1047114439,2251 S Shore Center,,Alameda,CA,94501,+15109372270,37.75685830777547,-122.25036110077838,Mon-Sat 09:30-21:30; Sun 10:00-20:00,https://locations.fivebelow.com/ca/alameda/2251-s-shore-center,California,Five Below,2026-07-16
13538577,2 South Garfield Avenue,Suite 130,Alhambra,CA,91801,+16265768739,34.09451813416943,-118.12601571163941,Mon-Sat 09:30-21:30; Sun 10:00-20:00,https://locations.fivebelow.com/ca/alhambra/2-south-garfield-avenue,California,Five Below,2026-07-16
13538745,26791 Aliso Creek Road B,,Aliso Viejo,CA,92656,+19496433501,33.5730306,-117.7253394,Mon-Sat 09:30-21:30; Sun 10:00-20:00,https://locations.fivebelow.com/ca/aliso-viejo/26791-aliso-creek-road-b,California,Five Below,2026-07-16
13538580,2226 East Lincoln Avenue,,Anaheim,CA,92806,+17148081974,33.837800743733006,-117.88539285179525,Mon-Sat 09:30-21:30; Sun 10:00-20:00,https://locations.fivebelow.com/ca/anaheim/2226-east-lincoln-avenue,California,Five Below,2026-07-16
13538760,502 N Euclid St,,Anaheim,CA,92801,+16572270950,33.83798095664743,-117.9410994484746,Mon-Sat 09:30-21:30; Sun 10:00-20:00,https://locations.fivebelow.com/ca/anaheim/502-n-euclid-st,California,Five Below,2026-07-16
47940848,5739 Lone Tree Way,,Antioch,CA,94531,+19252550118,37.96341654255245,-121.73970184780949,Mon-Sat 09:30-21:30; Sun 10:00-20:00,https://locations.fivebelow.com/ca/antioch/5739-lone-tree-way,California,Five Below,2026-07-16
1076890490,2721 Calloway Drive,,Bakersfield,CA,93312,+16612138341,35.38449296775647,-119.11205198197979,Mon-Sat 09:30-21:30; Sun 10:00-20:00,https://locations.fivebelow.com/ca/bakersfield/2721-calloway-drive,California,Five Below,2026-07-16
13538629,4310 California Ave,,Bakersfield,CA,93309,+16618520709,35.36922988671215,-119.0507283378883,Mon-Sat 09:30-21:30; Sun 10:00-20:00,https://locations.fivebelow.com/ca/bakersfield/4310-california-ave,California,Five Below,2026-07-16
16796701,1545 E 2nd Street,Suite 200,Beaumont,CA,92223,+19513501435,33.922077683248965,-116.95241662779046,Mon-Sat 09:30-21:30; Sun 10:00-20:00,https://locations.fivebelow.com/ca/beaumont/1545-e-2nd-street,California,Five Below,2026-07-16
13538599,8371 La Palma Avenue,,Buena Park,CA,90620,+17146902958,33.84862018612147,-117.98781907110356,Mon-Sat 09:30-21:30; Sun 10:00-20:00,https://locations.fivebelow.com/ca/buena-park/8371-la-palma-avenue,California,Five Below,2026-07-16
1057552564,500 Ventura Blvd,Suite 1500,Camarillo,CA,93010,+18052292879,34.21440809438093,-119.06876431502018,Mon-Sun 10:00-20:00,https://locations.fivebelow.com/ca/camarillo/500-ventura-blvd,California,Five Below,2026-07-16
1029180208,4734 Manzanita Ave,,Carmichael,CA,95608,+12792797250,38.650552243580826,-121.32568201288012,Mon-Sat 09:30-21:30; Sun 10:00-20:00,https://locations.fivebelow.com/ca/carmichael/4734-manzanita-ave,California,Five Below,2026-07-16
1076890489,1950 E 20th St,Suite I-901,Chico,CA,95928,+15303239279,39.72890585076089,-121.80543128687327,Mon-Sat 09:30-21:30; Sun 10:00-20:00,https://locations.fivebelow.com/ca/chico/1950-e-20th-st,California,Five Below,2026-07-16
1011095239,12059 Central Ave,,Chino,CA,91710,+19094150859,34.03425555889333,-117.68782895965192,Mon-Sat 09:30-21:30; Sun 10:00-20:00,https://locations.fivebelow.com/ca/chino/12059-central-ave,California,Five Below,2026-07-16
52444308,3881 Grand Ave,,Chino,CA,91710,+19092064952,33.99629354064803,-117.71973342114839,Mon-Sat 09:30-21:30; Sun 10:00-20:00,https://locations.fivebelow.com/ca/chino/3881-grand-ave,California,Five Below,2026-07-16
27127427,878 Eastlake Pkwy,Suite 1110,Chula Vista,CA,91914,+16194858118,32.651362,-116.970457,Mon-Sat 09:30-21:30; Sun 10:00-20:00,https://locations.fivebelow.com/ca/chula-vista/878-eastlake-pkwy,California,Five Below,2026-07-16
16196190,7953 Greenback Ln,,Citrus Heights,CA,95610,+19163473297,38.67992752271503,-121.26922003350697,Mon-Sat 09:30-21:30; Sun 10:00-20:00,https://locations.fivebelow.com/ca/citrus-heights/7953-greenback-ln,California,Five Below,2026-07-16
16196187,1245 Herndon Ave,,Clovis,CA,93612,+15592161827,36.83937224051269,-119.69301427116395,Mon-Sat 09:30-21:30; Sun 10:00-20:00,https://locations.fivebelow.com/ca/clovis/1245-herndon-ave,California,Five Below,2026-07-16
2040257740,3706 Shaw Ave,,Clovis,CA,93619,+15595210924,36.8069928,-119.6391824,Mon-Sat 09:30-21:30; Sun 10:00-20:00,https://locations.fivebelow.com/ca/clovis/3706-shaw-ave,California,Five Below,2026-07-16
13538740,1785 Alameda Street,,Compton,CA,90220,+13106350465,33.8759589708564,-118.21876299775994,Mon-Sat 09:30-21:30; Sun 10:00-20:00,https://locations.fivebelow.com/ca/compton/1785-alameda-street,California,Five Below,2026-07-16
33252875,1975 Diamond Blvd,Suite F10,Concord,CA,94520,+19254124294,37.9682152,-122.0561341,Mon-Sat 09:30-21:30; Sun 10:00-20:00,https://locations.fivebelow.com/ca/concord/1975-diamond-blvd,California,Five Below,2026-07-16
2061806997,2415 Tuscany St,Suite 101,Corona,CA,92881,+19515841046,33.82510737961049,-117.52027787041082,Mon-Sat 09:30-21:30; Sun 10:00-20:00,https://locations.fivebelow.com/ca/corona/2415-tuscany-st,California,Five Below,2026-07-16
58795312,390 N McKinley Street,Suite 106,Corona,CA,92879,+19512533852,33.884977976543986,-117.523009182209,Mon-Sat 09:30-21:30; Sun 10:00-20:00,https://locations.fivebelow.com/ca/corona/390-n-mckinley-street,California,Five Below,2026-07-16
16055538,2300 Harbor Blvd,Suite E-1,Costa Mesa,CA,92626,+19495037533,33.6573138,-117.9171566,Mon-Sat 09:30-21:30; Sun 10:00-20:00,https://locations.fivebelow.com/ca/costa-mesa/2300-harbor-blvd,California,Five Below,2026-07-16
1080779256,1265 N Azusa Ave,,Covina,CA,91722,+16265461304,34.10267792656442,-117.90835054703034,Mon-Sat 09:30-21:30; Sun 10:00-20:00,https://locations.fivebelow.com/ca/covina/1265-n-azusa-ave,California,Five Below,2026-07-16
27710697,720 Woollomes Ave,Suite 107,Delano,CA,93215,+17866872147,35.74425061479326,-119.24456819631253,Mon-Sat 09:30-21:30; Sun 10:00-20:00,https://locations.fivebelow.com/ca/delano/720-woollomes-ave,California,Five Below,2026-07-16
1076890498,2202 E El Monte Way,,Dinuba,CA,93618,+15596343104,36.5454971,-119.3722987,Mon-Sat 09:30-21:30; Sun 10:00-20:00,https://locations.fivebelow.com/ca/dinuba/2202-e-el-monte-way,California,Five Below,2026-07-16
13538764,9090 Apollo Way,,Downey,CA,90242,+15624010345,33.9221356,-118.1277655,Mon-Sat 09:30-21:30; Sun 10:00-20:00,https://locations.fivebelow.com/ca/downey/9090-apollo-way,California,Five Below,2026-07-16
1021146755,4860 Dublin Blvd,,Dublin,CA,94568,+19252907796,37.70472159818474,-121.8824719343586,Mon-Sat 09:30-21:30; Sun 10:00-20:00,https://locations.fivebelow.com/ca/dublin/4860-dublin-blvd,California,Five Below,2026-07-16
23400065,335 Parkway Plaza,Suite M20,El Cajon,CA,92020,+16193693757,32.80558838262608,-116.96703908566411,Mon-Sat 09:30-21:30; Sun 10:00-20:00,https://locations.fivebelow.com/ca/el-cajon/335-parkway-plaza,California,Five Below,2026-07-16
1017894624,2220 N Imperial Ave,,El Centro,CA,92243,+17605312303,32.814332076568064,-115.57171930613423,Mon-Sat 09:30-21:30; Sun 10:00-20:00,https://locations.fivebelow.com/ca/el-centro/2220-n-imperial-ave,California,Five Below,2026-07-16
42115916,572 E Danenberg Dr,Suite A,El Centro,CA,92243,+17602492944,32.76816333842673,-115.53161427945545,Mon-Sat 09:30-21:30; Sun 10:00-20:00,https://locations.fivebelow.com/ca/el-centro/572-e-danenberg-dr,California,Five Below,2026-07-16
13538571,10653 Valley Boulevard,,El Monte,CA,91731,+16265828206,34.0776784,-118.0392786,Mon-Sat 09:30-21:30; Sun 10:00-20:00,https://locations.fivebelow.com/ca/el-monte/10653-valley-boulevard,California,Five Below,2026-07-16
22194285,7431 Laguna Blvd,Suite 100,Elk Grove,CA,95758,+19167556186,38.425348931969644,-121.41728443349834,Mon-Sat 09:30-21:30; Sun 10:00-20:00,https://locations.fivebelow.com/ca/elk-grove/7431-laguna-blvd,California,Five Below,2026-07-16
62111778,220 N El Camino Real,,Encinitas,CA,92024,+17602492334,33.050000657797135,-117.26212333278396,Mon-Sat 09:30-21:30; Sun 10:00-20:00,https://locations.fivebelow.com/ca/encinitas/220-n-el-camino-real,California,Five Below,2026-07-16
24355365,1272 Auto Park Way,,Escondido,CA,92029,+17604379039,33.11254716034827,-117.0985221187136,Mon-Sat 09:30-21:30; Sun 10:00-20:00,https://locations.fivebelow.com/ca/escondido/1272-auto-park-way,California,Five Below,2026-07-16
26128929,2775A E Bidwell St,,Folsom,CA,95630,+19162458315,38.652530009852,-121.12585600171451,Mon-Sat 09:30-21:30; Sun 10:00-20:00,https://locations.fivebelow.com/ca/folsom/2775a-e-bidwell-st,California,Five Below,2026-07-16
13538738,15234 Summit Ave,Suite 300,Fontana,CA,92336,+19094634378,34.15268074191949,-117.47419901092425,Mon-Sat 09:30-21:30; Sun 10:00-20:00,https://locations.fivebelow.com/ca/fontana/15234-summit-ave,California,Five Below,2026-07-16
13538739,17084 Slover Avenue,Suite D101,Fontana,CA,92337,+19098291186,34.064236497786446,-117.43246372585597,Mon-Sat 09:30-21:30; Sun 10:00-20:00,https://locations.fivebelow.com/ca/fontana/17084-slover-avenue,California,Five Below,2026-07-16
1007978816,3010 Bridgepointe Pkwy,,Foster City,CA,94404,+16504437761,37.56130718966765,-122.28005123068847,Mon-Sat 09:30-21:30; Sun 10:00-20:00,https://locations.fivebelow.com/ca/foster-city/3010-bridgepointe-pkwy,California,Five Below,2026-07-16
22194290,18309 Brookhurst St,Suite 5,Fountain Valley,CA,92708,+18188629371,33.69629785864135,-117.95570239201338,Mon-Sat 09:30-21:30; Sun 10:00-20:00,https://locations.fivebelow.com/ca/fountain-valley/18309-brookhurst-st,California,Five Below,2026-07-16
63653426,39221 Fremont Hub,,Fremont,CA,94538,+15104705584,37.545456506820344,-121.98662117356974,Mon-Sun 10:00-20:00,https://locations.fivebelow.com/ca/fremont/39221-fremont-hub,California,Five Below,2026-07-16
62111779,43732 Christy St,,Fremont,CA,94538,+15107365376,37.50470548648893,-121.96677442245554,Mon-Sat 09:30-21:30; Sun 10:00-20:00,https://locations.fivebelow.com/ca/fremont/43732-christy-st,California,Five Below,2026-07-16
1083869676,4967 E Cesar Chavez Blvd,,Fresno,CA,93727,+15596343108,36.7374619533567,-119.72986756747645,Mon-Sat 09:30-21:30; Sun 10:00-20:00,https://locations.fivebelow.com/ca/fresno/4967-e-cesar-chavez-blvd,California,Five Below,2026-07-16
13539412,639 East Shaw Ave,Space 107,Fresno,CA,93710,+15594000253,36.80671091842185,-119.77588288822176,Mon-Sat 09:30-21:30; Sun 10:00-20:00,https://locations.fivebelow.com/ca/fresno/639-east-shaw-ave,California,Five Below,2026-07-16
15213215,6467 Riverside Drive,Ste. #112,Fresno,CA,93722,+15595002655,36.8332103,-119.9077943,Mon-Sat 09:30-21:30; Sun 10:00-20:00,https://locations.fivebelow.com/ca/fresno/6467-riverside-drive,California,Five Below,2026-07-16
15213207,7628 North Blackstone Ave.,,Fresno,CA,93720,+15594000692,36.84666702679027,-119.78862064293958,Mon-Sat 09:30-21:30; Sun 10:00-20:00,https://locations.fivebelow.com/ca/fresno/7628-north-blackstone-ave.,California,Five Below,2026-07-16
28049907,1134 S Harbor Blvd,,Fullerton,CA,92832,+16572932665,33.8610778,-117.9226118,Mon-Sat 09:30-21:30; Sun 10:00-20:00,https://locations.fivebelow.com/ca/fullerton/1134-s-harbor-blvd,California,Five Below,2026-07-16
13539420,9921 Chapman Ave,,Garden Grove,CA,92841,+16572222895,33.79016723308027,-117.95977775526967,Mon-Sat 09:30-21:30; Sun 10:00-20:00,https://locations.fivebelow.com/ca/garden-grove/9921-chapman-ave,California,Five Below,2026-07-16
13538574,124 South Brand Boulevard,,Glendale,CA,91204,+18182445864,34.1455184,-118.2545028,Mon-Sat 09:30-21:30; Sun 10:00-20:00,https://locations.fivebelow.com/ca/glendale/124-south-brand-boulevard,California,Five Below,2026-07-16
1021146764,18040 Chatsworth Street,Suite A,Granada Hills,CA,91344,+17472611634,34.26328022745841,-118.52574657288677,Mon-Sat 09:30-21:30; Sun 10:00-20:00,https://locations.fivebelow.com/ca/granada-hills/18040-chatsworth-street,California,Five Below,2026-07-16
1047114458,123 W McKnight Way,,Grass Valley,CA,95949,+15303893798,39.19851360921215,-121.06163417731553,Mon-Sat 09:30-21:30; Sun 10:00-20:00,https://locations.fivebelow.com/ca/grass-valley/123-w-mcknight-way,California,Five Below,2026-07-16
13538737,14350 Ocean Gate Ave,,Hawthorne,CA,90250,+13109788760,33.900799,-118.365989,Mon-Sat 09:30-21:30; Sun 10:00-20:00,https://locations.fivebelow.com/ca/hawthorne/14350-ocean-gate-ave,California,Five Below,2026-07-16
13538620,2999 W Florida Ave,,Hemet,CA,92545,+19512822340,33.745683,-117.003318,Mon-Sat 09:30-21:30; Sun 10:00-20:00,https://locations.fivebelow.com/ca/hemet/2999-w-florida-ave,California,Five Below,2026-07-16
1011095223,1100 North Pacific Coast Highway,Unit 9,Hermosa Beach,CA,90254,+14242944952,33.86345900301714,-118.39214884645415,Mon-Sat 09:30-21:30; Sun 10:00-20:00,https://locations.fivebelow.com/ca/hermosa-beach/1100-north-pacific-coast-highway,California,Five Below,2026-07-16
2040253762,7600 S Alameda St.,,Huntington Park,CA,90255,+12136956114,33.97146986718885,-118.23287712270182,Mon-Sat 09:30-21:30; Sun 10:00-20:00,https://locations.fivebelow.com/ca/huntington-park/7600-s-alameda-st.,California,Five Below,2026-07-16
14692759,42300 Jackson St,,Indio,CA,92203,+17602275120,33.73715359254365,-116.21286640312582,Mon-Sat 09:30-21:30; Sun 10:00-20:00,https://locations.fivebelow.com/ca/indio/42300-jackson-st,California,Five Below,2026-07-16
1080779270,7840 Limonite Ave,Suite 106,Jurupa Valley,CA,92509,+19515831429,33.97717897307911,-117.45508820347416,Mon-Sat 09:30-21:30; Sun 10:00-20:00,https://locations.fivebelow.com/ca/jurupa-valley/7840-limonite-ave,California,Five Below,2026-07-16
1057552565,8137 Mission Boulevard,,Jurupa Valley,CA,92509,+19514412239,34.0118024,-117.4609755,Mon-Sat 09:30-21:30; Sun 10:00-20:00,https://locations.fivebelow.com/ca/jurupa-valley/8137-mission-boulevard,California,Five Below,2026-07-16
22194284,1326 S Beach Blvd,Suite B,La Habra,CA,90631,+15624186398,33.91545229798958,-117.96602274473699,Mon-Sat 09:30-21:30; Sun 10:00-20:00,https://locations.fivebelow.com/ca/la-habra/1326-s-beach-blvd,California,Five Below,2026-07-16
1094544180,15743 Imperial Hwy,,La Mirada,CA,90638,+15625734817,33.918407666898034,-117.99584768956663,Mon-Sat 09:30-21:30; Sun 10:00-20:00,https://locations.fivebelow.com/ca/la-mirada/15743-imperial-hwy,California,Five Below,2026-07-16
1076890509,78-730 CA-111,,La Quinta,CA,92253,+17602997072,33.7172083,-116.2961767,Mon-Sat 09:30-21:30; Sun 10:00-20:00,https://locations.fivebelow.com/ca/la-quinta/78-730-ca-111,California,Five Below,2026-07-16
13538583,2444 Foothill Boulevard,,La Verne,CA,91750,+19093927896,34.1099421,-117.7603738,Mon-Sat 09:30-21:30; Sun 10:00-20:00,https://locations.fivebelow.com/ca/la-verne/2444-foothill-boulevard,California,Five Below,2026-07-16
63653440,27582 Antonio Pkwy,,Ladera Ranch,CA,92694,+19493735963,33.5624100470478,-117.6279298347537,Mon-Sat 09:30-21:30; Sun 10:00-20:00,https://locations.fivebelow.com/ca/ladera-ranch/27582-antonio-pkwy,California,Five Below,2026-07-16
13538741,18438 Collier Avenue,,Lake Elsinore,CA,92530,+19512459877,33.69016,-117.337506,Mon-Sat 09:30-21:30; Sun 10:00-20:00,https://locations.fivebelow.com/ca/lake-elsinore/18438-collier-avenue,California,Five Below,2026-07-16
26128924,23620 El Toro Road,Unit M4,Lake Forest,CA,92630,+19492293795,33.61806199040978,-117.70095412020991,Mon-Sat 09:30-21:30; Sun 10:00-20:00,https://locations.fivebelow.com/ca/lake-forest/23620-el-toro-road,California,Five Below,2026-07-16
13538754,44426 Valley Central Way,,Lancaster,CA,93536,+16617230451,34.69089083787976,-118.17113609325406,Mon-Sat 09:30-21:30; Sun 10:00-20:00,https://locations.fivebelow.com/ca/lancaster/44426-valley-central-way,California,Five Below,2026-07-16
1029180200,2350 W Kettleman Ln,Suite 130,Lodi,CA,95242,+12096900366,38.11296459596906,-121.30308866266677,Mon-Sat 09:30-21:30; Sun 10:00-20:00,https://locations.fivebelow.com/ca/lodi/2350-w-kettleman-ln,California,Five Below,2026-07-16
13538590,613 N H Street,,Lompoc,CA,93436,+18057353249,34.64825217383913,-120.45912099999998,Mon-Sat 09:30-21:30; Sun 10:00-20:00,https://locations.fivebelow.com/ca/lompoc/613-n-h-street,California,Five Below,2026-07-16
1076890510,20 The Paseo,,Long Beach,CA,90802,+15625734498,33.76485749497067,-118.19312643657614,Mon-Sun 10:00-19:00,https://locations.fivebelow.com/ca/long-beach/20-the-paseo,California,Five Below,2026-07-16
50492724,5545 E Stearns Street,,Long Beach,CA,90815,+15623141346,33.7965232,-118.1235146,Mon-Sat 09:30-21:30; Sun 10:00-20:00,https://locations.fivebelow.com/ca/long-beach/5545-e-stearns-street,California,Five Below,2026-07-16
20321062,5850 S Vermont Ave,Suite C,Los Angeles,CA,90044,+13236422013,33.98725713021775,-118.29006015630739,Mon-Sat 09:30-21:30; Sun 10:00-20:00,https://locations.fivebelow.com/ca/los-angeles/5850-s-vermont-ave,California,Five Below,2026-07-16
1015790278,1321 E Pacheco Blvd,Suite #B,Los Banos,CA,93635,+12095400484,37.0568152,-120.8349022,Mon-Sat 09:30-21:30; Sun 10:00-20:00,https://locations.fivebelow.com/ca/los-banos/1321-e-pacheco-blvd,California,Five Below,2026-07-16
1029180209,125 General Stillwell Drive,,Marina,CA,93933,+18312468616,36.66784251777173,-121.81239618335542,Mon-Sat 09:30-21:30; Sun 10:00-20:00,https://locations.fivebelow.com/ca/marina/125-general-stillwell-drive,California,Five Below,2026-07-16
2026303205,30115 Haun Rd,,Menifee,CA,92584,+19512287329,33.55856108705204,-117.17973125457281,Mon-Sat 09:30-21:30; Sun 10:00-20:00,https://locations.fivebelow.com/ca/menifee/30115-haun-rd,California,Five Below,2026-07-16
2040253746,3162 R St,,Merced,CA,95348,+12095548245,37.3215353,-120.4856621,Mon-Sat 09:30-21:30; Sun 10:00-20:00,https://locations.fivebelow.com/ca/merced/3162-r-st,California,Five Below,2026-07-16
1004710845,1210 Great Mall Dr,,Milpitas,CA,95035,+16693066821,37.414613084796464,-121.89867072470032,Mon-Sat 09:30-21:30; Sun 10:00-20:00,https://locations.fivebelow.com/ca/milpitas/1210-great-mall-dr,California,Five Below,2026-07-16
2026303198,2401 McHenry Avenue,Suite C,Modesto,CA,95350,+12095153652,37.67700394891086,-120.99550405655924,Mon-Sat 09:30-21:30; Sun 10:00-20:00,https://locations.fivebelow.com/ca/modesto/2401-mchenry-avenue,California,Five Below,2026-07-16
1029180203,3250 Dale Road,Suite C,Modesto,CA,95356,+12096900358,37.687143190162686,-121.04943283988115,Mon-Sat 09:30-21:30; Sun 10:00-20:00,https://locations.fivebelow.com/ca/modesto/3250-dale-road,California,Five Below,2026-07-16
2007699959,558 W Huntington Dr,,Monrovia,CA,91016,+16264816579,34.13774610000001,-118.0112305,Mon-Sat 09:30-21:30; Sun 10:00-20:00,https://locations.fivebelow.com/ca/monrovia/558-w-huntington-dr,California,Five Below,2026-07-16
13538589,5427 Moreno Street D,,Montclair,CA,91763,+19093981941,34.087242,-117.6869015,Mon-Sat 09:30-21:30; Sun 10:00-20:00,https://locations.fivebelow.com/ca/montclair/5427-moreno-street-d,California,Five Below,2026-07-16
13538744,2401 Via Campo,,Montebello,CA,90640,+13237282792,34.03214906282213,-118.12138159079643,Mon-Sat 09:30-21:30; Sun 10:00-20:00,https://locations.fivebelow.com/ca/montebello/2401-via-campo,California,Five Below,2026-07-16
27127430,886 W Beverly Blvd,,Montebello,CA,90640,+13237941308,34.018485,-118.107108,Mon-Sat 09:30-21:30; Sun 10:00-20:00,https://locations.fivebelow.com/ca/montebello/886-w-beverly-blvd,California,Five Below,2026-07-16
1047114460,1007 Cochrane Rd,Suite 100,Morgan Hill,CA,95037,+16692665917,37.15452963382842,-121.65197744601537,Mon-Sat 09:30-21:30; Sun 10:00-20:00,https://locations.fivebelow.com/ca/morgan-hill/1007-cochrane-rd,California,Five Below,2026-07-16
13538751,40473 Murrieta Hot Springs Road,Suite E2,Murrieta,CA,92563,+19514610356,33.55850301568422,-117.17969369080731,Mon-Sat 09:30-21:30; Sun 10:00-20:00,https://locations.fivebelow.com/ca/murrieta/40473-murrieta-hot-springs-road,California,Five Below,2026-07-16
1007103749,6130 Laurel Canyon Blvd,Suite 110,North Hollywood,CA,91606,+12135020832,34.182002562809316,-118.3956689875874,Mon-Sat 09:30-21:30; Sun 10:00-20:00,https://locations.fivebelow.com/ca/north-hollywood/6130-laurel-canyon-blvd,California,Five Below,2026-07-16
62111786,19350-A Nordhoff St.,,Northridge,CA,91324,+17472570324,34.23379064924274,-118.55578046696736,Mon-Sat 09:30-21:30; Sun 10:00-20:00,https://locations.fivebelow.com/ca/northridge/19350-a-nordhoff-st.,California,Five Below,2026-07-16
13538578,2154 Vista Way,,Oceanside,CA,92054,+17604352039,33.1827651,-117.3438641,Mon-Sat 09:30-21:30; Sun 10:00-20:00,https://locations.fivebelow.com/ca/oceanside/2154-vista-way,California,Five Below,2026-07-16
20321068,459-09 College Blvd,,Oceanside,CA,92057,+17602279830,33.245440503667375,-117.29307808255672,Mon-Sat 09:30-21:30; Sun 10:00-20:00,https://locations.fivebelow.com/ca/oceanside/459-09-college-blvd,California,Five Below,2026-07-16
13538735,One Mills Circle,Suite 418,Ontario,CA,91764,+19094668272,34.07309141876025,-117.55146373606442,Mon-Thu 10:00-20:00; Fri-Sat 10:00-21:00; Sun 11:00-20:00,https://locations.fivebelow.com/ca/ontario/one-mills-circle,California,Five Below,2026-07-16
13538587,441 W. Esplanade Drive,,Oxnard,CA,93036,+18052788798,34.237357964030004,-119.1794491811753,Mon-Sat 09:30-21:30; Sun 10:00-20:00,https://locations.fivebelow.com/ca/oxnard/441-w.-esplanade-drive,California,Five Below,2026-07-16
92727796,333 Five Cities Drive,Suite 121,PISMO BEACH,CA,93449,+18054753290,35.13530205938276,-120.62759487071463,Mon-Sat 10:00-20:00; Sun 10:00-19:00,https://locations.fivebelow.com/ca/pismo-beach/333-five-cities-drive,California,Five Below,2026-07-16
13538595,72-489 Highway 111,,Palm Desert,CA,92260,+17603406554,33.724449,-116.404254,Mon-Sat 09:30-21:30; Sun 10:00-20:00,https://locations.fivebelow.com/ca/palm-desert/72-489-highway-111,California,Five Below,2026-07-16
13538750,39180 10th Street West,Suite A,Palmdale,CA,93551,+16612259810,34.595215521942634,-118.1451175656987,Mon-Sat 09:30-21:30; Sun 10:00-20:00,https://locations.fivebelow.com/ca/palmdale/39180-10th-street-west,California,Five Below,2026-07-16
13538596,7880 Van Nuys Boulevard,,Panorama City,CA,91402,+18187790314,34.2155714,-118.4461049,Mon-Sat 09:30-21:30; Sun 10:00-20:00,https://locations.fivebelow.com/ca/panorama-city/7880-van-nuys-boulevard,California,Five Below,2026-07-16
1094544165,6606 Clark Rd,,Paradise,CA,95969,+15303893794,39.77589947716214,-121.5916642047206,Mon-Sat 09:30-21:30; Sun 10:00-20:00,https://locations.fivebelow.com/ca/paradise/6606-clark-rd,California,Five Below,2026-07-16
23644856,2169 Theatre Drive,,Paso Robles,CA,93446,+18053099730,35.58561715580428,-120.69704441958841,Mon-Sat 09:30-21:30; Sun 10:00-20:00,https://locations.fivebelow.com/ca/paso-robles/2169-theatre-drive,California,Five Below,2026-07-16
13539406,1688 N Perris Blvd,Ste. E,Perris,CA,92571,+19512277323,33.80219677548553,-117.22839798280336,Mon-Sat 09:30-21:30; Sun 10:00-20:00,https://locations.fivebelow.com/ca/perris/1688-n-perris-blvd,California,Five Below,2026-07-16
1021146757,1355 N McDowell Blvd,,Petaluma,CA,94954,+17074400495,38.27265924713637,-122.66523457607478,Mon-Sat 09:30-21:30; Sun 10:00-20:00,https://locations.fivebelow.com/ca/petaluma/1355-n-mcdowell-blvd,California,Five Below,2026-07-16
1053673492,373 S McDowell Blvd,Suite 10A,Petaluma,CA,94954,+17075093484,38.2489957057196,-122.62179765123871,Mon-Sat 09:30-21:30; Sun 10:00-20:00,https://locations.fivebelow.com/ca/petaluma/373-s-mcdowell-blvd,California,Five Below,2026-07-16
13538763,8850 Washington Blvd,,Pico Rivera,CA,90660,+15622221715,33.9827864,-118.0999428,Mon-Sat 09:30-21:30; Sun 10:00-20:00,https://locations.fivebelow.com/ca/pico-rivera/8850-washington-blvd,California,Five Below,2026-07-16
1094544154,4505 Century Blvd,Suite 100,Pittsburg,CA,94565,+19252987640,38.00758097502235,-121.83765402293301,Mon-Sat 09:30-21:30; Sun 10:00-20:00,https://locations.fivebelow.com/ca/pittsburg/4505-century-blvd,California,Five Below,2026-07-16
2022916356,3902 Missouri Flat Rd,,Placerville,CA,95667,+15303893089,38.71268804018395,-120.84522250552254,Mon-Sat 09:30-21:30; Sun 10:00-20:00,https://locations.fivebelow.com/ca/placerville/3902-missouri-flat-rd,California,Five Below,2026-07-16
1094544152,715 Rio Rancho Road,,Pomona,CA,91766,+19097520654,34.034901747721186,-117.75676527385924,Mon-Sat 09:30-21:30; Sun 10:00-20:00,https://locations.fivebelow.com/ca/pomona/715-rio-rancho-road,California,Five Below,2026-07-16
13538743,19881 Rinaldi Street,,Porter Ranch,CA,91326,+18183603775,34.2773297,-118.5681486,Mon-Sat 09:30-21:30; Sun 10:00-20:00,https://locations.fivebelow.com/ca/porter-ranch/19881-rinaldi-street,California,Five Below,2026-07-16
2007699960,13644 Poway Road,Suite 102,Poway,CA,92064,+18583282106,32.9577458,-117.035641,Mon-Sat 09:30-21:30; Sun 10:00-20:00,https://locations.fivebelow.com/ca/poway/13644-poway-road,California,Five Below,2026-07-16
17477113,10899 Olson Drive,,Rancho Cordova,CA,95670,+19165367507,38.5963284,-121.2841616,Mon-Sat 09:30-21:30; Sun 10:00-20:00,https://locations.fivebelow.com/ca/rancho-cordova/10899-olson-drive,California,Five Below,2026-07-16
13538734,10828 E. Foothill Blvd,Suite 120,Rancho Cucamonga,CA,91730,+19094666809,34.1076258,-117.5684686,Mon-Sat 09:30-21:30; Sun 10:00-20:00,https://locations.fivebelow.com/ca/rancho-cucamonga/10828-e.-foothill-blvd,California,Five Below,2026-07-16
2011111067,4611 Churn Creek Rd,,Redding,CA,96002,+15302314686,40.5413832,-122.3510111,Mon-Sat 09:30-21:30; Sun 10:00-20:00,https://locations.fivebelow.com/ca/redding/4611-churn-creek-rd,California,Five Below,2026-07-16
13538748,27592 W. Lugonia Ave,,Redlands,CA,92374,+19093075732,34.07076464164811,-117.20260567408616,Mon-Sat 09:30-21:30; Sun 10:00-20:00,https://locations.fivebelow.com/ca/redlands/27592-w.-lugonia-ave,California,Five Below,2026-07-16
13538572,1275 West Renaissance Parkway,,Rialto,CA,92376,+19098228036,34.133040853284655,-117.39686664286074,Mon-Sat 09:30-21:30; Sun 10:00-20:00,https://locations.fivebelow.com/ca/rialto/1275-west-renaissance-parkway,California,Five Below,2026-07-16
1004710854,1492 S Riverside Ave,,Rialto,CA,92376,+19092790794,34.0725533,-117.36968,Mon-Sat 09:30-21:30; Sun 10:00-20:00,https://locations.fivebelow.com/ca/rialto/1492-s-riverside-ave,California,Five Below,2026-07-16
2015068688,840 N China Lake Blvd,Suite B,Ridgecrest,CA,93555,+17602275121,35.63582328411339,-117.66811879442945,Mon-Sat 09:30-21:30; Sun 10:00-20:00,https://locations.fivebelow.com/ca/ridgecrest/840-n-china-lake-blvd,California,Five Below,2026-07-16
1017894659,1299 Galleria at Tyler,,Riverside,CA,92503,+19513992631,33.90906560481537,-117.45703640081989,Mon-Sat 09:30-21:30; Sun 10:00-20:00,https://locations.fivebelow.com/ca/riverside/1299-galleria-at-tyler,California,Five Below,2026-07-16
26128926,2800 Campus Pkwy,Suite 101,Riverside,CA,92507,+19512547257,33.93846293756457,-117.28126965447338,Mon-Sat 09:30-21:30; Sun 10:00-20:00,https://locations.fivebelow.com/ca/riverside/2800-campus-pkwy,California,Five Below,2026-07-16
52444314,5108 Commons Drive,Suite 103,Rocklin,CA,95677,+19166100047,38.80364884133727,-121.20897196405721,Mon-Sat 09:30-21:30; Sun 10:00-20:00,https://locations.fivebelow.com/ca/rocklin/5108-commons-drive,California,Five Below,2026-07-16
58795317,28 Peninsula Center,,Rolling Hills Estates,CA,90274,+14242657434,33.774165987373145,-118.37691788887513,Mon-Sat 09:30-21:30; Sun 10:00-20:00,https://locations.fivebelow.com/ca/rolling-hills-estates/28-peninsula-center,California,Five Below,2026-07-16
16077007,1240 Galleria Blvd,Space 100,Roseville,CA,95678,+19165867956,38.774682729386626,-121.26258681945806,Mon-Sat 09:30-21:30; Sun 10:00-20:00,https://locations.fivebelow.com/ca/roseville/1240-galleria-blvd,California,Five Below,2026-07-16
1017894657,17394 Colima Rd,Suite #408,Rowland Heights,CA,91748,+16263170841,33.98989872975414,-117.92739354307422,Mon-Sat 09:30-21:30; Sun 10:00-20:00,https://locations.fivebelow.com/ca/rowland-heights/17394-colima-rd,California,Five Below,2026-07-16
22747240,1874 Arden Way,,Sacramento,CA,95815,+19168393359,38.5959835,-121.4254026,Mon-Sat 09:30-21:30; Sun 10:00-20:00,https://locations.fivebelow.com/ca/sacramento/1874-arden-way,California,Five Below,2026-07-16
16077009,2735-2 Marconi Avenue,,Sacramento,CA,95821,+19163788155,38.6193356,-121.3979347,Mon-Sat 09:30-21:30; Sun 10:00-20:00,https://locations.fivebelow.com/ca/sacramento/2735-2-marconi-avenue,California,Five Below,2026-07-16
16077011,3641 N Freeway Blvd,,Sacramento,CA,95834,+19162600783,38.6410805,-121.4963783,Mon-Sat 09:30-21:30; Sun 10:00-20:00,https://locations.fivebelow.com/ca/sacramento/3641-n-freeway-blvd,California,Five Below,2026-07-16
1053673500,4424 Florin Road,Suite B,Sacramento,CA,95823,+12792267143,38.494302498024595,-121.45402612970815,Mon-Sat 09:30-21:30; Sun 10:00-20:00,https://locations.fivebelow.com/ca/sacramento/4424-florin-road,California,Five Below,2026-07-16
27127429,840 Northridge Mall,,Salinas,CA,93906,+18312011835,36.7210617,-121.6575167,Mon-Sat 09:30-21:30; Sun 10:00-20:00,https://locations.fivebelow.com/ca/salinas/840-northridge-mall,California,Five Below,2026-07-16
1080779261,4060 E Highland Ave,Suite B,San Bernardino,CA,92346,+19096865112,34.137500588571285,-117.19793576337246,Mon-Sat 09:30-21:30; Sun 10:00-20:00,https://locations.fivebelow.com/ca/san-bernardino/4060-e-highland-ave,California,Five Below,2026-07-16
1029180207,4711 Clairemont Dr.,Suite A,San Diego,CA,92117,+18583790357,32.82957083435997,-117.20455773067113,Mon-Sat 09:30-21:30; Sun 10:00-20:00,https://locations.fivebelow.com/ca/san-diego/4711-clairemont-dr.,California,Five Below,2026-07-16
13538598,8138 Mira Mesa Blvd,,San Diego,CA,92126,+18585477542,32.9141781,-117.148686,Mon-Sat 09:30-21:30; Sun 10:00-20:00,https://locations.fivebelow.com/ca/san-diego/8138-mira-mesa-blvd,California,Five Below,2026-07-16
13538762,802 W. Arrow Hwy,,San Dimas,CA,91773,+19093051546,34.10636458202381,-117.82237413444722,Mon-Sat 09:30-21:30; Sun 10:00-20:00,https://locations.fivebelow.com/ca/san-dimas/802-w.-arrow-hwy,California,Five Below,2026-07-16
2015068643,375 N Capitol Ave,Suite 30,San Jose,CA,95133,+14083721274,37.3707571781571,-121.84686823680535,Mon-Sat 09:30-21:30; Sun 10:00-20:00,https://locations.fivebelow.com/ca/san-jose/375-n-capitol-ave,California,Five Below,2026-07-16
52444315,5650 Cottle Rd,Suite 10,San Jose,CA,95123,+16196333206,37.24910513988125,-121.80181234173295,Mon-Sat 09:30-21:30; Sun 10:00-20:00,https://locations.fivebelow.com/ca/san-jose/5650-cottle-rd,California,Five Below,2026-07-16
58795319,271 Madonna Road,Suite B,San Luis Obispo,CA,93405,+18055394821,35.26108382833522,-120.67428405091563,Mon-Sat 09:30-21:30; Sun 10:00-20:00,https://locations.fivebelow.com/ca/san-luis-obispo/271-madonna-road,California,Five Below,2026-07-16
2026303208,157 South Las Posas Road,,San Marcos,CA,92078,+14422081872,33.13911610365541,-117.19033974920288,Mon-Sat 09:30-21:30; Sun 10:00-20:00,https://locations.fivebelow.com/ca/san-marcos/157-south-las-posas-road,California,Five Below,2026-07-16
2022916352,580 Francisco Blvd W,,San Rafael,CA,94901,+14157876468,37.96375859911086,-122.51517389899446,Mon-Sat 09:30-21:30; Sun 10:00-20:00,https://locations.fivebelow.com/ca/san-rafael/580-francisco-blvd-w,California,Five Below,2026-07-16
17792928,3915 Camino de la Plaza,Suite 107,San Ysidro,CA,92173,+16193244638,32.5440215,-117.0472732,Mon-Sat 09:30-21:30; Sun 10:00-20:00,https://locations.fivebelow.com/ca/san-ysidro/3915-camino-de-la-plaza,California,Five Below,2026-07-16
26828058,24355 Magic Mountain Pkwy,,Santa Clarita,CA,91355,+16614938809,34.42072857114658,-118.56043653491975,Mon-Sat 09:30-21:30; Sun 10:00-20:00,https://locations.fivebelow.com/ca/santa-clarita/24355-magic-mountain-pkwy,California,Five Below,2026-07-16
1080779253,13360 Telegraph Rd,,Santa Fe Springs,CA,90670,+15625734550,33.9406667222636,-118.0478202347537,Mon-Sat 09:30-21:30; Sun 10:00-20:00,https://locations.fivebelow.com/ca/santa-fe-springs/13360-telegraph-rd,California,Five Below,2026-07-16
13538582,2342 South Bradley Road,,Santa Maria,CA,93455,+18053453387,34.91712063103958,-120.41991451476281,Mon-Sat 09:30-21:30; Sun 10:00-20:00,https://locations.fivebelow.com/ca/santa-maria/2342-south-bradley-road,California,Five Below,2026-07-16
26128927,9934 Mission Gorge Road,,Santee,CA,92071,+16193692876,32.8393444,-116.9799992,Mon-Sat 09:30-21:30; Sun 10:00-20:00,https://locations.fivebelow.com/ca/santee/9934-mission-gorge-road,California,Five Below,2026-07-16
13538579,1555 Simi Town Center Way,#582,Simi Valley,CA,93065,+18055797064,34.284273508291115,-118.77074139320203,Mon-Sat 09:30-21:30; Sun 10:00-20:00,https://locations.fivebelow.com/ca/simi-valley/1555-simi-town-center-way,California,Five Below,2026-07-16
13538755,4849 Firestone Boulevard,,South Gate,CA,90280,+13235642720,33.953530628016644,-118.18504499694563,Mon-Sat 09:30-21:30; Sun 10:00-20:00,https://locations.fivebelow.com/ca/south-gate/4849-firestone-boulevard,California,Five Below,2026-07-16
2011111068,1052 Emerald Bay Rd,,South Lake Tahoe,CA,96150,+15304640575,38.9106476,-120.0032068,Mon-Sat 09:30-21:30; Sun 10:00-20:00,https://locations.fivebelow.com/ca/south-lake-tahoe/1052-emerald-bay-rd,California,Five Below,2026-07-16
13538584,25670 The Old Rd,,Stevenson Ranch,CA,91381,+16612911501,34.3882691,-118.5713356,Mon-Sat 09:30-21:30; Sun 10:00-20:00,https://locations.fivebelow.com/ca/stevenson-ranch/25670-the-old-rd,California,Five Below,2026-07-16
15648430,10644 Trinity Parkway,,Stockton,CA,95219,+12093407327,38.0534474,-121.3728493,Mon-Sat 09:30-21:30; Sun 10:00-20:00,https://locations.fivebelow.com/ca/stockton/10644-trinity-parkway,California,Five Below,2026-07-16
97211938,4950 Pacific Ave,Suite 445,Stockton,CA,95207,+12094900344,37.99415533079178,-121.31199930917532,Mon-Sat 09:30-21:30; Sun 10:00-20:00,https://locations.fivebelow.com/ca/stockton/4950-pacific-ave,California,Five Below,2026-07-16
1015790277,19377 Victory Blvd,,Tarzana,CA,91335,+17472465801,34.187839459191125,-118.5561662582838,Mon-Sat 09:30-21:30; Sun 10:00-20:00,https://locations.fivebelow.com/ca/tarzana/19377-victory-blvd,California,Five Below,2026-07-16
58795320,31781 Temecula Pkwy,suite 100,Temecula,CA,92592,+19512533290,33.47740271696612,-117.10270715791931,Mon-Sat 09:30-21:30; Sun 10:00-20:00,https://locations.fivebelow.com/ca/temecula/31781-temecula-pkwy,California,Five Below,2026-07-16
2026303207,40820 Winchester Rd,Unit 1915,Temecula,CA,92591,+19512287336,33.525879475986,-117.15348630423607,Mon-Thu 10:00-20:00; Fri-Sat 10:00-21:00; Sun 11:00-18:00,https://locations.fivebelow.com/ca/temecula/40820-winchester-rd,California,Five Below,2026-07-16
28049906,179 N Moorpark Rd,Suite B,Thousand Oaks,CA,91360,+18056189841,34.182265,-118.8775842,Mon-Sat 09:30-21:30; Sun 10:00-20:00,https://locations.fivebelow.com/ca/thousand-oaks/179-n-moorpark-rd,California,Five Below,2026-07-16
2026303192,2715 Teller Rd,,Thousand Oaks,CA,91320,+18054758551,34.1908635656449,-118.93417867427617,Mon-Sat 09:30-21:30; Sun 10:00-20:00,https://locations.fivebelow.com/ca/thousand-oaks/2715-teller-rd,California,Five Below,2026-07-16
2026303193,19670 Hawthorne Boulevard,Suites A & B,Torrance,CA,90503,+14243893236,33.852806065464094,-118.3531521768375,Mon-Sat 09:30-21:30; Sun 10:00-20:00,https://locations.fivebelow.com/ca/torrance/19670-hawthorne-boulevard,California,Five Below,2026-07-16
24825796,2901 Countryside Drive,,Turlock,CA,95380,+12094262391,37.51932046664761,-120.88129047368506,Mon-Sat 09:30-21:30; Sun 10:00-20:00,https://locations.fivebelow.com/ca/turlock/2901-countryside-drive,California,Five Below,2026-07-16
13538570,1263 E 19th Street,,Upland,CA,91784,+19096089221,34.132413,-117.6337143,Mon-Sat 09:30-21:30; Sun 10:00-20:00,https://locations.fivebelow.com/ca/upland/1263-e-19th-street,California,Five Below,2026-07-16
26128930,1621 E Monte Vista Ave,Suite C-200,Vacaville,CA,95688,+17072677386,38.367743345879354,-121.9649442489359,Mon-Sat 09:30-21:30; Sun 10:00-20:00,https://locations.fivebelow.com/ca/vacaville/1621-e-monte-vista-ave,California,Five Below,2026-07-16
62111771,129 Plaza Drive,,Vallejo,CA,94591,+17078829831,38.13232221839214,-122.22067119707333,Mon-Sat 09:30-21:30; Sun 10:00-20:00,https://locations.fivebelow.com/ca/vallejo/129-plaza-drive,California,Five Below,2026-07-16
28049893,4900 Telephone Rd,,Ventura,CA,93003,+18056189836,34.2610415,-119.2263575,Mon-Sat 09:30-21:30; Sun 10:00-20:00,https://locations.fivebelow.com/ca/ventura/4900-telephone-rd,California,Five Below,2026-07-16
1094544164,17180-G Bear Valley Rd,,Victorville,CA,92395,+17605381270,34.472208359280316,-117.28783000196681,Mon-Sat 09:30-21:30; Sun 10:00-20:00,https://locations.fivebelow.com/ca/victorville/17180-g-bear-valley-rd,California,Five Below,2026-07-16
13538624,3729 South Mooney Boulevard,,Visalia,CA,93277,+15596351130,36.29652158823971,-119.3154942245369,Mon-Sat 09:30-21:30; Sun 10:00-20:00,https://locations.fivebelow.com/ca/visalia/3729-south-mooney-boulevard,California,Five Below,2026-07-16
2027253822,740 W Riggin Ave,,Visalia,CA,93291,+15594055643,36.35642989999999,-119.2993598,Mon-Sat 09:30-21:30; Sun 10:00-20:00,https://locations.fivebelow.com/ca/visalia/740-w-riggin-ave,California,Five Below,2026-07-16
27710695,2700 East Workman Street,Suite B,West Covina,CA,91791,+16266534647,34.075,-117.887487,Mon-Sat 09:30-21:30; Sun 10:00-20:00,https://locations.fivebelow.com/ca/west-covina/2700-east-workman-street,California,Five Below,2026-07-16
88016100,6605 Fallbrook Avenue,,West Hills,CA,91307,+18189374142,34.18935267145175,-118.62442589078998,Mon-Sat 09:30-21:30; Sun 10:00-20:00,https://locations.fivebelow.com/ca/west-hills/6605-fallbrook-avenue,California,Five Below,2026-07-16
14692769,8512-A Painter Ave,,Whittier,CA,90602,+15623192092,33.960467,-118.033781,Mon-Sat 09:30-21:30; Sun 10:00-20:00,https://locations.fivebelow.com/ca/whittier/8512-a-painter-ave,California,Five Below,2026-07-16
2026303194,1386 East Main Street,,Woodland,CA,95776,+15303893086,38.675981444758996,-121.75765372472412,Mon-Sat 09:30-21:30; Sun 10:00-20:00,https://locations.fivebelow.com/ca/woodland/1386-east-main-street,California,Five Below,2026-07-16
52444306,1005 Colusa Ave,,Yuba City,CA,95991,+15302314684,39.1424187,-121.6313005,Mon-Sat 09:30-21:30; Sun 10:00-20:00,https://locations.fivebelow.com/ca/yuba-city/1005-colusa-ave,California,Five Below,2026-07-16
20321051,7390 W. 52nd Ave,Unit B,Arvada,CO,80002,+13035295031,39.78889358293539,-105.07922326693009,Mon-Sat 09:30-21:30; Sun 10:00-20:00,https://locations.fivebelow.com/co/arvada/7390-w.-52nd-ave,Colorado,Five Below,2026-07-16
16196179,14180 E Ellsworth Ave,Suite AOR,Aurora,CO,80012,+17206473396,39.71568254567522,-104.82280772697754,Mon-Sat 09:30-21:30; Sun 10:00-20:00,https://locations.fivebelow.com/co/aurora/14180-e-ellsworth-ave,Colorado,Five Below,2026-07-16
42115914,15600 E Briarwood Cir,Unit A,Aurora,CO,80016,+17207418074,39.591711262268696,-104.806487092615,Mon-Sat 09:30-21:30; Sun 10:00-20:00,https://locations.fivebelow.com/co/aurora/15600-e-briarwood-cir,Colorado,Five Below,2026-07-16
16196181,23901 E. Orchard Rd,Suite C,Aurora,CO,80016,+17206495009,39.60890806641178,-104.70927063817784,Mon-Sat 09:30-21:30; Sun 10:00-20:00,https://locations.fivebelow.com/co/aurora/23901-e.-orchard-rd,Colorado,Five Below,2026-07-16
16196182,2495 S Havana Street,Unit B1,Aurora,CO,80014,+17206473032,39.67270344017353,-104.86668040183505,Mon-Sat 09:30-21:30; Sun 10:00-20:00,https://locations.fivebelow.com/co/aurora/2495-s-havana-street,Colorado,Five Below,2026-07-16
1053673490,51 W Flatiron Crossing Dr,Suite 1122,Broomfield,CO,80021,+17207928191,39.933079852043875,-105.13307059369798,Mon-Sat 10:00-20:00; Sun 11:00-18:00,https://locations.fivebelow.com/co/broomfield/51-w-flatiron-crossing-dr,Colorado,Five Below,2026-07-16
52444305,5650 Allen Way,Suite 110,Castle Rock,CO,80108,+17206083675,39.41523963560846,-104.8634856943651,Mon-Sat 09:30-21:30; Sun 10:00-20:00,https://locations.fivebelow.com/co/castle-rock/5650-allen-way,Colorado,Five Below,2026-07-16
2015068648,6780 S University Blvd,Suite 100,Centennial,CO,80122,+13032175823,39.59343838400655,-104.95885861840266,Mon-Sat 09:30-21:30; Sun 10:00-20:00,https://locations.fivebelow.com/co/centennial/6780-s-university-blvd,Colorado,Five Below,2026-07-16
27710693,1770 E. Woodmen Rd,,Colorado Springs,CO,80920,+17193703377,38.932761,-104.7925353,Mon-Sat 09:30-21:30; Sun 10:00-20:00,https://locations.fivebelow.com/co/colorado-springs/1770-e.-woodmen-rd,Colorado,Five Below,2026-07-16
1011095222,1816 W Uintah St,,Colorado Springs,CO,80904,+17197923123,38.8482204,-104.8484395,Mon-Sat 09:30-21:30; Sun 10:00-20:00,https://locations.fivebelow.com/co/colorado-springs/1816-w-uintah-st,Colorado,Five Below,2026-07-16
1011095234,5637 Barnes Road,,Colorado Springs,CO,80917,+17197923213,38.89250123357768,-104.72259012698363,Mon-Sat 09:30-21:30; Sun 10:00-20:00,https://locations.fivebelow.com/co/colorado-springs/5637-barnes-road,Colorado,Five Below,2026-07-16
63653429,859 N Academy Blvd,,Colorado Springs,CO,80909,+17196024134,38.84561167230374,-104.75535477892446,Mon-Sat 09:30-21:30; Sun 10:00-20:00,https://locations.fivebelow.com/co/colorado-springs/859-n-academy-blvd,Colorado,Five Below,2026-07-16
26828056,2780 S Colorado Blvd,Suite 306-A1,Denver,CO,80222,+17204090641,39.66576829447688,-104.93844008765922,Mon-Sat 09:30-21:30; Sun 10:00-20:00,https://locations.fivebelow.com/co/denver/2780-s-colorado-blvd,Colorado,Five Below,2026-07-16
1047114449,7757 E 36th Ave,,Denver,CO,80238,+17207914632,39.76808504054312,-104.89766782712398,Mon-Sat 09:30-21:30; Sun 10:00-20:00,https://locations.fivebelow.com/co/denver/7757-e-36th-ave,Colorado,Five Below,2026-07-16
1017894625,2924 Council Tree Ave,Suite 106,Fort Collins,CO,80525,+19706702896,40.527372171102456,-105.02388385409117,Mon-Sat 09:30-21:30; Sun 10:00-20:00,https://locations.fivebelow.com/co/fort-collins/2924-council-tree-ave,Colorado,Five Below,2026-07-16
1017894660,4336 S College Ave,,Fort Collins,CO,80525,+19706703830,40.527588654623756,-105.07499439264241,Mon-Sat 09:30-21:30; Sun 10:00-20:00,https://locations.fivebelow.com/co/fort-collins/4336-s-college-ave,Colorado,Five Below,2026-07-16
2011111073,4759 W 29th St,Unit A,Greeley,CO,80634,+19702971729,40.3900417,-104.7584017,Mon-Sat 09:30-21:30; Sun 10:00-20:00,https://locations.fivebelow.com/co/greeley/4759-w-29th-st,Colorado,Five Below,2026-07-16
20321057,14500 W Colfax Ave,Suite 280D,Lakewood,CO,80401,+19548241467,39.731696457034076,-105.15996316919617,Mon-Sat 10:00-20:00; Sun 11:00-18:00,https://locations.fivebelow.com/co/lakewood/14500-w-colfax-ave,Colorado,Five Below,2026-07-16
16196180,98 Wadsworth Blvd,#115,Lakewood,CO,80226,+17206495147,39.71712944347786,-105.07969509568348,Mon-Sat 09:30-21:30; Sun 10:00-20:00,https://locations.fivebelow.com/co/lakewood/98-wadsworth-blvd,Colorado,Five Below,2026-07-16
16196174,8055 W Bowles Avenue,Major A2 - Unit 100,Littleton,CO,80123,+17206494319,39.61123981629762,-105.08882925151765,Mon-Sat 09:30-21:30; Sun 10:00-20:00,https://locations.fivebelow.com/co/littleton/8055-w-bowles-avenue,Colorado,Five Below,2026-07-16
92727799,8680 Park Meadows Center Dr,Suite C,Lone Tree,CO,80124,+17207642343,39.557237466484146,-104.87466105950718,Mon-Sat 09:30-21:30; Sun 10:00-20:00,https://locations.fivebelow.com/co/lone-tree/8680-park-meadows-center-dr,Colorado,Five Below,2026-07-16
1029180220,1240 South Hover Street,Suite 500,Longmont,CO,80501,+17207847857,40.14602933800645,-105.12749238607365,Mon-Sat 09:30-21:30; Sun 10:00-20:00,https://locations.fivebelow.com/co/longmont/1240-south-hover-street,Colorado,Five Below,2026-07-16
47940849,1651 Fall River Dr,,Loveland,CO,80538,+19703448887,40.40960738234168,-105.00756933494671,Mon-Sat 09:30-21:30; Sun 10:00-20:00,https://locations.fivebelow.com/co/loveland/1651-fall-river-dr,Colorado,Five Below,2026-07-16
33252877,407 W. 104th Ave.,,Northglenn,CO,80234,+17204090655,39.88636947125552,-104.9918798281639,Mon-Sat 09:30-21:30; Sun 10:00-20:00,https://locations.fivebelow.com/co/northglenn/407-w.-104th-ave.,Colorado,Five Below,2026-07-16
17477117,11455 S Twenty Mile Road,,Parker,CO,80134,+17206495740,39.5083569,-104.7667281,Mon-Sat 09:30-21:30; Sun 10:00-20:00,https://locations.fivebelow.com/co/parker/11455-s-twenty-mile-road,Colorado,Five Below,2026-07-16
1047114450,5819 N. Elizabeth St,,Pueblo,CO,81008,+17193157420,38.3334719,-104.6207946,Mon-Sat 09:30-21:30; Sun 10:00-20:00,https://locations.fivebelow.com/co/pueblo/5819-n.-elizabeth-st,Colorado,Five Below,2026-07-16
1011095233,3640 River Point Pkwy,Unit A,Sheridan,CO,80110,+17206693283,39.650907351982575,-105.00649210626138,Mon-Sat 09:30-21:30; Sun 10:00-20:00,https://locations.fivebelow.com/co/sheridan/3640-river-point-pkwy,Colorado,Five Below,2026-07-16
97211931,14458 Delaware St.,Suite 650,Westminster,CO,80023,+17202081988,39.95887887768696,-104.98988529873569,Mon-Sat 09:30-21:30; Sun 10:00-20:00,https://locations.fivebelow.com/co/westminster/14458-delaware-st.,Colorado,Five Below,2026-07-16
16196177,9320 Sheridan Boulevard,#100,Westminster,CO,80031,+17206495012,39.86563607703773,-105.05112574492375,Mon-Sat 09:30-21:30; Sun 10:00-20:00,https://locations.fivebelow.com/co/westminster/9320-sheridan-boulevard,Colorado,Five Below,2026-07-16
1047114462,3354 Youngfield Street,Unit 29,Wheat Ridge,CO,80033,+17207924667,39.76391421051463,-105.14185321349183,Mon-Sat 09:30-21:30; Sun 10:00-20:00,https://locations.fivebelow.com/co/wheat-ridge/3354-youngfield-street,Colorado,Five Below,2026-07-16
16196188,283 Cottage Grove Rd,,Bloomfield,CT,06002,+18604068934,41.81574907311786,-72.71284192387643,Mon-Sat 09:30-21:30; Sun 10:00-20:00,https://locations.fivebelow.com/ct/bloomfield/283-cottage-grove-rd,Connecticut,Five Below,2026-07-16
26828064,1025-91 West Main St.,,Branford,CT,06405,+14752750084,41.27443966307371,-72.83194640216459,Mon-Sat 09:30-21:30; Sun 10:00-20:00,https://locations.fivebelow.com/ct/branford/1025-91-west-main-st.,Connecticut,Five Below,2026-07-16
16337520,597 Farmington Ave.,Unit 2,Bristol,CT,06010,+18603339124,41.69193533924083,-72.92360643895948,Mon-Sat 09:30-21:30; Sun 10:00-20:00,https://locations.fivebelow.com/ct/bristol/597-farmington-ave.,Connecticut,Five Below,2026-07-16
33252873,51 Shunpike Road,Suite 01,Cromwell,CT,06416,+18604068694,41.60577679076543,-72.67701404968547,Mon-Sat 09:30-21:30; Sun 10:00-20:00,https://locations.fivebelow.com/ct/cromwell/51-shunpike-road,Connecticut,Five Below,2026-07-16
22747232,1 Padanaram Rd,Store # 1-A,Danbury,CT,06811,+14752532549,41.41342160387651,-73.45627662733087,Mon-Sat 09:30-21:30; Sun 10:00-20:00,https://locations.fivebelow.com/ct/danbury/1-padanaram-rd,Connecticut,Five Below,2026-07-16
63653439,7 Backus Ave,Space 187,Danbury,CT,06810,+14752083025,41.37938356082234,-73.48232177972133,Mon-Thu 10:00-20:00; Fri-Sat 10:00-21:00; Sun 11:00-18:00,https://locations.fivebelow.com/ct/danbury/7-backus-ave,Connecticut,Five Below,2026-07-16
13539364,2141 Killingly Commons Drive,,Dayville,CT,06241,+18607741758,41.83993302241798,-71.88464513128281,Mon-Sat 09:30-21:30; Sun 10:00-20:00,https://locations.fivebelow.com/ct/dayville/2141-killingly-commons-drive,Connecticut,Five Below,2026-07-16
13539331,25 Hazard Avenue,,Enfield,CT,06082,+18602539465,41.99155633310036,-72.58179846816017,Mon-Sat 09:30-21:30; Sun 10:00-20:00,https://locations.fivebelow.com/ct/enfield/25-hazard-avenue,Connecticut,Five Below,2026-07-16
25131120,1600 SE Rd.,,Farmington,CT,06032,+18606063832,41.715715172242334,-72.76421271035001,Mon-Sat 09:30-21:30; Sun 10:00-20:00,https://locations.fivebelow.com/ct/farmington/1600-se-rd.,Connecticut,Five Below,2026-07-16
2027253825,2100 Dixwell Ave,Unit 50,Hamden,CT,06514,+14752244313,41.370681982009124,-72.91895464418029,Mon-Sat 09:30-21:30; Sun 10:00-20:00,https://locations.fivebelow.com/ct/hamden/2100-dixwell-ave,Connecticut,Five Below,2026-07-16
13539361,160 River Road,Suite A-145,Lisbon,CT,06351,+18603760208,41.58484517093121,-71.99291346464275,Mon-Sat 09:30-21:30; Sun 10:00-20:00,https://locations.fivebelow.com/ct/lisbon/160-river-road,Connecticut,Five Below,2026-07-16
13539360,1510 Pleasant Valley Rd,Suite B12,Manchester,CT,06042,+18606441760,41.806665259501194,-72.55794010372406,Mon-Sat 09:30-21:30; Sun 10:00-20:00,https://locations.fivebelow.com/ct/manchester/1510-pleasant-valley-rd,Connecticut,Five Below,2026-07-16
13539369,533 S. Broad Street,Space 2C,Meriden,CT,06450,+12033795018,41.507427742705815,-72.80800473599551,Mon-Sat 09:30-21:30; Sun 10:00-20:00,https://locations.fivebelow.com/ct/meriden/533-s.-broad-street,Connecticut,Five Below,2026-07-16
13539329,1393 Boston Post Rd,,Milford,CT,06460,+12038740736,41.239957287408366,-73.02994123853443,Mon-Sat 09:30-21:30; Sun 10:00-20:00,https://locations.fivebelow.com/ct/milford/1393-boston-post-rd,Connecticut,Five Below,2026-07-16
1026637765,169 Danbury Rd,Suite E2,New Milford,CT,06776,+18604539140,41.54904595133721,-73.4181636926424,Mon-Sat 09:30-21:30; Sun 10:00-20:00,https://locations.fivebelow.com/ct/new-milford/169-danbury-rd,Connecticut,Five Below,2026-07-16
13539391,410 Universal Drive North,#02A,North Haven,CT,06473,+12032390617,41.357108887105746,-72.87302006134223,Mon-Sat 09:30-21:30; Sun 10:00-20:00,https://locations.fivebelow.com/ct/north-haven/410-universal-drive-north,Connecticut,Five Below,2026-07-16
13539396,500 Connecticut Ave,Unit 40,Norwalk,CT,06854,+12032990293,41.09953071199168,-73.4442967877142,Mon-Sat 09:30-21:30; Sun 10:00-20:00,https://locations.fivebelow.com/ct/norwalk/500-connecticut-ave,Connecticut,Five Below,2026-07-16
26128925,665 Boston Post Road,,Old Saybrook,CT,06475,+18602695170,41.2967997,-72.3813507,Mon-Sat 09:30-21:30; Sun 10:00-20:00,https://locations.fivebelow.com/ct/old-saybrook/665-boston-post-road,Connecticut,Five Below,2026-07-16
13539365,248-D New Britain Rd,,Plainville,CT,06062,+18607475378,41.675417715901865,-72.84237393405283,Mon-Sat 09:30-21:30; Sun 10:00-20:00,https://locations.fivebelow.com/ct/plainville/248-d-new-britain-rd,Connecticut,Five Below,2026-07-16
1080779260,874 Bridgeport Ave,,Shelton,CT,06484,+12034900482,41.264114922212094,-73.13101716970661,Mon-Sat 09:30-21:30; Sun 10:00-20:00,https://locations.fivebelow.com/ct/shelton/874-bridgeport-ave,Connecticut,Five Below,2026-07-16
2011111076,724 Queen St,,Southington,CT,06489,+18602552035,41.635979472487,-72.87492219705112,Mon-Sat 09:30-21:30; Sun 10:00-20:00,https://locations.fivebelow.com/ct/southington/724-queen-st,Connecticut,Five Below,2026-07-16
52444319,2321 Summer St,,Stamford,CT,06905,+14752081674,41.068119597059784,-73.54631039707333,Mon-Sat 09:30-21:30; Sun 10:00-20:00,https://locations.fivebelow.com/ct/stamford/2321-summer-st,Connecticut,Five Below,2026-07-16
13539394,100 Hawley Ln,Suite 5,Trumbull,CT,06611,+12033754839,41.23239519735043,-73.15244211298969,Mon-Sat 09:30-21:30; Sun 10:00-20:00,https://locations.fivebelow.com/ct/trumbull/100-hawley-ln,Connecticut,Five Below,2026-07-16
62111789,35 Talcottville Rd,Suite 28,Vernon,CT,06066,+18604304934,41.82848332067837,-72.49833592765144,Mon-Sat 09:30-21:30; Sun 10:00-20:00,https://locations.fivebelow.com/ct/vernon/35-talcottville-rd,Connecticut,Five Below,2026-07-16
1083869677,200 Chase Ave,Unit 1A,Waterbury,CT,06704,+14752522213,41.58184936634649,-73.03056256218807,Mon-Sat 09:30-21:30; Sun 10:00-20:00,https://locations.fivebelow.com/ct/waterbury/200-chase-ave,Connecticut,Five Below,2026-07-16
13539392,245 Union Street,,Waterbury,CT,06706,+12035739373,41.5531833,-73.0324968,Mon-Sat 09:30-21:30; Sun 10:00-20:00,https://locations.fivebelow.com/ct/waterbury/245-union-street,Connecticut,Five Below,2026-07-16
13539339,917 Hartford Turnpike,C2,Waterford,CT,06385,+18604373401,41.382060860474844,-72.14971837439725,Mon-Sat 09:30-21:30; Sun 10:00-20:00,https://locations.fivebelow.com/ct/waterford/917-hartford-turnpike,Connecticut,Five Below,2026-07-16
13539276,2482 Market Street NE,,Washington,DC,20018,+12025264390,38.92180350923632,-76.95377336996273,Mon-Sat 09:30-21:30; Sun 10:00-20:00,https://locations.fivebelow.com/dc/washington/2482-market-street-ne,,Five Below,2026-07-16
13538851,335 West Main Street,,Christiana,DE,19702,+13022667139,39.670067,-75.665582,Mon-Sat 09:30-21:30; Sun 10:00-20:00,https://locations.fivebelow.com/de/christiana/335-west-main-street,Delaware,Five Below,2026-07-16
13538864,1574 North Dupont Highway,Suite 700,Dover,DE,19901,+13027354807,39.19644866816373,-75.55182661848619,Mon-Sat 09:30-21:30; Sun 10:00-20:00,https://locations.fivebelow.com/de/dover/1574-north-dupont-highway,Delaware,Five Below,2026-07-16
2040253771,664 N Dupont Blvd Hwy,,Milford,DE,19963,+13023947897,38.9169048908028,-75.43968102872014,Mon-Sat 09:30-21:30; Sun 10:00-20:00,https://locations.fivebelow.com/de/milford/664-n-dupont-blvd-hwy,Delaware,Five Below,2026-07-16
1083869666,140 Sunset Blvd,,New Castle,DE,19720,+13023087762,39.67027075107962,-75.59789565893018,Mon-Sat 09:30-21:30; Sun 10:00-20:00,https://locations.fivebelow.com/de/new-castle/140-sunset-blvd,Delaware,Five Below,2026-07-16
1080779265,36504 Seaside Outlet Dr,Suite 1200,Rehoboth,DE,19971,+13023088032,38.7188907,-75.1133984,Mon-Sat 09:30-21:30; Sun 10:00-20:00,https://locations.fivebelow.com/de/rehoboth/36504-seaside-outlet-dr,Delaware,Five Below,2026-07-16
13538789,3632 Concord Pike,,Wilmington,DE,19803,+13024783970,39.804249,-75.5501511,Mon-Sat 09:30-21:30; Sun 10:00-20:00,https://locations.fivebelow.com/de/wilmington/3632-concord-pike,Delaware,Five Below,2026-07-16
13538886,4615 Kirkwood Hwy,,Wilmington,DE,19808,+13029998649,39.72352089728025,-75.6613526315432,Mon-Sat 09:30-21:30; Sun 10:00-20:00,https://locations.fivebelow.com/de/wilmington/4615-kirkwood-hwy,Delaware,Five Below,2026-07-16
13538651,380 South State Road 434,,Altamonte Springs,FL,32714,+14073898064,28.6570598,-81.4204635,Mon-Sat 09:30-21:30; Sun 10:00-20:00,https://locations.fivebelow.com/fl/altamonte-springs/380-south-state-road-434,Florida,Five Below,2026-07-16
15213218,2193 E Semoran Blvd,,Apopka,FL,32703,+14075440818,28.675144,-81.470058,Mon-Sat 09:30-21:30; Sun 10:00-20:00,https://locations.fivebelow.com/fl/apopka/2193-e-semoran-blvd,Florida,Five Below,2026-07-16
2011111065,42080 Cypress Pkwy,Suite 6,Babcock Ranch,FL,33982,+12393664914,26.77678475370329,-81.75835124636545,Mon-Sat 09:30-21:30; Sun 10:00-20:00,https://locations.fivebelow.com/fl/babcock-ranch/42080-cypress-pkwy,Florida,Five Below,2026-07-16
92727795,155 East Van Fleet Drive,,Bartow,FL,33830,+18632472993,27.902546563312914,-81.84174952472338,Mon-Sat 09:30-21:30; Sun 10:00-20:00,https://locations.fivebelow.com/fl/bartow/155-east-van-fleet-drive,Florida,Five Below,2026-07-16
13538644,20415 State Road,7B,Boca Raton,FL,33498,+15614882155,26.3716836,-80.2058241,Mon-Sat 09:30-21:30; Sun 10:00-20:00,https://locations.fivebelow.com/fl/boca-raton/20415-state-road,Florida,Five Below,2026-07-16
47940861,368 N. Congress Ave,Unit A,Boynton Beach,FL,33426,+15612953049,26.530276648224373,-80.08887992449596,Mon-Sat 09:30-21:30; Sun 10:00-20:00,https://locations.fivebelow.com/fl/boynton-beach/368-n.-congress-ave,Florida,Five Below,2026-07-16
97211939,7370 Manatee Ave West,Suite 1,Bradenton,FL,34209,+19412312572,27.4961405,-82.6353944,Mon-Sat 09:30-21:30; Sun 10:00-20:00,https://locations.fivebelow.com/fl/bradenton/7370-manatee-ave-west,Florida,Five Below,2026-07-16
13538600,865 Cortez Rd W,,Bradenton,FL,34207,+19417277441,27.4606772,-82.5710317,Mon-Sat 09:30-21:30; Sun 10:00-20:00,https://locations.fivebelow.com/fl/bradenton/865-cortez-rd-w,Florida,Five Below,2026-07-16
1066166826,1907 W Lumsden Rd,,Brandon,FL,33511,+18137232241,27.9230313,-82.3149049,Mon-Sat 09:30-21:30; Sun 10:00-20:00,https://locations.fivebelow.com/fl/brandon/1907-w-lumsden-rd,Florida,Five Below,2026-07-16
13538849,2424 West Brandon Boulevard,Suite C,Brandon,FL,33511,+18136512725,27.9411328,-82.3218269,Mon-Sat 09:30-21:30; Sun 10:00-20:00,https://locations.fivebelow.com/fl/brandon/2424-west-brandon-boulevard,Florida,Five Below,2026-07-16
13538575,12928 Cortez Boulevard,,Brooksville,FL,34613,+13525971595,28.531485,-82.514739,Mon-Sat 09:30-21:30; Sun 10:00-20:00,https://locations.fivebelow.com/fl/brooksville/12928-cortez-boulevard,Florida,Five Below,2026-07-16
13538682,1837 NE Pine Island Rd,,Cape Coral,FL,33909,+12397723122,26.6724713,-81.9347494,Mon-Sat 09:30-21:30; Sun 10:00-20:00,https://locations.fivebelow.com/fl/cape-coral/1837-ne-pine-island-rd,Florida,Five Below,2026-07-16
1043343243,2301 Del Prado Blvd S,Suite 810,Cape Coral,FL,33990,+12393664913,26.610729120665493,-81.93789935203365,Mon-Sat 09:30-21:30; Sun 10:00-20:00,https://locations.fivebelow.com/fl/cape-coral/2301-del-prado-blvd-s,Florida,Five Below,2026-07-16
13538804,1455 S Semoran Blvd,Suite 233,Casselberry,FL,32707,+14076810098,28.626728981396802,-81.31942329366338,Mon-Sat 09:30-21:30; Sun 10:00-20:00,https://locations.fivebelow.com/fl/casselberry/1455-s-semoran-blvd,Florida,Five Below,2026-07-16
13538646,23678 US Highway 19 North,,Clearwater,FL,33765,+17276691612,27.9894717,-82.7321783,Mon-Sat 09:30-21:30; Sun 10:00-20:00,https://locations.fivebelow.com/fl/clearwater/23678-us-highway-19-north,Florida,Five Below,2026-07-16
2022916343,2539 Countryside Boulevard,7A,Clearwater,FL,33761,+17273874680,28.013729717217597,-82.7318396276127,Mon-Sat 09:30-21:30; Sun 10:00-20:00,https://locations.fivebelow.com/fl/clearwater/2539-countryside-boulevard,Florida,Five Below,2026-07-16
25131126,2739 Gulf to Bay Blvd,,Clearwater,FL,33759,+17272825929,27.956948224337406,-82.72472327717624,Mon-Sat 09:30-21:30; Sun 10:00-20:00,https://locations.fivebelow.com/fl/clearwater/2739-gulf-to-bay-blvd,Florida,Five Below,2026-07-16
13538632,5060 East Bay Drive,,Clearwater,FL,33764,+17275311361,27.9179909826407,-82.73395080374678,Mon-Sat 09:30-21:30; Sun 10:00-20:00,https://locations.fivebelow.com/fl/clearwater/5060-east-bay-drive,Florida,Five Below,2026-07-16
1004710848,1297 N University Drive,Suite 1309,Coral Springs,FL,33071,+17543204038,26.24550709891809,-80.25120233558197,Mon-Sat 09:30-21:30; Sun 10:00-20:00,https://locations.fivebelow.com/fl/coral-springs/1297-n-university-drive,Florida,Five Below,2026-07-16
52444323,9188 Wiles Rd,,Coral Springs,FL,33067,+17542020740,26.2858348,-80.2491507,Mon-Sat 09:30-21:30; Sun 10:00-20:00,https://locations.fivebelow.com/fl/coral-springs/9188-wiles-rd,Florida,Five Below,2026-07-16
80226385,2680 S Ferdon Blvd,Suite: 103,Crestview,FL,32536,+18503593595,30.732534222647473,-86.56709368159733,Mon-Sat 09:30-21:30; Sun 10:00-20:00,https://locations.fivebelow.com/fl/crestview/2680-s-ferdon-blvd,Florida,Five Below,2026-07-16
14692752,20505 South Dixie Highway,Space 605,Cutler Bay,FL,33189,+17865241024,25.575423844304837,-80.37024522442098,Mon-Thu 10:00-20:00; Fri-Sat 10:00-21:00; Sun 12:00-18:00,https://locations.fivebelow.com/fl/cutler-bay/20505-south-dixie-highway,Florida,Five Below,2026-07-16
1047114451,12612 US-301,,Dade City,FL,33525,+13523203363,28.34079,-82.186128,Mon-Sat 09:30-21:30; Sun 10:00-20:00,https://locations.fivebelow.com/fl/dade-city/12612-us-301,Florida,Five Below,2026-07-16
13538808,1720 S. Bearing Street,,Dania Beach,FL,33004,+19544170378,26.051748367708353,-80.15838425766822,Mon-Sat 09:30-21:30; Sun 10:00-20:00,https://locations.fivebelow.com/fl/dania-beach/1720-s.-bearing-street,Florida,Five Below,2026-07-16
13539425,1221 Posner Blvd.,,Davenport,FL,33837,+18634014074,28.2243834,-81.6422669,Mon-Sat 09:30-21:30; Sun 10:00-20:00,https://locations.fivebelow.com/fl/davenport/1221-posner-blvd.,Florida,Five Below,2026-07-16
13538615,2292 South University Drive,,Davie,FL,33324,+19544746930,26.093256644845965,-80.24956243338067,Mon-Sat 09:30-21:30; Sun 10:00-20:00,https://locations.fivebelow.com/fl/davie/2292-south-university-drive,Florida,Five Below,2026-07-16
13538674,1115 Cornerstone Boulevard,Unit Q,Daytona Beach,FL,32117,+13862744770,29.21424362242297,-81.09447535563936,Mon-Sat 09:30-21:30; Sun 10:00-20:00,https://locations.fivebelow.com/fl/daytona-beach/1115-cornerstone-boulevard,Florida,Five Below,2026-07-16
26828051,2435 N Atlantic Ave,,Daytona Beach,FL,32118,+13863562258,29.26168576446289,-81.02621801282515,Mon-Sat 09:30-21:30; Sun 10:00-20:00,https://locations.fivebelow.com/fl/daytona-beach/2435-n-atlantic-ave,Florida,Five Below,2026-07-16
2007699961,2500 W International Speedway Blvd,Suite #500,Daytona Beach,FL,32114,+13862065574,29.1800707,-81.0835286,Mon-Sat 09:30-21:30; Sun 10:00-20:00,https://locations.fivebelow.com/fl/daytona-beach/2500-w-international-speedway-blvd,Florida,Five Below,2026-07-16
13538585,3768 W. Hillsboro Blvd,,Deerfield Beach,FL,33442,+19544291936,26.315974425396238,-80.15447194477463,Mon-Sat 09:30-21:30; Sun 10:00-20:00,https://locations.fivebelow.com/fl/deerfield-beach/3768-w.-hillsboro-blvd,Florida,Five Below,2026-07-16
14692763,2701A South Woodland Boulevard,,Deland,FL,32720,+13212738267,28.98026397413571,-81.29869533360579,Mon-Sat 09:30-21:30; Sun 10:00-20:00,https://locations.fivebelow.com/fl/deland/2701a-south-woodland-boulevard,Florida,Five Below,2026-07-16
15213225,4429 Commons Dr E,Suite D-1,Destin,FL,32541,+18503992028,30.39110712798063,-86.43023088919452,Mon-Sat 09:30-21:30; Sun 10:00-20:00,https://locations.fivebelow.com/fl/destin/4429-commons-dr-e,Florida,Five Below,2026-07-16
14692750,10002 Gulf Center Dr,Suite 120,Fort Myers,FL,33913,+12392567460,26.483521816657653,-81.7880522871742,Mon-Sat 09:30-21:30; Sun 10:00-20:00,https://locations.fivebelow.com/fl/fort-myers/10002-gulf-center-dr,Florida,Five Below,2026-07-16
1047114465,13300 S CLEVELAND AVE,Suite 47,Fort Myers,FL,33907,+12393176404,26.547686194341317,-81.87526867610948,Mon-Sat 09:30-21:30; Sun 10:00-20:00,https://locations.fivebelow.com/fl/fort-myers/13300-s-cleveland-ave,Florida,Five Below,2026-07-16
13538655,5005 S Cleveland Avenue,,Fort Myers,FL,33907,+12392751053,26.585944209779484,-81.86964374966811,Mon-Sat 09:30-21:30; Sun 10:00-20:00,https://locations.fivebelow.com/fl/fort-myers/5005-s-cleveland-avenue,Florida,Five Below,2026-07-16
13538896,99 Eglin Parkway NE,Suite 1A,Fort Walton Beach,FL,32548,+18503010169,30.417624949466397,-86.6066677103164,Mon-Sat 09:30-21:30; Sun 10:00-20:00,https://locations.fivebelow.com/fl/fort-walton-beach/99-eglin-parkway-ne,Florida,Five Below,2026-07-16
13539140,2660 W Broward Boulevard,Suite 106,Ft. Lauderdale,FL,33312,+19547972047,26.119192063754056,-80.17644380020985,Mon-Sat 09:30-21:30; Sun 10:00-20:00,https://locations.fivebelow.com/fl/ft.-lauderdale/2660-w-broward-boulevard,Florida,Five Below,2026-07-16
1094544151,959 W State Rd 84,,Ft. Lauderdale,FL,33315,+17543065359,26.093243138143606,-80.15518445973838,Mon-Sat 09:30-21:30; Sun 10:00-20:00,https://locations.fivebelow.com/fl/ft.-lauderdale/959-w-state-rd-84,Florida,Five Below,2026-07-16
17717559,2613 NW 13th St,,Gainesville,FL,32609,+13525454429,29.676162614951494,-82.33771079755326,Mon-Sat 09:30-21:30; Sun 10:00-20:00,https://locations.fivebelow.com/fl/gainesville/2613-nw-13th-st,Florida,Five Below,2026-07-16
13538628,3960 Plaza Boulevard,Suite 30,Gainesville,FL,32608,+13523729347,29.62747804656779,-82.3823897855442,Mon-Sat 09:30-21:30; Sun 10:00-20:00,https://locations.fivebelow.com/fl/gainesville/3960-plaza-boulevard,Florida,Five Below,2026-07-16
28049904,6826 Forest Hill Blvd,,Greenacres,FL,33413,+15615108939,26.65092334357777,-80.15009339940566,Mon-Sat 09:30-21:30; Sun 10:00-20:00,https://locations.fivebelow.com/fl/greenacres/6826-forest-hill-blvd,Florida,Five Below,2026-07-16
13538607,1405 East Hallandale Blvd,,Hallandale,FL,33009,+19544567170,25.987021955864122,-80.1336057916318,Mon-Sat 09:30-21:30; Sun 10:00-20:00,https://locations.fivebelow.com/fl/hallandale/1405-east-hallandale-blvd,Florida,Five Below,2026-07-16
1004710858,3807 West 85th Path,,Hialeah,FL,33018,+17867916707,25.9003553,-80.3602938,Mon-Sat 09:30-21:30; Sun 10:00-20:00,https://locations.fivebelow.com/fl/hialeah/3807-west-85th-path,Florida,Five Below,2026-07-16
28049908,479 W 49th Street,,Hialeah,FL,33012,+17866999765,25.868412282637895,-80.29221436139782,Mon-Sat 09:30-21:30; Sun 10:00-20:00,https://locations.fivebelow.com/fl/hialeah/479-w-49th-street,Florida,Five Below,2026-07-16
20321055,5161 Sheridan St,,Hollywood,FL,33021,+19548241276,26.033536029547147,-80.19586055706044,Mon-Sat 09:30-21:30; Sun 10:00-20:00,https://locations.fivebelow.com/fl/hollywood/5161-sheridan-st,Florida,Five Below,2026-07-16
13538874,2651 NE 10 Ct.,,Homestead,FL,33033,+13052465364,25.47906688757456,-80.43985636574553,Mon-Sat 09:30-21:30; Sun 10:00-20:00,https://locations.fivebelow.com/fl/homestead/2651-ne-10-ct.,Florida,Five Below,2026-07-16
1003547300,8912 State Road 52,,Hudson,FL,34667,+17272558325,28.329829,-82.668552,Mon-Sat 09:30-21:30; Sun 10:00-20:00,https://locations.fivebelow.com/fl/hudson/8912-state-road-52,Florida,Five Below,2026-07-16
22194283,13141 City Station Drive,Suite 103,Jacksonville,FL,32218,+19046710964,30.476030786672023,-81.64190818423984,Mon-Sat 09:30-21:30; Sun 10:00-20:00,https://locations.fivebelow.com/fl/jacksonville/13141-city-station-drive,Florida,Five Below,2026-07-16
13538631,4871-3 Town Center Parkway,,Jacksonville,FL,32246,+19048079453,30.253704521831768,-81.53284702430449,Mon-Sat 09:30-21:30; Sun 10:00-20:00,https://locations.fivebelow.com/fl/jacksonville/4871-3-town-center-parkway,Florida,Five Below,2026-07-16
1035260032,5258-12 Norwood Ave.,,Jacksonville,FL,32208,+19044418076,30.373120180034448,-81.6658999415925,Mon-Sat 09:30-21:30; Sun 10:00-20:00,https://locations.fivebelow.com/fl/jacksonville/5258-12-norwood-ave.,Florida,Five Below,2026-07-16
13538636,6001 Argyle Forest Blvd,Suite 63,Jacksonville,FL,32244,+19047726523,30.19516724349813,-81.74355573392917,Mon-Sat 09:30-21:30; Sun 10:00-20:00,https://locations.fivebelow.com/fl/jacksonville/6001-argyle-forest-blvd,Florida,Five Below,2026-07-16
1017894635,651 Commerce Center Drive,Suite 600,Jacksonville,FL,32225,+19047475889,30.335711394225335,-81.54997700975227,Mon-Sat 09:30-21:30; Sun 10:00-20:00,https://locations.fivebelow.com/fl/jacksonville/651-commerce-center-drive,Florida,Five Below,2026-07-16
20321064,9041 Southside Boulevard,138A,Jacksonville,FL,32256,+19047479047,30.192265857751096,-81.54953138217077,Mon-Sat 09:30-21:30; Sun 10:00-20:00,https://locations.fivebelow.com/fl/jacksonville/9041-southside-boulevard,Florida,Five Below,2026-07-16
25131125,9625 Crosshill Blvd,Suite 105,Jacksonville,FL,32222,+19045828453,30.199201775338775,-81.82785448371999,Mon-Sat 09:30-21:30; Sun 10:00-20:00,https://locations.fivebelow.com/fl/jacksonville/9625-crosshill-blvd,Florida,Five Below,2026-07-16
13538586,3876-2 S. 3rd Street,,Jacksonville Beach,FL,32250,+19042476067,30.2583542,-81.3914636,Mon-Sat 09:30-21:30; Sun 10:00-20:00,https://locations.fivebelow.com/fl/jacksonville-beach/3876-2-s.-3rd-street,Florida,Five Below,2026-07-16
1029180222,4541 66th St N,,Kenneth City,FL,33709,+17275945102,27.8132377,-82.7285074,Mon-Sat 09:30-21:30; Sun 10:00-20:00,https://locations.fivebelow.com/fl/kenneth-city/4541-66th-st-n,Florida,Five Below,2026-07-16
13538648,2781 East Irlo Bronson Memorial Highway,,Kissimmee,FL,34744,+14078462613,28.266395376305667,-81.33094068220902,Mon-Sat 09:30-21:30; Sun 10:00-20:00,https://locations.fivebelow.com/fl/kissimmee/2781-east-irlo-bronson-memorial-highway,Florida,Five Below,2026-07-16
15213224,3204 N John Young Pkwy,,Kissimmee,FL,34741,+14075440865,28.34487,-81.423692,Mon-Sat 09:30-21:30; Sun 10:00-20:00,https://locations.fivebelow.com/fl/kissimmee/3204-n-john-young-pkwy,Florida,Five Below,2026-07-16
13538650,3229 Rolling Oaks Blvd,,Kissimmee,FL,34747,+14072391861,28.3437670455958,-81.61053290879374,Mon-Sat 09:30-21:30; Sun 10:00-20:00,https://locations.fivebelow.com/fl/kissimmee/3229-rolling-oaks-blvd,Florida,Five Below,2026-07-16
13538687,3245 Vineland Road,,Kissimmee,FL,34746,+14074650810,28.3462017,-81.4845226,Mon-Sat 09:30-21:30; Sun 10:00-20:00,https://locations.fivebelow.com/fl/kissimmee/3245-vineland-road,Florida,Five Below,2026-07-16
1035260045,4714 Marigold Ave,,Kissimmee,FL,34758,+13213265461,28.1459367,-81.4711061,Mon-Sat 09:30-21:30; Sun 10:00-20:00,https://locations.fivebelow.com/fl/kissimmee/4714-marigold-ave,Florida,Five Below,2026-07-16
13538591,630 Centerview Blvd,,Kissimmee,FL,34741,+14078461355,28.3394804,-81.4073237,Mon-Sat 09:30-21:30; Sun 10:00-20:00,https://locations.fivebelow.com/fl/kissimmee/630-centerview-blvd,Florida,Five Below,2026-07-16
1047114455,486 US Hwy 27,Suite 441,Lady Lake,FL,32159,+13523203372,28.92934555994353,-81.93123137055225,Mon-Sat 09:30-21:30; Sun 10:00-20:00,https://locations.fivebelow.com/fl/lady-lake/486-us-hwy-27,Florida,Five Below,2026-07-16
13538645,209 NW Hutton Drive,,Lake City,FL,32055,+13867541703,30.180967,-82.667587,Mon-Sat 09:30-21:30; Sun 10:00-20:00,https://locations.fivebelow.com/fl/lake-city/209-nw-hutton-drive,Florida,Five Below,2026-07-16
13538660,6316 Lantana Rd,Space 41,Lake Worth,FL,33463,+15614334794,26.58774205880019,-80.14417271158237,Mon-Sat 09:30-21:30; Sun 10:00-20:00,https://locations.fivebelow.com/fl/lake-worth/6316-lantana-rd,Florida,Five Below,2026-07-16
33252876,3615 S Florida Ave,600,Lakeland,FL,33803,+18632709026,27.998516155200914,-81.96052314293956,Mon-Sat 09:30-21:30; Sun 10:00-20:00,https://locations.fivebelow.com/fl/lakeland/3615-s-florida-ave,Florida,Five Below,2026-07-16
15576976,919 Lakeland Park Center Dr,Suite 350,Lakeland,FL,33809,+18634170995,28.090436722761385,-81.96890403573693,Mon-Sat 09:30-21:30; Sun 10:00-20:00,https://locations.fivebelow.com/fl/lakeland/919-lakeland-park-center-dr,Florida,Five Below,2026-07-16
24355366,21627 Village Lakes Shopping Center Drive,,Land O Lakes,FL,34639,+18135902159,28.190946818830014,-82.45825643953219,Mon-Sat 09:30-21:30; Sun 10:00-20:00,https://locations.fivebelow.com/fl/land-o-lakes/21627-village-lakes-shopping-center-drive,Florida,Five Below,2026-07-16
13538672,10500 Ulmerton Rd,Suite 294,Largo,FL,33771,+17275019415,27.890966313491905,-82.78489436144639,Mon-Sat 09:30-21:30; Sun 10:00-20:00,https://locations.fivebelow.com/fl/largo/10500-ulmerton-rd,Florida,Five Below,2026-07-16
20321063,3245 N State Rd 7,,Lauderdale Lakes,FL,33319,+19548241464,26.16655078598959,-80.2047222909379,Mon-Sat 09:30-21:30; Sun 10:00-20:00,https://locations.fivebelow.com/fl/lauderdale-lakes/3245-n-state-rd-7,Florida,Five Below,2026-07-16
13538916,25593 Sierra Center Blvd,,Lutz,FL,33559,+18139097739,28.19612903715464,-82.39440152149582,Mon-Sat 09:30-21:30; Sun 10:00-20:00,https://locations.fivebelow.com/fl/lutz/25593-sierra-center-blvd,Florida,Five Below,2026-07-16
79588099,3460 NW 62nd Ave,,Margate,FL,33063,+17542803613,26.271395934559877,-80.20403168252611,Mon-Sat 09:30-21:30; Sun 10:00-20:00,https://locations.fivebelow.com/fl/margate/3460-nw-62nd-ave,Florida,Five Below,2026-07-16
23644857,5385 W Atlantic Blvd,,Margate,FL,33063,+19548694720,26.236777,-80.19968659999999,Mon-Sat 09:30-21:30; Sun 10:00-20:00,https://locations.fivebelow.com/fl/margate/5385-w-atlantic-blvd,Florida,Five Below,2026-07-16
13538610,1551 W New Haven Ave,,Melbourne,FL,32904,+13219844148,28.077355129089664,-80.64747932761338,Mon-Sat 09:30-21:30; Sun 10:00-20:00,https://locations.fivebelow.com/fl/melbourne/1551-w-new-haven-ave,Florida,Five Below,2026-07-16
13538846,205 Palm Bay Road NW,#137,Melbourne,FL,32904,+13219569447,28.038724014005357,-80.6659759081972,Mon-Sat 09:30-21:30; Sun 10:00-20:00,https://locations.fivebelow.com/fl/melbourne/205-palm-bay-road-nw,Florida,Five Below,2026-07-16
58795311,4100 N Wickham Rd,Suite 135,Melbourne,FL,32935,+13213000927,28.176041433733637,-80.67388755671695,Mon-Sat 09:30-21:30; Sun 10:00-20:00,https://locations.fivebelow.com/fl/melbourne/4100-n-wickham-rd,Florida,Five Below,2026-07-16
13538594,7171 Lake Andrew Drive,Suite 101,Melbourne,FL,32940,+13216310814,28.236370544552585,-80.72578689814759,Mon-Sat 09:30-21:30; Sun 10:00-20:00,https://locations.fivebelow.com/fl/melbourne/7171-lake-andrew-drive,Florida,Five Below,2026-07-16
1083869687,1450 N Courtenay Pkwy,Suite 27,Merritt Island,FL,32953,+13213667661,28.3829121,-80.7011695,Mon-Sat 09:30-21:30; Sun 10:00-20:00,https://locations.fivebelow.com/fl/merritt-island/1450-n-courtenay-pkwy,Florida,Five Below,2026-07-16
13538833,10600 N Kendall Drive,,Miami,FL,33176,+13052754364,25.6859954,-80.3647596,Mon-Sat 09:30-21:30; Sun 10:00-20:00,https://locations.fivebelow.com/fl/miami/10600-n-kendall-drive,Florida,Five Below,2026-07-16
24355364,11401 NW 12th St,Suite 454,Miami,FL,33172,+17866709825,25.78809619954556,-80.38232014444849,Mon-Sat 10:00-21:00; Sun 10:00-20:00,https://locations.fivebelow.com/fl/miami/11401-nw-12th-st,Florida,Five Below,2026-07-16
1066166835,12955 SW 112th Street,,Miami,FL,33186,+17868091628,25.66413062640699,-80.40574705276126,Mon-Sat 09:30-21:30; Sun 10:00-20:00,https://locations.fivebelow.com/fl/miami/12955-sw-112th-street,Florida,Five Below,2026-07-16
13538841,13611 South Dixie Highway,Suite 101,Miami,FL,33176,+13059719709,25.64257691321838,-80.33253225931959,Mon-Sat 09:30-21:30; Sun 10:00-20:00,https://locations.fivebelow.com/fl/miami/13611-south-dixie-highway,Florida,Five Below,2026-07-16
17717556,1440 NW North River Drive,Suite 245,Miami,FL,33125,+17863053264,25.785642349215482,-80.21967813498763,Mon-Sat 09:30-21:30; Sun 10:00-20:00,https://locations.fivebelow.com/fl/miami/1440-nw-north-river-drive,Florida,Five Below,2026-07-16
13538843,18447 S. Dixie Highway,,Miami,FL,33157,+13052387614,25.5980992,-80.3512781,Mon-Sat 09:30-21:30; Sun 10:00-20:00,https://locations.fivebelow.com/fl/miami/18447-s.-dixie-highway,Florida,Five Below,2026-07-16
13539436,1870 NW 117th Place,,Miami,FL,33182,+17866298588,25.7914413,-80.3891099,Mon-Sat 09:30-21:30; Sun 10:00-20:00,https://locations.fivebelow.com/fl/miami/1870-nw-117th-place,Florida,Five Below,2026-07-16
1083869686,249 NW 6th St,Suite 604,Miami,FL,33136,+17868093368,25.7803127,-80.19857189999999,Mon-Sat 09:30-21:30; Sun 10:00-20:00,https://locations.fivebelow.com/fl/miami/249-nw-6th-st,Florida,Five Below,2026-07-16
1017894641,2750 SW 27th Terrace,Suite 103,Miami,FL,33133,+17867918565,25.7406273,-80.2381712,Mon-Sat 09:30-21:30; Sun 10:00-20:00,https://locations.fivebelow.com/fl/miami/2750-sw-27th-terrace,Florida,Five Below,2026-07-16
1017894672,3301 Coral Way,Suite 202 (mail only),Miami,FL,33145,+17867964080,25.750451000000005,-80.24970330735758,Mon-Sat 09:30-21:30; Sun 10:00-20:00,https://locations.fivebelow.com/fl/miami/3301-coral-way,Florida,Five Below,2026-07-16
25131119,7240 SW 88th St,,Miami,FL,33156,+17866999429,25.687401760480657,-80.31151747530961,Mon-Sat 09:30-21:30; Sun 10:00-20:00,https://locations.fivebelow.com/fl/miami/7240-sw-88th-st,Florida,Five Below,2026-07-16
15213206,7795 West Flagler St,Suite 48,Miami,FL,33144,+17862043746,25.772476866415836,-80.32274023335395,Mon-Sat 10:00-21:00; Sun 10:00-19:00,https://locations.fivebelow.com/fl/miami/7795-west-flagler-st,Florida,Five Below,2026-07-16
16796698,8330 Mills Dr.,,Miami,FL,33183,+17862043598,25.690035,-80.388182,Mon-Sat 09:30-21:30; Sun 10:00-20:00,https://locations.fivebelow.com/fl/miami/8330-mills-dr.,Florida,Five Below,2026-07-16
88016107,850 Ives Dairy Road,T-10,Miami,FL,33179,+17867651949,25.9609041,-80.1874411,Mon-Sat 09:30-21:30; Sun 10:00-20:00,https://locations.fivebelow.com/fl/miami/850-ives-dairy-road,Florida,Five Below,2026-07-16
13538666,8601 Coral Way,,Miami,FL,33155,+13052691032,25.749449057898957,-80.33371376919058,Mon-Sat 09:30-21:30; Sun 10:00-20:00,https://locations.fivebelow.com/fl/miami/8601-coral-way,Florida,Five Below,2026-07-16
1083869667,230 Lincoln Rd,Unit 1,Miami Beach,FL,33139,+17868093316,25.790447076700207,-80.13067209631252,Mon-Sat 09:30-21:30; Sun 10:00-20:00,https://locations.fivebelow.com/fl/miami-beach/230-lincoln-rd,Florida,Five Below,2026-07-16
13538611,17968 NW 27th Avenue,,Miami Gardens,FL,33056,+13056222671,25.938459201758896,-80.24768409937099,Mon-Sat 09:30-21:30; Sun 10:00-20:00,https://locations.fivebelow.com/fl/miami-gardens/17968-nw-27th-avenue,Florida,Five Below,2026-07-16
1066166848,5760 NW 183rd Street,,Miami Gardens,FL,33015,+17868091621,25.93739181203691,-80.29604327055223,Mon-Sat 09:30-21:30; Sun 10:00-20:00,https://locations.fivebelow.com/fl/miami-gardens/5760-nw-183rd-street,Florida,Five Below,2026-07-16
20321046,12591 Miramar Parkway,,Miramar,FL,33027,+12392962717,25.979480380613612,-80.31464423572082,Mon-Sat 09:30-21:30; Sun 10:00-20:00,https://locations.fivebelow.com/fl/miramar/12591-miramar-parkway,Florida,Five Below,2026-07-16
1047114454,1000 Immokalee Rd,Suite 35A,Naples,FL,34110,+12393827356,26.269153965135835,-81.79961984920388,Mon-Sat 09:30-21:30; Sun 10:00-20:00,https://locations.fivebelow.com/fl/naples/1000-immokalee-rd,Florida,Five Below,2026-07-16
13539473,5050 Airport-Pulling Rd,,Naples,FL,34105,+12392567458,26.209168920004668,-81.7668031362457,Mon-Sat 09:30-21:30; Sun 10:00-20:00,https://locations.fivebelow.com/fl/naples/5050-airport-pulling-rd,Florida,Five Below,2026-07-16
2040253749,5205 US Hwy 19,,New Port Richey,FL,34652,+17272051613,28.234836882113747,-82.73009964498735,Mon-Sat 09:30-21:30; Sun 10:00-20:00,https://locations.fivebelow.com/fl/new-port-richey/5205-us-hwy-19,Florida,Five Below,2026-07-16
13538889,8960 Strength Avenue,,New Port Richey,FL,34655,+17276456410,28.2035701,-82.6681208,Mon-Sat 09:30-21:30; Sun 10:00-20:00,https://locations.fivebelow.com/fl/new-port-richey/8960-strength-avenue,Florida,Five Below,2026-07-16
13538573,12195 Biscayne Blvd,,North Miami,FL,33181,+13058926743,25.88827306693537,-80.16254580273858,Mon-Sat 09:30-21:30; Sun 10:00-20:00,https://locations.fivebelow.com/fl/north-miami/12195-biscayne-blvd,Florida,Five Below,2026-07-16
24051884,962 N Miami Beach Blvd,,North Miami Beach,FL,33162,+17862979755,25.9266455,-80.1813102,Mon-Sat 09:30-21:30; Sun 10:00-20:00,https://locations.fivebelow.com/fl/north-miami-beach/962-n-miami-beach-blvd,Florida,Five Below,2026-07-16
13538612,18299 South Tamiami Trail,,North Port,FL,34287,+19414269567,27.036186,-82.2106092,Mon-Sat 09:30-21:30; Sun 10:00-20:00,https://locations.fivebelow.com/fl/north-port/18299-south-tamiami-trail,Florida,Five Below,2026-07-16
13538668,997 E Commercial Blvd,,Oakland Park,FL,33334,+19547729461,26.190973631277313,-80.13486480294569,Mon-Sat 09:30-21:30; Sun 10:00-20:00,https://locations.fivebelow.com/fl/oakland-park/997-e-commercial-blvd,Florida,Five Below,2026-07-16
13538875,2701 SW College Road,Suite 402,Ocala,FL,34474,+13522373813,29.167021835478888,-82.17103643356617,Mon-Sat 09:30-21:30; Sun 10:00-20:00,https://locations.fivebelow.com/fl/ocala/2701-sw-college-road,Florida,Five Below,2026-07-16
13538686,3130 Tampa Road,#2,Oldsmar,FL,34677,+17272632803,28.0514388,-82.7007291,Mon-Sat 09:30-21:30; Sun 10:00-20:00,https://locations.fivebelow.com/fl/oldsmar/3130-tampa-road,Florida,Five Below,2026-07-16
13538893,937 Harley Strickland Blvd.,Unit 300,Orange City,FL,32763,+13868510862,28.918649302124027,-81.28707838773153,Mon-Sat 09:30-21:30; Sun 10:00-20:00,https://locations.fivebelow.com/fl/orange-city/937-harley-strickland-blvd.,Florida,Five Below,2026-07-16
13538902,11613 Regency Village Drive,,Orlando,FL,32821,+14074650246,28.392130038820262,-81.48571403635498,Mon-Sat 09:30-21:30; Sun 10:00-20:00,https://locations.fivebelow.com/fl/orlando/11613-regency-village-drive,Florida,Five Below,2026-07-16
13539461,12339 South Orange Blossom Trail,,Orlando,FL,32837,+13212738264,28.3864501,-81.4024904,Mon-Sat 09:30-21:30; Sun 10:00-20:00,https://locations.fivebelow.com/fl/orlando/12339-south-orange-blossom-trail,Florida,Five Below,2026-07-16
24825795,1886 S Semoran Blvd,,Orlando,FL,32822,+14075508912,28.5210113,-81.3110028,Mon-Sat 09:30-21:30; Sun 10:00-20:00,https://locations.fivebelow.com/fl/orlando/1886-s-semoran-blvd,Florida,Five Below,2026-07-16
13538872,2522-B East Colonial Drive,,Orlando,FL,32803,+14078980881,28.55088813620222,-81.35100054232788,Mon-Sat 09:30-21:30; Sun 10:00-20:00,https://locations.fivebelow.com/fl/orlando/2522-b-east-colonial-drive,Florida,Five Below,2026-07-16
13538625,379 N Alafaya Trail,,Orlando,FL,32828,+14072735678,28.5531213,-81.1996267,Mon-Sat 09:30-21:30; Sun 10:00-20:00,https://locations.fivebelow.com/fl/orlando/379-n-alafaya-trail,Florida,Five Below,2026-07-16
13538719,4649 Millenia Plaza Way,Unit 140,Orlando,FL,32839,+14072488588,28.490732960913277,-81.42918778719084,Mon-Sat 09:30-21:30; Sun 10:00-20:00,https://locations.fivebelow.com/fl/orlando/4649-millenia-plaza-way,Florida,Five Below,2026-07-16
13538588,5295 International Drive,#660,Orlando,FL,32819,+14073635345,28.4666454,-81.4536332,Mon-Sat 09:30-21:30; Sun 10:00-20:00,https://locations.fivebelow.com/fl/orlando/5295-international-drive,Florida,Five Below,2026-07-16
13538593,6625 Eagle Watch Drive,Suite 100,Orlando,FL,32822,+14078576460,28.466273000000005,-81.30395963558198,Mon-Sat 09:30-21:30; Sun 10:00-20:00,https://locations.fivebelow.com/fl/orlando/6625-eagle-watch-drive,Florida,Five Below,2026-07-16
1004710852,6732 Grand National Dr,,Orlando,FL,32819,+16892284620,28.463989431137758,-81.45692722822437,Mon-Sat 09:30-21:30; Sun 10:00-20:00,https://locations.fivebelow.com/fl/orlando/6732-grand-national-dr,Florida,Five Below,2026-07-16
35034664,7603 Turkey Lake Rd,100,Orlando,FL,32819,+16892164113,28.454378,-81.476244,Mon-Sat 09:30-21:30; Sun 10:00-20:00,https://locations.fivebelow.com/fl/orlando/7603-turkey-lake-rd,Florida,Five Below,2026-07-16
30824356,7915 S Orange Blossom Trail,,Orlando,FL,32809,+16892082203,28.451461574128047,-81.3987278493073,Mon-Sat 09:30-21:30; Sun 10:00-20:00,https://locations.fivebelow.com/fl/orlando/7915-s-orange-blossom-trail,Florida,Five Below,2026-07-16
1066166823,1115 Vidina PL,Suite: 171,Oviedo,FL,32765,+13212183845,28.654811987936707,-81.2358254323655,Mon-Sat 09:30-21:30; Sun 10:00-20:00,https://locations.fivebelow.com/fl/oviedo/1115-vidina-pl,Florida,Five Below,2026-07-16
20321069,117 Town and Country Dr,,Palatka,FL,32177,+13862065570,29.6472473,-81.671791,Mon-Sat 09:30-21:30; Sun 10:00-20:00,https://locations.fivebelow.com/fl/palatka/117-town-and-country-dr,Florida,Five Below,2026-07-16
13538627,3926 Northlake Blvd,,Palm Beach Gardens,FL,33403,+15616940759,26.8059804,-80.096674,Mon-Sat 09:30-21:30; Sun 10:00-20:00,https://locations.fivebelow.com/fl/palm-beach-gardens/3926-northlake-blvd,Florida,Five Below,2026-07-16
63653433,250 Palm Coast Pkwy NE,Suite 604,Palm Coast,FL,32137,+13863092915,29.558052683671225,-81.212138190667,Mon-Sat 09:30-21:30; Sun 10:00-20:00,https://locations.fivebelow.com/fl/palm-coast/250-palm-coast-pkwy-ne,Florida,Five Below,2026-07-16
2007699962,3469 S CONGRESS AVE,,Palm Springs,FL,33461,+15617861247,26.6253821,-80.09012249999999,Mon-Sat 09:30-21:30; Sun 10:00-20:00,https://locations.fivebelow.com/fl/palm-springs/3469-s-congress-ave,Florida,Five Below,2026-07-16
15648429,536 Hawkins Ave.,,Panama City,FL,32405,+18503784514,30.2108781,-85.6685143,Mon-Sat 09:30-21:30; Sun 10:00-20:00,https://locations.fivebelow.com/fl/panama-city/536-hawkins-ave.,Florida,Five Below,2026-07-16
13538680,15700 Panama City Beach Parkway,Space 220,Panama City Beach,FL,32413,+18502336186,30.224255010325944,-85.86848098896996,Mon-Sat 09:30-21:30; Sun 10:00-20:00,https://locations.fivebelow.com/fl/panama-city-beach/15700-panama-city-beach-parkway,Florida,Five Below,2026-07-16
63653431,8850 US 301 S,,Parrish,FL,34219,+19412543562,27.54438449,-82.47448836,Mon-Sat 09:30-21:30; Sun 10:00-20:00,https://locations.fivebelow.com/fl/parrish/8850-us-301-s,Florida,Five Below,2026-07-16
13538638,11954 Pines Blvd,,Pembroke Pines,FL,33026,+19548858915,26.00595945351693,-80.3107040936274,Mon-Sat 09:30-21:30; Sun 10:00-20:00,https://locations.fivebelow.com/fl/pembroke-pines/11954-pines-blvd,Florida,Five Below,2026-07-16
13538576,15881 Pines Blvd.,,Pembroke Pines,FL,33027,+19544328853,26.009984,-80.358645,Mon-Sat 09:30-21:30; Sun 10:00-20:00,https://locations.fivebelow.com/fl/pembroke-pines/15881-pines-blvd.,Florida,Five Below,2026-07-16
22747234,450 N University Dr.,,Pembroke Pines,FL,33024,+17542318757,26.012534555666928,-80.25060220919403,Mon-Sat 09:30-21:30; Sun 10:00-20:00,https://locations.fivebelow.com/fl/pembroke-pines/450-n-university-dr.,Florida,Five Below,2026-07-16
13539462,1654 Airport Blvd,Unit #140,Pensacola,FL,32504,+18502999459,30.481359099337823,-87.20750284788517,Mon-Sat 09:30-21:30; Sun 10:00-20:00,https://locations.fivebelow.com/fl/pensacola/1654-airport-blvd,Florida,Five Below,2026-07-16
1094544182,6601 N Davis Hwy,Suite 45,Pensacola,FL,32504,+18506164535,30.4924043643833,-87.22521930001734,Mon-Sat 09:30-21:30; Sun 10:00-20:00,https://locations.fivebelow.com/fl/pensacola/6601-n-davis-hwy,Florida,Five Below,2026-07-16
28049902,7170 US Hwy 19 N.,,Pinellas Park,FL,33781,+17272825979,27.8365844,-82.68509019999999,Mon-Sat 09:30-21:30; Sun 10:00-20:00,https://locations.fivebelow.com/fl/pinellas-park/7170-us-hwy-19-n.,Florida,Five Below,2026-07-16
13538581,223 West Alexander Street,,Plant City,FL,33563,+18137525326,27.987335538669466,-82.12488212980043,Mon-Sat 09:30-21:30; Sun 10:00-20:00,https://locations.fivebelow.com/fl/plant-city/223-west-alexander-street,Florida,Five Below,2026-07-16
58795315,8301 W Sunrise Blvd,,Plantation,FL,33322,+17542025834,26.148905177939717,-80.26250195432483,Mon-Sat 09:30-21:30; Sun 10:00-20:00,https://locations.fivebelow.com/fl/plantation/8301-w-sunrise-blvd,Florida,Five Below,2026-07-16
2018691450,1123 S Federal Hwy,,Pompano Beach,FL,33062,+17543310858,26.2164863890543,-80.106709364995,Mon-Sat 09:30-21:30; Sun 10:00-20:00,https://locations.fivebelow.com/fl/pompano-beach/1123-s-federal-hwy,Florida,Five Below,2026-07-16
26828054,2251 North Federal Hwy,Suite 105,Pompano Beach,FL,33062,+19542892507,26.258695697027463,-80.10203351962606,Mon-Sat 09:30-21:30; Sun 10:00-20:00,https://locations.fivebelow.com/fl/pompano-beach/2251-north-federal-hwy,Florida,Five Below,2026-07-16
2040253748,19400 Cochran Blvd,Suite 135,Port Charlotte,FL,33948,+19412131471,27.009131853313075,-82.13475696895068,Mon-Sat 09:30-21:30; Sun 10:00-20:00,https://locations.fivebelow.com/fl/port-charlotte/19400-cochran-blvd,Florida,Five Below,2026-07-16
26128921,5503 South Williamson Blvd,,Port Orange,FL,32128,+13863562264,29.1086954,-81.03566730000001,Mon-Sat 09:30-21:30; Sun 10:00-20:00,https://locations.fivebelow.com/fl/port-orange/5503-south-williamson-blvd,Florida,Five Below,2026-07-16
13538673,10762 Southwest Village Parkway,,Port St. Lucie,FL,34987,+17722363706,27.2680601,-80.4262946,Mon-Sat 09:30-21:30; Sun 10:00-20:00,https://locations.fivebelow.com/fl/port-st.-lucie/10762-southwest-village-parkway,Florida,Five Below,2026-07-16
35034667,1333 St Lucie W Blvd.,Unit 101,Port St. Lucie,FL,34986,+17722531185,27.3181854,-80.3883942,Mon-Sat 09:30-21:30; Sun 10:00-20:00,https://locations.fivebelow.com/fl/port-st.-lucie/1333-st-lucie-w-blvd.,Florida,Five Below,2026-07-16
13538633,520 North State Rd. 7,,Royal Palm Beach,FL,33411,+15617844077,26.684666,-80.1993837,Mon-Sat 09:30-21:30; Sun 10:00-20:00,https://locations.fivebelow.com/fl/royal-palm-beach/520-north-state-rd.-7,Florida,Five Below,2026-07-16
14692767,675 Durbin Pavilion Drive,Ste 103,Saint Johns,FL,32259,+19042300226,30.095426,-81.520048,Mon-Sat 09:30-21:30; Sun 10:00-20:00,https://locations.fivebelow.com/fl/saint-johns/675-durbin-pavilion-drive,Florida,Five Below,2026-07-16
13538698,6665 22nd Avenue N,,Saint Petersburg,FL,33710,+17273025426,27.7915383,-82.7298124,Mon-Sat 09:30-21:30; Sun 10:00-20:00,https://locations.fivebelow.com/fl/saint-petersburg/6665-22nd-avenue-n,Florida,Five Below,2026-07-16
13538888,7715 9th Street North,,Saint Petersburg,FL,33702,+17272170895,27.843454663739976,-82.64421594783306,Mon-Sat 09:30-21:30; Sun 10:00-20:00,https://locations.fivebelow.com/fl/saint-petersburg/7715-9th-street-north,Florida,Five Below,2026-07-16
13538868,1771 Wp Ball Park Blvd,,Sanford,FL,32771,+14073231096,28.7987163,-81.3333226,Mon-Sat 09:30-21:30; Sun 10:00-20:00,https://locations.fivebelow.com/fl/sanford/1771-wp-ball-park-blvd,Florida,Five Below,2026-07-16
2040253767,3617 S Orlando Dr,,Sanford,FL,32773,+13214191658,28.76131286161177,-81.28247968982701,Mon-Sat 09:30-21:30; Sun 10:00-20:00,https://locations.fivebelow.com/fl/sanford/3617-s-orlando-dr,Florida,Five Below,2026-07-16
1011095235,3800 S Tamiami Trail,Unit 24,Sarasota,FL,34239,+19412792773,27.299797075502877,-82.53134006380634,Mon-Sat 09:30-21:30; Sun 10:00-20:00,https://locations.fivebelow.com/fl/sarasota/3800-s-tamiami-trail,Florida,Five Below,2026-07-16
28049905,1716 US-27 N,,Sebring,FL,33870,+18632258804,27.4981696,-81.4856506,Mon-Sat 09:30-21:30; Sun 10:00-20:00,https://locations.fivebelow.com/fl/sebring/1716-us-27-n,Florida,Five Below,2026-07-16
13538664,7931 113th St. North,,Seminole,FL,33772,+17273190396,27.84469495681864,-82.79251369178644,Mon-Sat 09:30-21:30; Sun 10:00-20:00,https://locations.fivebelow.com/fl/seminole/7931-113th-st.-north,Florida,Five Below,2026-07-16
1021146769,1377 Wendy Court,Suite 150,Spring Hill,FL,34607,+13525078072,28.45448289722422,-82.63284779447747,Mon-Sat 09:30-21:30; Sun 10:00-20:00,https://locations.fivebelow.com/fl/spring-hill/1377-wendy-court,Florida,Five Below,2026-07-16
1017894642,1799 US-1 South,,St. Augustine,FL,32084,+19047475891,29.86832413703144,-81.32516368893756,Mon-Sat 09:30-21:30; Sun 10:00-20:00,https://locations.fivebelow.com/fl/st.-augustine/1799-us-1-south,Florida,Five Below,2026-07-16
1011095224,819 S Walnut St,,Starke,FL,32091,+19045938608,29.937837194520174,-82.11395225643139,Mon-Sat 09:30-21:30; Sun 10:00-20:00,https://locations.fivebelow.com/fl/starke/819-s-walnut-st,Florida,Five Below,2026-07-16
13538616,2321 SE Federal Highway,,Stuart,FL,34994,+17724638323,27.17830026556943,-80.23453379629518,Mon-Sat 09:30-21:30; Sun 10:00-20:00,https://locations.fivebelow.com/fl/stuart/2321-se-federal-highway,Florida,Five Below,2026-07-16
2015068702,2524 NW Federal Hwy,,Stuart,FL,34994,+17725105817,27.23561790437305,-80.2703808778511,Mon-Sat 09:30-21:30; Sun 10:00-20:00,https://locations.fivebelow.com/fl/stuart/2524-nw-federal-hwy,Florida,Five Below,2026-07-16
13538840,12620 W Sunrise Blvd.,,Sunrise,FL,33323,+19548460865,26.1439253803289,-80.31822123409398,Mon-Sat 09:30-21:30; Sun 10:00-20:00,https://locations.fivebelow.com/fl/sunrise/12620-w-sunrise-blvd.,Florida,Five Below,2026-07-16
26828063,12801 W. Sunrise Blvd,Suite 931,Sunrise,FL,33323,+15614895601,26.152982785042585,-80.31770867430747,Mon-Sat 10:00-21:00; Sun 11:00-20:00,https://locations.fivebelow.com/fl/sunrise/12801-w.-sunrise-blvd,Florida,Five Below,2026-07-16
13538677,1544 Governors Square Boulevard,,Tallahassee,FL,32301,+18504020216,30.440874109766373,-84.25747277508742,Mon-Sat 09:30-21:30; Sun 10:00-20:00,https://locations.fivebelow.com/fl/tallahassee/1544-governors-square-boulevard,Florida,Five Below,2026-07-16
1076890513,2020 W Pensacola St,Suite #290,Tallahassee,FL,32304,+18508542107,30.4421089,-84.31853869999999,Mon-Sat 09:30-21:30; Sun 10:00-20:00,https://locations.fivebelow.com/fl/tallahassee/2020-w-pensacola-st,Florida,Five Below,2026-07-16
13538658,5767 N University Dr,,Tamarac,FL,33321,+19547215670,26.19607642350483,-80.25485872883604,Mon-Sat 09:30-21:30; Sun 10:00-20:00,https://locations.fivebelow.com/fl/tamarac/5767-n-university-dr,Florida,Five Below,2026-07-16
13539096,12845 Citrus Plaza Drive,,Tampa,FL,33625,+18139204427,28.064048,-82.5729177,Mon-Sat 09:30-21:30; Sun 10:00-20:00,https://locations.fivebelow.com/fl/tampa/12845-citrus-plaza-drive,Florida,Five Below,2026-07-16
13538606,15003 N Dale Mabry Hwy,,Tampa,FL,33618,+18139621309,28.086442873485034,-82.50286984284662,Mon-Sat 09:30-21:30; Sun 10:00-20:00,https://locations.fivebelow.com/fl/tampa/15003-n-dale-mabry-hwy,Florida,Five Below,2026-07-16
1076890501,2207 E Hillsborough Ave,,Tampa,FL,33610,+16562018712,27.9959547,-82.4344433,Mon-Sat 09:30-21:30; Sun 10:00-20:00,https://locations.fivebelow.com/fl/tampa/2207-e-hillsborough-ave,Florida,Five Below,2026-07-16
1017894636,7863 Palm River Rd,,Tampa,FL,33619,+18137766072,27.94033719378975,-82.36716235017529,Mon-Sat 09:30-21:30; Sun 10:00-20:00,https://locations.fivebelow.com/fl/tampa/7863-palm-river-rd,Florida,Five Below,2026-07-16
1076890514,8519 W Hillsborough Ave,,Tampa,FL,33615,+18137234412,27.9981584,-82.5799887,Mon-Sat 09:30-21:30; Sun 10:00-20:00,https://locations.fivebelow.com/fl/tampa/8519-w-hillsborough-ave,Florida,Five Below,2026-07-16
1029180216,115 N US Highway 1,Unit 115,Tequesta,FL,33469,+15612498646,26.960775944174795,-80.0830252245369,Mon-Sat 09:30-21:30; Sun 10:00-20:00,https://locations.fivebelow.com/fl/tequesta/115-n-us-highway-1,Florida,Five Below,2026-07-16
22747235,3055 Columbia Blvd,104,Titusville,FL,32780,+13214996667,28.551407138522976,-80.84140115817674,Mon-Sat 09:30-21:30; Sun 10:00-20:00,https://locations.fivebelow.com/fl/titusville/3055-columbia-blvd,Florida,Five Below,2026-07-16
13538665,8249 Cooper Creek Blvd,,University Park,FL,34201,+19413518695,27.39251810807841,-82.4514285188626,Mon-Sat 09:30-21:30; Sun 10:00-20:00,https://locations.fivebelow.com/fl/university-park/8249-cooper-creek-blvd,Florida,Five Below,2026-07-16
15648432,1961 SR-60 E,,Valrico,FL,33594,+18135661767,27.93646178599953,-82.25443543831442,Mon-Sat 09:30-21:30; Sun 10:00-20:00,https://locations.fivebelow.com/fl/valrico/1961-sr-60-e,Florida,Five Below,2026-07-16
1021146768,4127 S Tamiami Trl,# 1,Venice,FL,34293,+19412793033,27.051411699212178,-82.3959908218814,Mon-Sat 09:30-21:30; Sun 10:00-20:00,https://locations.fivebelow.com/fl/venice/4127-s-tamiami-trl,Florida,Five Below,2026-07-16
1076890494,1295 US 1,Suite 3,Vero Beach,FL,32960,+17722767361,27.62534007960952,-80.39107354674145,Mon-Sat 09:30-21:30; Sun 10:00-20:00,https://locations.fivebelow.com/fl/vero-beach/1295-us-1,Florida,Five Below,2026-07-16
17717555,5967 20th Street,,Vero Beach,FL,32966,+17722226073,27.636402887069863,-80.45003617429916,Mon-Sat 09:30-21:30; Sun 10:00-20:00,https://locations.fivebelow.com/fl/vero-beach/5967-20th-street,Florida,Five Below,2026-07-16
63653441,6111 Wesley Grove Blvd,,Wesley Chapel,FL,33544,+18137716442,28.246014307632954,-82.35145768543772,Mon-Sat 09:30-21:30; Sun 10:00-20:00,https://locations.fivebelow.com/fl/wesley-chapel/6111-wesley-grove-blvd,Florida,Five Below,2026-07-16
13539134,1875 Palm Beach Lakes Blvd,A07,West Palm Beach,FL,33401,+15616899556,26.7248377963394,-80.09042382209014,Mon-Sat 09:30-21:30; Sun 10:00-20:00,https://locations.fivebelow.com/fl/west-palm-beach/1875-palm-beach-lakes-blvd,Florida,Five Below,2026-07-16
13539437,1951 N Military Trail,Suite B,West Palm Beach,FL,33409,+15614612531,26.705542822663496,-80.11379039896651,Mon-Sat 09:30-21:30; Sun 10:00-20:00,https://locations.fivebelow.com/fl/west-palm-beach/1951-n-military-trail,Florida,Five Below,2026-07-16
1094544167,904 S Military Trail,Building 1,West Palm Beach,FL,33415,+15612796235,26.66423093566133,-80.11317732349882,Mon-Sat 09:30-21:30; Sun 10:00-20:00,https://locations.fivebelow.com/fl/west-palm-beach/904-s-military-trail,Florida,Five Below,2026-07-16
28049903,102 Ruby Red Place,Space C,Winter Garden,FL,34787,+14079653694,28.3800011,-81.6183214,Mon-Sat 09:30-21:30; Sun 10:00-20:00,https://locations.fivebelow.com/fl/winter-garden/102-ruby-red-place,Florida,Five Below,2026-07-16
13538691,501 N Orlando Avenue,Suite 209A,Winter Park,FL,32789,+14076470128,28.60434458555839,-81.36800426131276,Mon-Sat 09:30-21:30; Sun 10:00-20:00,https://locations.fivebelow.com/fl/winter-park/501-n-orlando-avenue,Florida,Five Below,2026-07-16
15213220,1425 Tuskawilla Rd,#215,Winter Springs,FL,32708,+14075444034,28.646245272020003,-81.26483395144396,Mon-Sat 09:30-21:30; Sun 10:00-20:00,https://locations.fivebelow.com/fl/winter-springs/1425-tuskawilla-rd,Florida,Five Below,2026-07-16
13538856,463935 East State Road 200,,Yulee,FL,32097,+19044914960,30.626773535587688,-81.54171049570084,Mon-Sat 09:30-21:30; Sun 10:00-20:00,https://locations.fivebelow.com/fl/yulee/463935-east-state-road-200,Florida,Five Below,2026-07-16
80226379,3384 Cobb Pkwy NW,,Acworth,GA,30101,+17707590857,34.03819809436873,-84.68564526317732,Mon-Sat 09:30-21:30; Sun 10:00-20:00,https://locations.fivebelow.com/ga/acworth/3384-cobb-pkwy-nw,Georgia,Five Below,2026-07-16
15213222,842 N Westover Blvd,,Albany,GA,31707,+12292136148,31.61979057825372,-84.21967499615633,Mon-Sat 09:30-21:30; Sun 10:00-20:00,https://locations.fivebelow.com/ga/albany/842-n-westover-blvd,Georgia,Five Below,2026-07-16
13539322,7591 North Point Parkway,#800,Alpharetta,GA,30022,+17706500677,34.041898674010135,-84.30628132362756,Mon-Sat 09:30-21:30; Sun 10:00-20:00,https://locations.fivebelow.com/ga/alpharetta/7591-north-point-parkway,Georgia,Five Below,2026-07-16
13539303,1791 Oconee Connector,#150,Athens,GA,30606,+17063542987,33.91540393445459,-83.45398749570086,Mon-Sat 09:30-21:30; Sun 10:00-20:00,https://locations.fivebelow.com/ga/athens/1791-oconee-connector,Georgia,Five Below,2026-07-16
23644858,191 Alps Rd,Suite 14,Athens,GA,30606,+17067394184,33.94668083996895,-83.40671448927107,Mon-Sat 09:30-21:30; Sun 10:00-20:00,https://locations.fivebelow.com/ga/athens/191-alps-rd,Georgia,Five Below,2026-07-16
13539295,1155 Mount Vernon Hwy,#750,Atlanta,GA,30338,+17704810425,33.9324853,-84.3492566,Mon-Sat 09:30-21:30; Sun 10:00-20:00,https://locations.fivebelow.com/ga/atlanta/1155-mount-vernon-hwy,Georgia,Five Below,2026-07-16
13539442,2955 Cobb Parkway SE,Suite 308,Atlanta,GA,30339,+16783984192,33.88213484593683,-84.46244725245519,Mon-Sat 09:30-21:30; Sun 10:00-20:00,https://locations.fivebelow.com/ga/atlanta/2955-cobb-parkway-se,Georgia,Five Below,2026-07-16
1015790257,3232 Peachtree Rd,Unit A1,Atlanta,GA,30305,+14705685486,33.84437487466221,-84.37418904494345,Mon-Sat 09:30-21:30; Sun 10:00-20:00,https://locations.fivebelow.com/ga/atlanta/3232-peachtree-rd,Georgia,Five Below,2026-07-16
2022916353,249 Robert C. Daniel Jr. Parkway,,Augusta,GA,30909,+17622572516,33.48846099098486,-82.08183590183751,Mon-Sat 09:30-21:30; Sun 10:00-20:00,https://locations.fivebelow.com/ga/augusta/249-robert-c.-daniel-jr.-parkway,Georgia,Five Below,2026-07-16
1017894645,1355 East-West Connector Ste,Suite 415,Austell,GA,30106,+16785027836,33.856028734581415,-84.59334907179297,Mon-Sat 09:30-21:30; Sun 10:00-20:00,https://locations.fivebelow.com/ga/austell/1355-east-west-connector-ste,Georgia,Five Below,2026-07-16
13538925,916 Loganville Hwy,Suite 1500,Bethlehem,GA,30620,+16783698286,33.94169407605465,-83.7476361645082,Mon-Sat 09:30-21:30; Sun 10:00-20:00,https://locations.fivebelow.com/ga/bethlehem/916-loganville-hwy,Georgia,Five Below,2026-07-16
2040253768,3309 Buford Hwy NE,Suite 22,Brookhaven,GA,30329,+14043627695,33.84129316792396,-84.32646274376398,Mon-Sat 09:30-21:30; Sun 10:00-20:00,https://locations.fivebelow.com/ga/brookhaven/3309-buford-hwy-ne,Georgia,Five Below,2026-07-16
13538899,10450 Canal Crossing,,Brunswick,GA,31525,+19125541648,31.2338534,-81.4941152,Mon-Sat 09:30-21:30; Sun 10:00-20:00,https://locations.fivebelow.com/ga/brunswick/10450-canal-crossing,Georgia,Five Below,2026-07-16
13539103,1600 Mall Of Georgia Blvd,#1120,Buford,GA,30519,+17708319405,34.0644335490039,-83.99414309876283,Mon-Sat 09:30-21:30; Sun 10:00-20:00,https://locations.fivebelow.com/ga/buford/1600-mall-of-georgia-blvd,Georgia,Five Below,2026-07-16
33169209,474 Highway 53E,Suite 130,Calhoun,GA,30701,+17063090804,34.4755997,-84.9290313,Mon-Sat 09:30-21:30; Sun 10:00-20:00,https://locations.fivebelow.com/ga/calhoun/474-highway-53e,Georgia,Five Below,2026-07-16
13539304,1810 Cumming Highway,Suite 800,Canton,GA,30115,+16789410345,34.23538823704144,-84.46101021221587,Mon-Sat 09:30-21:30; Sun 10:00-20:00,https://locations.fivebelow.com/ga/canton/1810-cumming-highway,Georgia,Five Below,2026-07-16
13539449,5480 Peachtree Blvd.,,Chamblee,GA,30341,+14702437261,33.89447116986979,-84.29873738773153,Mon-Sat 09:30-21:30; Sun 10:00-20:00,https://locations.fivebelow.com/ga/chamblee/5480-peachtree-blvd.,Georgia,Five Below,2026-07-16
1029180215,3200 Macon Rd,Suite 300,Columbus,GA,31906,+17622322842,32.479885643021255,-84.94132044783986,Mon-Sat 09:30-21:30; Sun 10:00-20:00,https://locations.fivebelow.com/ga/columbus/3200-macon-rd,Georgia,Five Below,2026-07-16
13539474,5550 Whittlesey Blvd,Suite 580,Columbus,GA,31909,+17625852085,32.54449294257279,-84.94258792261508,Mon-Sat 09:30-21:30; Sun 10:00-20:00,https://locations.fivebelow.com/ga/columbus/5550-whittlesey-blvd,Georgia,Five Below,2026-07-16
13538908,1486-B Dogwood Drive SE,,Conyers,GA,30013,+17709185124,33.650607,-83.994431,Mon-Sat 09:30-21:30; Sun 10:00-20:00,https://locations.fivebelow.com/ga/conyers/1486-b-dogwood-drive-se,Georgia,Five Below,2026-07-16
13539307,2435 Market Place Blvd,,Cumming,GA,30041,+17702056674,34.1954049,-84.1280051,Mon-Sat 09:30-21:30; Sun 10:00-20:00,https://locations.fivebelow.com/ga/cumming/2435-market-place-blvd,Georgia,Five Below,2026-07-16
13539346,136 Marketplace Parkway,#500,Dawsonville,GA,30534,+17067190247,34.35198749769856,-84.05225061226844,Mon-Sat 09:30-21:30; Sun 10:00-20:00,https://locations.fivebelow.com/ga/dawsonville/136-marketplace-parkway,Georgia,Five Below,2026-07-16
50492727,1307 S Peterson Ave,Space C,Douglas,GA,31533,+19124561429,31.491473,-82.853068,Mon-Sat 09:30-21:30; Sun 10:00-20:00,https://locations.fivebelow.com/ga/douglas/1307-s-peterson-ave,Georgia,Five Below,2026-07-16
13539277,2920 Chapel Hill Road,,Douglasville,GA,30135,+17709492419,33.7265737429161,-84.73357437156494,Mon-Sat 09:30-21:30; Sun 10:00-20:00,https://locations.fivebelow.com/ga/douglasville/2920-chapel-hill-road,Georgia,Five Below,2026-07-16
14692757,3675 Satellite Boulevard,Suite 210,Duluth,GA,30096,+14702437252,33.959116832478706,-84.13793216797225,Mon-Sat 09:30-21:30; Sun 10:00-20:00,https://locations.fivebelow.com/ga/duluth/3675-satellite-boulevard,Georgia,Five Below,2026-07-16
13539311,3612 Marketplace Boulevard,,East Point,GA,30344,+14046295954,33.66012454348662,-84.5009185298955,Mon-Sat 09:30-21:30; Sun 10:00-20:00,https://locations.fivebelow.com/ga/east-point/3612-marketplace-boulevard,Georgia,Five Below,2026-07-16
1043343245,220 Old Orchard Square,,Ellijay,GA,30540,+17622533835,34.674653191044605,-84.47935562593356,Mon-Sat 09:30-21:30; Sun 10:00-20:00,https://locations.fivebelow.com/ga/ellijay/220-old-orchard-square,Georgia,Five Below,2026-07-16
13539147,4225 Washington Rd,Suite 2,Evans,GA,30809,+17068681353,33.52768252811904,-82.11857763558197,Mon-Sat 09:30-21:30; Sun 10:00-20:00,https://locations.fivebelow.com/ga/evans/4225-washington-rd,Georgia,Five Below,2026-07-16
13539375,110 Pavilion Pkwy,Space A,Fayetteville,GA,30214,+17704613438,33.47862778370676,-84.43915397879516,Mon-Sat 09:30-21:30; Sun 10:00-20:00,https://locations.fivebelow.com/ga/fayetteville/110-pavilion-pkwy,Georgia,Five Below,2026-07-16
2040253750,2557 Battlefield Pkwy,,Ft. Oglethorpe,GA,30742,+17068071010,34.943946676850786,-85.22250440818202,Mon-Sat 09:30-21:30; Sun 10:00-20:00,https://locations.fivebelow.com/ga/ft.-oglethorpe/2557-battlefield-pkwy,Georgia,Five Below,2026-07-16
13539341,1154 Dawsonville Hwy,,Gainesville,GA,30501,+17707180965,34.30573806136002,-83.85796781540472,Mon-Sat 09:30-21:30; Sun 10:00-20:00,https://locations.fivebelow.com/ga/gainesville/1154-dawsonville-hwy,Georgia,Five Below,2026-07-16
2057047165,1649 N Expwy,,Griffin,GA,30223,+16783991856,33.27694963958264,-84.2937789828554,Mon-Sat 09:30-21:30; Sun 10:00-20:00,https://locations.fivebelow.com/ga/griffin/1649-n-expwy,Georgia,Five Below,2026-07-16
1083869690,11191 Tara Blvd,,Hampton,GA,30228,+16784705206,33.44882407349691,-84.32701880735759,Mon-Sat 09:30-21:30; Sun 10:00-20:00,https://locations.fivebelow.com/ga/hampton/11191-tara-blvd,Georgia,Five Below,2026-07-16
13539418,863 Oglethorpe Highway,,Hinesville,GA,31313,+19123690912,31.82339786441286,-81.6011728994751,Mon-Sat 09:30-21:30; Sun 10:00-20:00,https://locations.fivebelow.com/ga/hinesville/863-oglethorpe-highway,Georgia,Five Below,2026-07-16
13539314,4904 Jimmy Lee Smith Parkway,#120,Hiram,GA,30141,+17704396490,33.8863902266218,-84.74757318650819,Mon-Sat 09:30-21:30; Sun 10:00-20:00,https://locations.fivebelow.com/ga/hiram/4904-jimmy-lee-smith-parkway,Georgia,Five Below,2026-07-16
13539094,11720 Medlock Bridge Road,Suite 180,Johns Creek,GA,30097,+16785841092,34.06697926561189,-84.170136992376,Mon-Sat 09:30-21:30; Sun 10:00-20:00,https://locations.fivebelow.com/ga/johns-creek/11720-medlock-bridge-road,Georgia,Five Below,2026-07-16
13539320,667 Ernest W. Barrett Parkway NW,Suite 408,Kennesaw,GA,30144,+17704252849,34.00456701519836,-84.57302956857069,Mon-Sat 09:30-21:30; Sun 10:00-20:00,https://locations.fivebelow.com/ga/kennesaw/667-ernest-w.-barrett-parkway-nw,Georgia,Five Below,2026-07-16
20321061,5900 Sugarloaf Pkwy,154A,Lawrenceville,GA,30043,+16789248203,33.980752900844095,-84.0807253204274,Mon-Thu 10:00-20:00; Fri-Sat 10:00-21:00; Sun 11:00-19:00,https://locations.fivebelow.com/ga/lawrenceville/5900-sugarloaf-pkwy,Georgia,Five Below,2026-07-16
97211928,5590 Mableton Pkwy SW,Suite 90,Mableton,GA,30126,+14702990136,33.81748299708054,-84.57599173497027,Mon-Sat 09:30-21:30; Sun 10:00-20:00,https://locations.fivebelow.com/ga/mableton/5590-mableton-pkwy-sw,Georgia,Five Below,2026-07-16
13539432,1625 Bass Road,Suite 110,Macon,GA,31210,+14783458553,32.929343258587146,-83.72775193470785,Mon-Sat 09:30-21:30; Sun 10:00-20:00,https://locations.fivebelow.com/ga/macon/1625-bass-road,Georgia,Five Below,2026-07-16
13539411,4101 Roswell Rd,Suite 500,Marietta,GA,30062,+17705790313,33.980556909951794,-84.43502159875925,Mon-Sat 09:30-21:30; Sun 10:00-20:00,https://locations.fivebelow.com/ga/marietta/4101-roswell-rd,Georgia,Five Below,2026-07-16
13539298,1550 Georgia 20,,McDonough,GA,30253,+16785833467,33.42198160652855,-84.19214392831043,Mon-Sat 09:30-21:30; Sun 10:00-20:00,https://locations.fivebelow.com/ga/mcdonough/1550-georgia-20,Georgia,Five Below,2026-07-16
13539439,2400 North Columbia St.,Suite A1,Milledgeville,GA,31061,+14783458569,33.10902571753412,-83.25761363558195,Mon-Sat 09:30-21:30; Sun 10:00-20:00,https://locations.fivebelow.com/ga/milledgeville/2400-north-columbia-st.,Georgia,Five Below,2026-07-16
1017894638,13069 GA-9,Suite 2520,Milton,GA,30004,+16785027591,34.101162912822126,-84.2686871039784,Mon-Sat 09:30-21:30; Sun 10:00-20:00,https://locations.fivebelow.com/ga/milton/13069-ga-9,Georgia,Five Below,2026-07-16
30824355,732 Pavilion Parkway,,Monroe,GA,30656,+14702844897,33.80644352001002,-83.73010551623848,Mon-Sat 09:30-21:30; Sun 10:00-20:00,https://locations.fivebelow.com/ga/monroe/732-pavilion-parkway,Georgia,Five Below,2026-07-16
2022916346,1892 Mount Zion Road,,Morrow,GA,30260,+14702648182,33.56837957726304,-84.32893298282069,Mon-Sat 09:30-21:30; Sun 10:00-20:00,https://locations.fivebelow.com/ga/morrow/1892-mount-zion-road,Georgia,Five Below,2026-07-16
2022916358,853 Rowland Drive,,Moultrie,GA,31768,+12293512189,31.192449474177685,-83.76710829390142,Mon-Sat 09:30-21:30; Sun 10:00-20:00,https://locations.fivebelow.com/ga/moultrie/853-rowland-drive,Georgia,Five Below,2026-07-16
13539294,1078 Bullsboro Drive,,Newnan,GA,30265,+17702532803,33.3997749,-84.744014,Mon-Sat 09:30-21:30; Sun 10:00-20:00,https://locations.fivebelow.com/ga/newnan/1078-bullsboro-drive,Georgia,Five Below,2026-07-16
13538867,210 Line Creek Drive,,Peachtree City,GA,30269,+16783649915,33.39489481723398,-84.60058523828411,Mon-Sat 09:30-21:30; Sun 10:00-20:00,https://locations.fivebelow.com/ga/peachtree-city/210-line-creek-drive,Georgia,Five Below,2026-07-16
13539408,201 Tanger Outlets Blvd.,Suite 500,Pooler,GA,31322,+19124500505,32.13620438313683,-81.24820479239729,Mon-Sat 09:30-21:30; Sun 10:00-20:00,https://locations.fivebelow.com/ga/pooler/201-tanger-outlets-blvd.,Georgia,Five Below,2026-07-16
20321053,80 Hicks Drive SE,,Rome,GA,30161,+17067194307,34.2523103,-85.1633224,Mon-Sat 09:30-21:30; Sun 10:00-20:00,https://locations.fivebelow.com/ga/rome/80-hicks-drive-se,Georgia,Five Below,2026-07-16
13539152,7400 Abercorn St,Suite 507,Savannah,GA,31406,+19123524345,32.00705276600728,-81.11214028339771,Mon-Sat 09:30-21:30; Sun 10:00-20:00,https://locations.fivebelow.com/ga/savannah/7400-abercorn-st,Georgia,Five Below,2026-07-16
13539301,1630 Scenic Highway N,10A,Snellville,GA,30078,+17709791574,33.88424277380087,-84.00948245178876,Mon-Sat 09:30-21:30; Sun 10:00-20:00,https://locations.fivebelow.com/ga/snellville/1630-scenic-highway-n,Georgia,Five Below,2026-07-16
1047114452,6385 Old National Highway,Suite 140,South Fulton,GA,30349,+16784703480,33.58074571837137,-84.47209840613424,Mon-Sat 09:30-21:30; Sun 10:00-20:00,https://locations.fivebelow.com/ga/south-fulton/6385-old-national-highway,Georgia,Five Below,2026-07-16
13538854,393 Henry Boulevard,,Statesboro,GA,30458,+19124892681,32.4298858,-81.7613754,Mon-Sat 09:30-21:30; Sun 10:00-20:00,https://locations.fivebelow.com/ga/statesboro/393-henry-boulevard,Georgia,Five Below,2026-07-16
20321056,5370 US Highway 78,110,Stone Mountain,GA,30087,+14702848795,33.82175595154191,-84.11787893928383,Mon-Sat 09:30-21:30; Sun 10:00-20:00,https://locations.fivebelow.com/ga/stone-mountain/5370-us-highway-78,Georgia,Five Below,2026-07-16
1047114464,1700 Norman Dr,Space 610 & 620,Valdosta,GA,31601,+12293516391,30.8437285283687,-83.32065097055226,Mon-Sat 09:30-21:30; Sun 10:00-20:00,https://locations.fivebelow.com/ga/valdosta/1700-norman-dr,Georgia,Five Below,2026-07-16
25506227,2620 Watson Blvd,Suite 22,Warner Robins,GA,31093,+14782002893,32.619855741693414,-83.66834008806204,Mon-Sat 09:30-21:30; Sun 10:00-20:00,https://locations.fivebelow.com/ga/warner-robins/2620-watson-blvd,Georgia,Five Below,2026-07-16
28049900,2445 Memorial Drive,,Waycross,GA,31503,+19124008092,31.1965015,-82.32000409999999,Mon-Sat 09:30-21:30; Sun 10:00-20:00,https://locations.fivebelow.com/ga/waycross/2445-memorial-drive,Georgia,Five Below,2026-07-16
13539293,122 Woodstock Square Ave.,,Woodstock,GA,30189,+16784453178,34.08286137782095,-84.54589715905172,Mon-Sat 09:30-21:30; Sun 10:00-20:00,https://locations.fivebelow.com/ga/woodstock/122-woodstock-square-ave.,Georgia,Five Below,2026-07-16
2022916351,501 Bass Pro Dr,Suite 400,Altoona,IA,50009,+15153959178,41.65557692358304,-93.51147315792788,Mon-Sat 11:00-19:00; Sun 12:00-18:00,https://locations.fivebelow.com/ia/altoona/501-bass-pro-dr,Iowa,Five Below,2026-07-16
16196185,301 S 16th Street,Suite 101,Ames,IA,50010,+15155166935,42.00929965830733,-93.61390239436155,Mon-Sat 09:30-21:30; Sun 10:00-20:00,https://locations.fivebelow.com/ia/ames/301-s-16th-street,Iowa,Five Below,2026-07-16
16337519,1719 SE Delaware Ave,,Ankeny,IA,50021,+15157093316,41.71221848836879,-93.57801499420214,Mon-Sat 09:30-21:30; Sun 10:00-20:00,https://locations.fivebelow.com/ia/ankeny/1719-se-delaware-ave,Iowa,Five Below,2026-07-16
13539075,180 Collins Road Northeast,Suite F,Cedar Rapids,IA,52402,+13193734435,42.02954453607128,-91.6275906220207,Mon-Sat 09:30-21:30; Sun 10:00-20:00,https://locations.fivebelow.com/ia/cedar-rapids/180-collins-road-northeast,Iowa,Five Below,2026-07-16
2026303190,3915 Westdale Parkway SW,Suite 100,Cedar Rapids,IA,52404,+13193172659,41.9533311,-91.7206308,Mon-Sat 09:30-21:30; Sun 10:00-20:00,https://locations.fivebelow.com/ia/cedar-rapids/3915-westdale-parkway-sw,Iowa,Five Below,2026-07-16
13539044,1451 Coral Ridge Avenue,Suite 1960,Coralville,IA,52241,+13196001235,41.69096613232054,-91.60268160580443,Mon-Sat 09:30-21:30; Sun 10:00-20:00,https://locations.fivebelow.com/ia/coralville/1451-coral-ridge-avenue,Iowa,Five Below,2026-07-16
13539084,3815 Metro Drive,Suite 300,Council Bluffs,IA,51501,+17123669747,41.2205376792422,-95.83607803802875,Mon-Sat 09:30-21:30; Sun 10:00-20:00,https://locations.fivebelow.com/ia/council-bluffs/3815-metro-drive,Iowa,Five Below,2026-07-16
16196186,4018 E. 53rd Street,,Davenport,IA,52807,+15632046360,41.57712089370143,-90.51577983387867,Mon-Sat 09:30-21:30; Sun 10:00-20:00,https://locations.fivebelow.com/ia/davenport/4018-e.-53rd-street,Iowa,Five Below,2026-07-16
15213223,902 W Kimberly Road,Suite 3,Davenport,IA,52806,+15632046347,41.56208893418071,-90.58357455276126,Mon-Sat 09:30-21:30; Sun 10:00-20:00,https://locations.fivebelow.com/ia/davenport/902-w-kimberly-road,Iowa,Five Below,2026-07-16
2040253765,1111 E Army Post Rd,,Des Moines,IA,50315,+15152571270,41.52194664387599,-93.60150625320392,Mon-Sat 09:30-21:30; Sun 10:00-20:00,https://locations.fivebelow.com/ia/des-moines/1111-e-army-post-rd,Iowa,Five Below,2026-07-16
13539443,3850 Merle Hay Rd,#525,Des Moines,IA,50310,+15152985405,41.63126620251096,-93.69990032197424,Mon-Sat 09:30-21:30; Sun 10:00-20:00,https://locations.fivebelow.com/ia/des-moines/3850-merle-hay-rd,Iowa,Five Below,2026-07-16
13539047,2535 NW Arterial,,Dubuque,IA,52002,+15635825424,42.519131861561526,-90.74440536441801,Mon-Sat 09:30-21:30; Sun 10:00-20:00,https://locations.fivebelow.com/ia/dubuque/2535-nw-arterial,Iowa,Five Below,2026-07-16
2061806999,2500 S Center Street,Suite 325,Marshalltown,IA,50158,+16412432821,42.015654128993724,-92.91009147812927,Mon-Sat 09:30-21:30; Sun 10:00-20:00,https://locations.fivebelow.com/ia/marshalltown/2500-s-center-street,Iowa,Five Below,2026-07-16
63653427,458 Indianhead Drive,,Mason City,IA,50401,+16412550147,43.146574671549445,-93.26806715051343,Mon-Sat 09:30-21:30; Sun 10:00-20:00,https://locations.fivebelow.com/ia/mason-city/458-indianhead-drive,Iowa,Five Below,2026-07-16
1017894663,1111 N Quincy Avenue,Suite 101,Ottumwa,IA,52501,+16412550450,41.01681745943082,-92.44124650124073,Mon-Sat 09:30-21:30; Sun 10:00-20:00,https://locations.fivebelow.com/ia/ottumwa/1111-n-quincy-avenue,Iowa,Five Below,2026-07-16
1004710839,3041 Hamilton Blvd,,Sioux City,IA,51104,+17122208033,42.52373279633132,-96.4184042220728,Mon-Sat 09:30-21:30; Sun 10:00-20:00,https://locations.fivebelow.com/ia/sioux-city/3041-hamilton-blvd,Iowa,Five Below,2026-07-16
13539085,5001 Sergeant Road,Suite 80,Sioux City,IA,51106,+17122660901,42.44588807377254,-96.34162686280806,Mon-Sat 09:30-21:30; Sun 10:00-20:00,https://locations.fivebelow.com/ia/sioux-city/5001-sergeant-road,Iowa,Five Below,2026-07-16
15648425,1419 Flammang Dr.,,Waterloo,IA,50702,+13193337078,42.46142154874049,-92.32813404110449,Mon-Sat 09:30-21:30; Sun 10:00-20:00,https://locations.fivebelow.com/ia/waterloo/1419-flammang-dr.,Iowa,Five Below,2026-07-16
13539019,4100 University Avenue,Suite 130,West Des Moines,IA,50266,+15152219626,41.598245081202776,-93.76018644231051,Mon-Sat 09:30-21:30; Sun 10:00-20:00,https://locations.fivebelow.com/ia/west-des-moines/4100-university-avenue,Iowa,Five Below,2026-07-16
13538727,1976 South Randall Roud,B24,Algonquin,IL,60102,+18476584508,42.1482838,-88.3404218,Mon-Sat 09:30-21:30; Sun 10:00-20:00,https://locations.fivebelow.com/il/algonquin/1976-south-randall-roud,Illinois,Five Below,2026-07-16
1066166828,1739 Homer M Adams Parkway,,Alton,IL,62002,+16183892263,38.91789967589976,-90.16448819425065,Mon-Sat 09:30-21:30; Sun 10:00-20:00,https://locations.fivebelow.com/il/alton/1739-homer-m-adams-parkway,Illinois,Five Below,2026-07-16
1076890497,430 East Rand Road,,Arlington Heights,IL,60004,+12242190011,42.112110960222914,-87.97728711247424,Mon-Sat 09:30-21:30; Sun 10:00-20:00,https://locations.fivebelow.com/il/arlington-heights/430-east-rand-road,Illinois,Five Below,2026-07-16
16077014,1266 N Lake Street,,Aurora,IL,60506,+16306012345,41.7834671,-88.3203625,Mon-Sat 09:30-21:30; Sun 10:00-20:00,https://locations.fivebelow.com/il/aurora/1266-n-lake-street,Illinois,Five Below,2026-07-16
13538717,346 West Army Trail Road,#110,Bloomingdale,IL,60108,+16308938879,41.936940571430924,-88.10853978540081,Mon-Sat 09:30-21:30; Sun 10:00-20:00,https://locations.fivebelow.com/il/bloomingdale/346-west-army-trail-road,Illinois,Five Below,2026-07-16
13538907,1608 E Empire Street,Suite C,Bloomington,IL,61701,+13096611393,40.49081117170497,-88.95601703926943,Mon-Sat 09:30-21:30; Sun 10:00-20:00,https://locations.fivebelow.com/il/bloomington/1608-e-empire-street,Illinois,Five Below,2026-07-16
1066166844,257 N Weber Rd,Unit A,Bolingbrook,IL,60490,+13312240625,41.703771111921306,-88.1304250417162,Mon-Sat 09:30-21:30; Sun 10:00-20:00,https://locations.fivebelow.com/il/bolingbrook/257-n-weber-rd,Illinois,Five Below,2026-07-16
13538683,2066 Il-50,,Bradley,IL,60914,+18159366254,41.1889988,-87.8475959,Mon-Sat 09:30-21:30; Sun 10:00-20:00,https://locations.fivebelow.com/il/bradley/2066-il-50,Illinois,Five Below,2026-07-16
2022916360,450 River Oaks West,,Calumet City,IL,60409,+17086652096,41.59979704001791,-87.56284083780417,Mon-Sat 09:30-21:30; Sun 10:00-20:00,https://locations.fivebelow.com/il/calumet-city/450-river-oaks-west,Illinois,Five Below,2026-07-16
13539069,1312 E Main Street,Suite 125,Carbondale,IL,62901,+16183511809,37.734808612248685,-89.19068825022839,Mon-Sat 09:30-21:30; Sun 10:00-20:00,https://locations.fivebelow.com/il/carbondale/1312-e-main-street,Illinois,Five Below,2026-07-16
25506232,2008 North Prospect Ave.,,Champaign,IL,61822,+12173507715,40.140400471581785,-88.25736450302291,Mon-Sat 09:30-21:30; Sun 10:00-20:00,https://locations.fivebelow.com/il/champaign/2008-north-prospect-ave.,Illinois,Five Below,2026-07-16
63653438,1014 S Canal St,,Chicago,IL,60607,+17732807124,41.86905277046416,-87.63857760182981,Mon-Sat 09:30-21:30; Sun 10:00-20:00,https://locations.fivebelow.com/il/chicago/1014-s-canal-st,Illinois,Five Below,2026-07-16
1057552559,112 W 87th St,Suite L-3,Chicago,IL,60620,+17084122018,41.73767746073988,-87.62736853175501,Mon-Sat 10:00-19:00; Sun 10:00-18:00,https://locations.fivebelow.com/il/chicago/112-w-87th-st,Illinois,Five Below,2026-07-16
2040253758,1514 W 33rd St,Unit 22,Chicago,IL,60608,+17732004321,41.834584015536095,-87.6638828398397,Mon-Sat 09:30-21:30; Sun 10:00-20:00,https://locations.fivebelow.com/il/chicago/1514-w-33rd-st,Illinois,Five Below,2026-07-16
1021146760,2647 N Elston Ave,,Chicago,IL,60647,+17733093085,41.930951606853306,-87.68309676564138,Mon-Sat 09:30-21:30; Sun 10:00-20:00,https://locations.fivebelow.com/il/chicago/2647-n-elston-ave,Illinois,Five Below,2026-07-16
13538688,3302 W. Belmont Avenue,,Chicago,IL,60618,+17732672534,41.9395913,-87.7115049,Mon-Sat 09:30-21:30; Sun 10:00-20:00,https://locations.fivebelow.com/il/chicago/3302-w.-belmont-avenue,Illinois,Five Below,2026-07-16
35034668,42 S. State Street,,Chicago,IL,60603,+17737541934,41.8815544,-87.6279623,Mon-Sat 09:30-20:00; Sun 10:00-20:00,https://locations.fivebelow.com/il/chicago/42-s.-state-street,Illinois,Five Below,2026-07-16
17717557,4655 West Foster Ave,,Chicago,IL,60630,+17733779659,41.974185502113066,-87.74576789838207,Mon-Sat 09:30-21:30; Sun 10:00-20:00,https://locations.fivebelow.com/il/chicago/4655-west-foster-ave,Illinois,Five Below,2026-07-16
80226359,4933 W North Ave,,Chicago,IL,60639,+13129100861,41.908219522903536,-87.74935582083981,Mon-Sat 09:30-21:30; Sun 10:00-20:00,https://locations.fivebelow.com/il/chicago/4933-w-north-ave,Illinois,Five Below,2026-07-16
13539286,6133 N Lincoln Avenue,,Chicago,IL,60659,+17734551205,41.9942639,-87.7116199,Mon-Sat 09:30-21:30; Sun 10:00-20:00,https://locations.fivebelow.com/il/chicago/6133-n-lincoln-avenue,Illinois,Five Below,2026-07-16
13538662,6451 West Diversey Avenue,Suite G4-G7,Chicago,IL,60707,+17736226810,41.930675682016506,-87.78758592862658,Mon-Sat 09:30-21:30; Sun 10:00-20:00,https://locations.fivebelow.com/il/chicago/6451-west-diversey-avenue,Illinois,Five Below,2026-07-16
13538956,7601 South Cicero Avenue,#1930,Chicago,IL,60652,+17735817731,41.7577849,-87.7391584,Mon-Sat 09:30-21:30; Sun 10:00-20:00,https://locations.fivebelow.com/il/chicago/7601-south-cicero-avenue,Illinois,Five Below,2026-07-16
1080779273,800 N Kedzie Ave,Suite 116,Chicago,IL,60651,+18722729911,41.89676870479726,-87.70701969508914,Mon-Sun 10:00-19:00,https://locations.fivebelow.com/il/chicago/800-n-kedzie-ave,Illinois,Five Below,2026-07-16
13538711,242 Commons Drive,,Chicago Ridge,IL,60415,+17084240665,41.71090093906783,-87.78271372023772,Mon-Sat 09:30-21:30; Sun 10:00-20:00,https://locations.fivebelow.com/il/chicago-ridge/242-commons-drive,Illinois,Five Below,2026-07-16
13538976,3027 S. Cicero Ave,,Cicero,IL,60804,+17082226680,41.8384861,-87.741601,Mon-Sat 09:30-21:30; Sun 10:00-20:00,https://locations.fivebelow.com/il/cicero/3027-s.-cicero-ave,Illinois,Five Below,2026-07-16
13538685,30 Countryside Plz,,Countryside,IL,60525,+17084820975,41.781900865381246,-87.87209529824293,Mon-Sat 09:30-21:30; Sun 10:00-20:00,https://locations.fivebelow.com/il/countryside/30-countryside-plz,Illinois,Five Below,2026-07-16
13538694,5460 Northwest Highway,500,Crystal Lake,IL,60014,+18153566093,42.2265265,-88.304187,Mon-Sat 09:30-21:30; Sun 10:00-20:00,https://locations.fivebelow.com/il/crystal-lake/5460-northwest-highway,Illinois,Five Below,2026-07-16
1017894666,4705 E Maryland Street,Unit 1,Decatur,IL,62521,+12175591841,39.81878878711121,-88.88341592521786,Mon-Sat 09:30-21:30; Sun 10:00-20:00,https://locations.fivebelow.com/il/decatur/4705-e-maryland-street,Illinois,Five Below,2026-07-16
13538710,2518 Sycamore Road,,Dekalb,IL,60115,+18157484598,41.953523171218926,-88.71994188037395,Mon-Sat 09:30-21:30; Sun 10:00-20:00,https://locations.fivebelow.com/il/dekalb/2518-sycamore-road,Illinois,Five Below,2026-07-16
2007699957,451 N Main St,,East Peoria,IL,61611,+13093844993,40.67060610000001,-89.5760093,Mon-Sat 09:30-21:30; Sun 10:00-20:00,https://locations.fivebelow.com/il/east-peoria/451-n-main-st,Illinois,Five Below,2026-07-16
1015790279,209 Kingery Hwy,,Elmhurst,IL,60126,+16309317292,41.89418018802557,-87.96080698827089,Mon-Sat 09:30-21:30; Sun 10:00-20:00,https://locations.fivebelow.com/il/elmhurst/209-kingery-hwy,Illinois,Five Below,2026-07-16
15576985,2400 Main Street,,Evanston,IL,60202,+17736944574,42.03178083480507,-87.70738495038393,Mon-Sat 09:30-21:30; Sun 10:00-20:00,https://locations.fivebelow.com/il/evanston/2400-main-street,Illinois,Five Below,2026-07-16
13538927,9680 S Western Avenue,Unit C,Evergreen Park,IL,60805,+17082290274,41.7165540254932,-87.68455313988113,Mon-Sat 09:30-21:30; Sun 10:00-20:00,https://locations.fivebelow.com/il/evergreen-park/9680-s-western-avenue,Illinois,Five Below,2026-07-16
13539087,5927 North Illinois St,,Fairview Heights,IL,62208,+16182777392,38.58652232984805,-89.98757272049068,Mon-Sat 09:30-21:30; Sun 10:00-20:00,https://locations.fivebelow.com/il/fairview-heights/5927-north-illinois-st,Illinois,Five Below,2026-07-16
1066166836,994 US-51,,Forsyth,IL,62535,+12175768587,39.92059762876437,-88.95462688708514,Mon-Sat 09:30-21:30; Sun 10:00-20:00,https://locations.fivebelow.com/il/forsyth/994-us-51,Illinois,Five Below,2026-07-16
79588098,1810B S West Ave,,Freeport,IL,61032,+18156558452,42.27603476061429,-89.63427970510308,Mon-Sat 09:30-21:30; Sun 10:00-20:00,https://locations.fivebelow.com/il/freeport/1810b-s-west-ave,Illinois,Five Below,2026-07-16
13539275,2049 National Boulevard,,Galesburg,IL,61401,+13093431904,40.9729277,-90.3806145,Mon-Sat 09:30-21:30; Sun 10:00-20:00,https://locations.fivebelow.com/il/galesburg/2049-national-boulevard,Illinois,Five Below,2026-07-16
13538679,1520 South Randall Road,,Geneva,IL,60134,+16302080876,41.87312707180549,-88.34286890674593,Mon-Sat 09:30-21:30; Sun 10:00-20:00,https://locations.fivebelow.com/il/geneva/1520-south-randall-road,Illinois,Five Below,2026-07-16
2007699956,3469 Nameoki Rd,,Granite City,IL,62040,+16183890019,38.7249285,-90.1249684,Mon-Sat 09:30-21:30; Sun 10:00-20:00,https://locations.fivebelow.com/il/granite-city/3469-nameoki-rd,Illinois,Five Below,2026-07-16
16100969,6170 W Grand Ave,Space 799,Gurnee,IL,60031,+18478551583,42.3899294,-87.95932239999999,Mon-Sat 10:00-20:00; Sun 11:00-19:00,https://locations.fivebelow.com/il/gurnee/6170-w-grand-ave,Illinois,Five Below,2026-07-16
1066166830,12547 State Route 143,Suite A,Highland,IL,62249,+16183892281,38.75878016866407,-89.6832664875067,Mon-Sat 09:30-21:30; Sun 10:00-20:00,https://locations.fivebelow.com/il/highland/12547-state-route-143,Illinois,Five Below,2026-07-16
16055537,170 S Mannheim Rd,,Hillside,IL,60162,+17086220697,41.86680053973811,-87.88501120467087,Mon-Sat 09:30-21:30; Sun 10:00-20:00,https://locations.fivebelow.com/il/hillside/170-s-mannheim-rd,Illinois,Five Below,2026-07-16
13538941,2604 N Sutton Road,,Hoffman Estates,IL,60192,+18476450711,42.071837650670055,-88.1934939742819,Mon-Sat 09:30-21:30; Sun 10:00-20:00,https://locations.fivebelow.com/il/hoffman-estates/2604-n-sutton-road,Illinois,Five Below,2026-07-16
13539273,17922 S Halsted Street,,Homewood,IL,60430,+17089571921,41.56416878038251,-87.63837119510652,Mon-Sat 09:30-21:30; Sun 10:00-20:00,https://locations.fivebelow.com/il/homewood/17922-s-halsted-street,Illinois,Five Below,2026-07-16
1015790253,901 W Morton Ave,Suite 18A,Jacksonville,IL,62650,+12175591826,39.72169575438429,-90.24147082084943,Mon-Sat 09:30-21:30; Sun 10:00-20:00,https://locations.fivebelow.com/il/jacksonville/901-w-morton-ave,Illinois,Five Below,2026-07-16
13538684,2721 Plainfield Road,,Joliet,IL,60435,+18152541863,41.5774324,-88.1547529,Mon-Sat 09:30-21:30; Sun 10:00-20:00,https://locations.fivebelow.com/il/joliet/2721-plainfield-road,Illinois,Five Below,2026-07-16
1017894649,20505 N Rand Rd,Suite 110,Kildeer,IL,60047,+12243692723,42.16331749121119,-88.05185922042479,Mon-Sat 09:30-21:30; Sun 10:00-20:00,https://locations.fivebelow.com/il/kildeer/20505-n-rand-rd,Illinois,Five Below,2026-07-16
13539400,1007 West Lane Rd,,Machesney Park,IL,61115,+17792013131,42.363971283509954,-89.03530459995909,Mon-Sat 09:30-21:30; Sun 10:00-20:00,https://locations.fivebelow.com/il/machesney-park/1007-west-lane-rd,Illinois,Five Below,2026-07-16
1080779257,1405 Fort Worth Way,,Mattoon,IL,61938,+12174713080,39.48163148082158,-88.3290955098217,Mon-Sat 09:30-21:30; Sun 10:00-20:00,https://locations.fivebelow.com/il/mattoon/1405-fort-worth-way,Illinois,Five Below,2026-07-16
13538689,2346 N. Richmond Road,,McHenry,IL,60051,+18153850067,42.36027460057887,-88.26459849360918,Mon-Sat 09:30-21:30; Sun 10:00-20:00,https://locations.fivebelow.com/il/mchenry/2346-n.-richmond-road,Illinois,Five Below,2026-07-16
13538675,1314 Winston Plaza,,Melrose Park,IL,60160,+17083441020,41.90643507635925,-87.8503096308728,Mon-Sat 09:30-21:30; Sun 10:00-20:00,https://locations.fivebelow.com/il/melrose-park/1314-winston-plaza,Illinois,Five Below,2026-07-16
13538904,13210 South Cicero Avenue,,Midlothian,IL,60445,+17083858207,41.651146883535965,-87.74132139881135,Mon-Sat 09:30-21:30; Sun 10:00-20:00,https://locations.fivebelow.com/il/midlothian/13210-south-cicero-avenue,Illinois,Five Below,2026-07-16
13539460,1121 Mount Prospect Plaza,,Mount Prospect,IL,60056,+18472428810,42.0677997,-87.9188477,Mon-Sat 09:30-21:30; Sun 10:00-20:00,https://locations.fivebelow.com/il/mount-prospect/1121-mount-prospect-plaza,Illinois,Five Below,2026-07-16
1053673498,2976 W Route 60,,Mundelein,IL,60060,+12243021238,42.28205040000002,-88.04291145767057,Mon-Sat 09:30-21:30; Sun 10:00-20:00,https://locations.fivebelow.com/il/mundelein/2976-w-route-60,Illinois,Five Below,2026-07-16
13538747,348 S. Route 59,,Naperville,IL,60540,+16305263633,41.766148807763415,-88.20375150283533,Mon-Sat 09:30-21:30; Sun 10:00-20:00,https://locations.fivebelow.com/il/naperville/348-s.-route-59,Illinois,Five Below,2026-07-16
13538729,8261 W. Golf Road,,Niles,IL,60714,+18474700956,42.052698370608574,-87.83373389871838,Mon-Sat 09:30-21:30; Sun 10:00-20:00,https://locations.fivebelow.com/il/niles/8261-w.-golf-road,Illinois,Five Below,2026-07-16
16055539,4104 N Harlem Avenue,Suite 211,Norridge,IL,60706,+17733779985,41.95748662605503,-87.80764305325704,Mon-Sat 10:00-21:00; Sun 10:00-20:00,https://locations.fivebelow.com/il/norridge/4104-n-harlem-avenue,Illinois,Five Below,2026-07-16
13538732,7501 W Cermak Rd,Suite E18,North Riverside,IL,60546,+17084425146,41.84718017219445,-87.81077625681019,Mon-Sat 10:00-20:00; Sun 11:00-18:00,https://locations.fivebelow.com/il/north-riverside/7501-w-cermak-rd,Illinois,Five Below,2026-07-16
39114173,2155 W 22nd St,Suite 7,Oak Brook,IL,60523,+16305263666,41.8451402,-87.96946659999999,Mon-Sat 09:30-21:30; Sun 10:00-20:00,https://locations.fivebelow.com/il/oak-brook/2155-w-22nd-st,Illinois,Five Below,2026-07-16
13538731,9275 159th Street,,Orland Hills,IL,60487,+17084032185,41.59872014478344,-87.84596049570087,Mon-Sat 09:30-21:30; Sun 10:00-20:00,https://locations.fivebelow.com/il/orland-hills/9275-159th-street,Illinois,Five Below,2026-07-16
13538915,2480 Route 34,,Oswego,IL,60543,+16305541924,41.70157716067468,-88.30675999034247,Mon-Sat 09:30-21:30; Sun 10:00-20:00,https://locations.fivebelow.com/il/oswego/2480-route-34,Illinois,Five Below,2026-07-16
2018691445,3520 Court Street,,Pekin,IL,61554,+13093244561,40.541051861104854,-89.5979680197079,Mon-Sat 09:30-21:30; Sun 10:00-20:00,https://locations.fivebelow.com/il/pekin/3520-court-street,Illinois,Five Below,2026-07-16
13538984,5001 N Big Hollow Rd,,Peoria,IL,61615,+13096932270,40.748344211798944,-89.64036972449429,Mon-Sat 09:30-21:30; Sun 10:00-20:00,https://locations.fivebelow.com/il/peoria/5001-n-big-hollow-rd,Illinois,Five Below,2026-07-16
2022916349,5247 IL Route 251,,Peru,IL,61354,+17792605429,41.36987359790589,-89.1236392509262,Mon-Sat 09:30-21:30; Sun 10:00-20:00,https://locations.fivebelow.com/il/peru/5247-il-route-251,Illinois,Five Below,2026-07-16
15831848,12736 S IL-59,Unit 106,Plainfield,IL,60585,+18155186535,41.6507813,-88.2060329,Mon-Sat 09:30-21:30; Sun 10:00-20:00,https://locations.fivebelow.com/il/plainfield/12736-s-il-59,Illinois,Five Below,2026-07-16
13538923,6008 Broadway Street,,Quincy,IL,62305,+12172287221,39.932001184479,-91.32228254232791,Mon-Sat 09:30-21:30; Sun 10:00-20:00,https://locations.fivebelow.com/il/quincy/6008-broadway-street,Illinois,Five Below,2026-07-16
13538661,6403 East State Street,,Rockford,IL,61108,+18153941870,42.265381210908735,-88.99182849570082,Mon-Sat 09:30-21:30; Sun 10:00-20:00,https://locations.fivebelow.com/il/rockford/6403-east-state-street,Illinois,Five Below,2026-07-16
1094544176,351 S Weber Rd,,Romeoville,IL,60446,+17792602312,41.61163741697827,-88.12090515656317,Mon-Sat 09:30-21:30; Sun 10:00-20:00,https://locations.fivebelow.com/il/romeoville/351-s-weber-rd,Illinois,Five Below,2026-07-16
13538705,1468 E Golf Rd,,Schaumburg,IL,60173,+18479950415,42.0524106,-88.04207,Mon-Sat 09:30-21:30; Sun 10:00-20:00,https://locations.fivebelow.com/il/schaumburg/1468-e-golf-rd,Illinois,Five Below,2026-07-16
1035260044,2001 5th St,Suite 1,Silvis,IL,61282,+13093844009,41.4896309834971,-90.42153656483946,Mon-Sat 09:30-21:30; Sun 10:00-20:00,https://locations.fivebelow.com/il/silvis/2001-5th-st,Illinois,Five Below,2026-07-16
13539285,5411 W Touhy Avenue,,Skokie,IL,60077,+18473290508,42.0117824,-87.76303899999999,Mon-Sat 09:30-21:30; Sun 10:00-20:00,https://locations.fivebelow.com/il/skokie/5411-w-touhy-avenue,Illinois,Five Below,2026-07-16
1035260054,482 Randall Rd,,South Elgin,IL,60177,+12243466390,41.9842667,-88.34349,Mon-Sat 09:30-21:30; Sun 10:00-20:00,https://locations.fivebelow.com/il/south-elgin/482-randall-rd,Illinois,Five Below,2026-07-16
13538713,2757 S Veterans Pkwy,,Springfield,IL,62704,+12175467952,39.7681209864391,-89.70900317351993,Mon-Sat 09:30-21:30; Sun 10:00-20:00,https://locations.fivebelow.com/il/springfield/2757-s-veterans-pkwy,Illinois,Five Below,2026-07-16
1029180219,3121 S. Dirksen Pkwy,,Springfield,IL,62703,+14472122009,39.7611655051205,-89.61017004232772,Mon-Sat 09:30-21:30; Sun 10:00-20:00,https://locations.fivebelow.com/il/springfield/3121-s.-dirksen-pkwy,Illinois,Five Below,2026-07-16
13539280,3547 East Main Street,,St. Charles,IL,60174,+16305136437,41.9191932,-88.2741197,Mon-Sat 09:30-21:30; Sun 10:00-20:00,https://locations.fivebelow.com/il/st.-charles/3547-east-main-street,Illinois,Five Below,2026-07-16
1011095245,2901 E Lincoln Highway,Suite A,Sterling,IL,61081,+18156557396,41.80447757466858,-89.66103520351952,Mon-Sat 09:30-21:30; Sun 10:00-20:00,https://locations.fivebelow.com/il/sterling/2901-e-lincoln-highway,Illinois,Five Below,2026-07-16
1083869688,16101 S Harlem Ave.,,Tinley Park,IL,60477,+17086282586,41.59898038560182,-87.79246713922483,Mon-Sat 09:30-21:30; Sun 10:00-20:00,https://locations.fivebelow.com/il/tinley-park/16101-s-harlem-ave.,Illinois,Five Below,2026-07-16
13538725,7400 West 191st Street,,Tinley Park,IL,60487,+18154648268,41.548626860424285,-87.79827018650815,Mon-Sat 09:30-21:30; Sun 10:00-20:00,https://locations.fivebelow.com/il/tinley-park/7400-west-191st-street,Illinois,Five Below,2026-07-16
13538699,701 N Milwaukee Ave,Ste 302,Vernon Hills,IL,60061,+18475490542,42.23945251057189,-87.94134276554539,Mon-Sat 09:30-21:30; Sun 10:00-20:00,https://locations.fivebelow.com/il/vernon-hills/701-n-milwaukee-ave,Illinois,Five Below,2026-07-16
1094544172,1305 N Lewis Ave,,Waukegan,IL,60085,+12243944038,42.37867177575217,-87.85419437729814,Mon-Sat 09:30-21:30; Sun 10:00-20:00,https://locations.fivebelow.com/il/waukegan/1305-n-lewis-ave,Illinois,Five Below,2026-07-16
24051883,110 Danada Square W,,Wheaton,IL,60189,+16307037619,41.830638928589096,-88.10823959194977,Mon-Sat 09:30-21:30; Sun 10:00-20:00,https://locations.fivebelow.com/il/wheaton/110-danada-square-w,Illinois,Five Below,2026-07-16
1029180206,672 Wesley Drive,,Wood River,IL,62095,+16183561961,38.87221456170687,-90.0689450313175,Mon-Sat 09:30-21:30; Sun 10:00-20:00,https://locations.fivebelow.com/il/wood-river/672-wesley-drive,Illinois,Five Below,2026-07-16
13538671,1001 75th Street,Suite 167,Woodridge,IL,60517,+16309854626,41.74971381757164,-88.01698831785393,Mon-Sat 09:30-21:30; Sun 10:00-20:00,https://locations.fivebelow.com/il/woodridge/1001-75th-street,Illinois,Five Below,2026-07-16
24051878,5439 S Scatterfield Road,,Anderson,IN,46013,+17652047525,40.0604028679541,-85.65332723802871,Mon-Sat 09:30-21:30; Sun 10:00-20:00,https://locations.fivebelow.com/in/anderson/5439-s-scatterfield-road,Indiana,Five Below,2026-07-16
1015790259,1801 North Wayne St,Suite 111,Angola,IN,46703,+12602046217,41.65516701170259,-85.00139406946064,Mon-Sat 09:30-21:30; Sun 10:00-20:00,https://locations.fivebelow.com/in/angola/1801-north-wayne-st,Indiana,Five Below,2026-07-16
17183343,10349 East US Highway 36,,Avon,IN,46123,+13174018516,39.7605755,-86.3394981,Mon-Sat 09:30-21:30; Sun 10:00-20:00,https://locations.fivebelow.com/in/avon/10349-east-us-highway-36,Indiana,Five Below,2026-07-16
2040257735,1224 James Avenue,,Bedford,IN,47421,+18126825474,38.86424684812915,-86.51777540272451,Mon-Sat 09:30-21:30; Sun 10:00-20:00,https://locations.fivebelow.com/in/bedford/1224-james-avenue,Indiana,Five Below,2026-07-16
13539267,140 N Gates Drive,,Bloomington,IN,47404,+18123398328,39.16667619648779,-86.57508742598259,Mon-Sat 09:30-21:30; Sun 10:00-20:00,https://locations.fivebelow.com/in/bloomington/140-n-gates-drive,Indiana,Five Below,2026-07-16
92727797,905 N Green Street,,Brownsburg,IN,46112,+14632428273,39.85442118539984,-86.3907104029316,Mon-Sat 09:30-21:30; Sun 10:00-20:00,https://locations.fivebelow.com/in/brownsburg/905-n-green-street,Indiana,Five Below,2026-07-16
13538742,1950 - 4 East Greyhound Pass,,Carmel,IN,46033,+13178444502,40.0057065260796,-86.12428081691462,Mon-Sat 09:30-21:30; Sun 10:00-20:00,https://locations.fivebelow.com/in/carmel/1950-4-east-greyhound-pass,Indiana,Five Below,2026-07-16
13538977,3060 Columbus Center,,Columbus,IN,47203,+18123750496,39.22098291343815,-85.88696232044606,Mon-Sat 09:30-21:30; Sun 10:00-20:00,https://locations.fivebelow.com/in/columbus/3060-columbus-center,Indiana,Five Below,2026-07-16
2022916359,2363 Hwy 135 NW,Suite 113,Corydon,IN,47112,+18125425485,38.23534761149158,-86.13080161226843,Mon-Sat 09:30-21:30; Sun 10:00-20:00,https://locations.fivebelow.com/in/corydon/2363-hwy-135-nw,Indiana,Five Below,2026-07-16
1015790265,11691 N. Executive Drive,Suite B100A,Edinburgh,IN,46124,+18124165675,39.30867895206407,-85.96191780061169,Mon-Thu 10:00-19:00; Fri-Sat 10:00-20:00; Sun 12:00-18:00,https://locations.fivebelow.com/in/edinburgh/11691-n.-executive-drive,Indiana,Five Below,2026-07-16
13538968,205W Country Road 6 E,,Elkhart,IN,46514,+15742069365,41.72276195754056,-85.97491201719663,Mon-Sat 09:30-21:30; Sun 10:00-20:00,https://locations.fivebelow.com/in/elkhart/205w-country-road-6-e,Indiana,Five Below,2026-07-16
13538823,6501 East Lloyd Expressway,Suite 19,Evansville,IN,47715,+18126025861,37.9734841920886,-87.47224794110865,Mon-Sat 09:30-21:30; Sun 10:00-20:00,https://locations.fivebelow.com/in/evansville/6501-east-lloyd-expressway,Indiana,Five Below,2026-07-16
13538767,1034 S Thomas Rd,Suite 111,Fort Wayne,IN,46804,+12604326096,41.077409497726684,-85.20362932839043,Mon-Sat 09:30-21:30; Sun 10:00-20:00,https://locations.fivebelow.com/in/fort-wayne/1034-s-thomas-rd,Indiana,Five Below,2026-07-16
35034665,145 W. Coliseum Blvd.,,Fort Wayne,IN,46805,+12602045385,41.1180891,-85.14124439999999,Mon-Sat 09:30-21:30; Sun 10:00-20:00,https://locations.fivebelow.com/in/fort-wayne/145-w.-coliseum-blvd.,Indiana,Five Below,2026-07-16
62111776,1040 N Morton Street,,Franklin,IN,46131,+14632341754,39.490442761210176,-86.06701826580242,Mon-Sat 09:30-21:30; Sun 10:00-20:00,https://locations.fivebelow.com/in/franklin/1040-n-morton-street,Indiana,Five Below,2026-07-16
13538921,3822 Midway Road,,Goshen,IN,46526,+15748754761,41.621741200632435,-85.90390771854021,Mon-Sat 09:30-21:30; Sun 10:00-20:00,https://locations.fivebelow.com/in/goshen/3822-midway-road,Indiana,Five Below,2026-07-16
1029180218,1035 5th Avenue,,Hammond,IN,46320,+12193322216,41.6945018,-87.517596,Mon-Sat 09:30-21:30; Sun 10:00-20:00,https://locations.fivebelow.com/in/hammond/1035-5th-avenue,Indiana,Five Below,2026-07-16
13538702,10335 Indianapolis Boulevard,Unit 8,Highland,IN,46322,+12199242843,41.52614185520604,-87.467993682209,Mon-Sat 09:30-21:30; Sun 10:00-20:00,https://locations.fivebelow.com/in/highland/10335-indianapolis-boulevard,Indiana,Five Below,2026-07-16
13539015,3495 West 86th Street,,Indianapolis,IN,46268,+13172289010,39.9095504,-86.2192309,Mon-Sat 09:30-21:30; Sun 10:00-20:00,https://locations.fivebelow.com/in/indianapolis/3495-west-86th-street,Indiana,Five Below,2026-07-16
2011111066,4200 S East St,Suite #30,Indianapolis,IN,46227,+13174018562,39.704837215471954,-86.15124044490153,Mon-Sat 09:30-21:30; Sun 10:00-20:00,https://locations.fivebelow.com/in/indianapolis/4200-s-east-st,Indiana,Five Below,2026-07-16
13538792,5540 E 82nd St,,Indianapolis,IN,46250,+13179139328,39.90590192757647,-86.07320733249998,Mon-Sat 09:30-21:30; Sun 10:00-20:00,https://locations.fivebelow.com/in/indianapolis/5540-e-82nd-st,Indiana,Five Below,2026-07-16
13539027,5698 Crawfordsville Road,,Indianapolis,IN,46224,+13172432778,39.798645013182664,-86.26049072127944,Mon-Sat 09:30-21:30; Sun 10:00-20:00,https://locations.fivebelow.com/in/indianapolis/5698-crawfordsville-road,Indiana,Five Below,2026-07-16
26128928,6153 N Keystone Ave,Suite 210,Indianapolis,IN,46220,+14632101128,39.86746600712736,-86.1195923818401,Mon-Sat 09:30-21:30; Sun 10:00-20:00,https://locations.fivebelow.com/in/indianapolis/6153-n-keystone-ave,Indiana,Five Below,2026-07-16
13538993,8740 U.S. 31,,Indianapolis,IN,46227,+13178817037,39.63885216852662,-86.13078716355504,Mon-Sat 09:30-21:30; Sun 10:00-20:00,https://locations.fivebelow.com/in/indianapolis/8740-u.s.-31,Indiana,Five Below,2026-07-16
13539026,9985 East Washington St,,Indianapolis,IN,46229,+13178978320,39.773188,-85.9911132,Mon-Sat 09:30-21:30; Sun 10:00-20:00,https://locations.fivebelow.com/in/indianapolis/9985-east-washington-st,Indiana,Five Below,2026-07-16
2040253770,3697 N Newton St,,Jasper,IN,47546,+18122706070,38.423557329458795,-86.93989915973808,Mon-Sat 09:30-21:30; Sun 10:00-20:00,https://locations.fivebelow.com/in/jasper/3697-n-newton-st,Indiana,Five Below,2026-07-16
13538753,4241 Town Center Blvd,,Jeffersonville,IN,47130,+18122851081,38.32797637924279,-85.74876349475846,Mon-Sat 09:30-21:30; Sun 10:00-20:00,https://locations.fivebelow.com/in/jeffersonville/4241-town-center-blvd,Indiana,Five Below,2026-07-16
13538772,1371 S. Reed Road,,Kokomo,IN,46902,+17654571029,40.47138175437194,-86.1100850019594,Mon-Sat 09:30-21:30; Sun 10:00-20:00,https://locations.fivebelow.com/in/kokomo/1371-s.-reed-road,Indiana,Five Below,2026-07-16
13539007,100 S Creasy Lane,Suite 1360,Lafayette,IN,47905,+17654461775,40.41600018030818,-86.84150088444817,Mon-Sat 09:30-21:30; Sun 10:00-20:00,https://locations.fivebelow.com/in/lafayette/100-s-creasy-lane,Indiana,Five Below,2026-07-16
1094544170,3908 East Market St,,Logansport,IN,46947,+15742418736,40.7573328,-86.3141242,Mon-Sat 09:30-21:30; Sun 10:00-20:00,https://locations.fivebelow.com/in/logansport/3908-east-market-st,Indiana,Five Below,2026-07-16
1004710849,2528 Michigan Road,Suite 1,Madison,IN,47250,+19303481712,38.773913,-85.38487599999999,Mon-Sat 09:30-21:30; Sun 10:00-20:00,https://locations.fivebelow.com/in/madison/2528-michigan-road,Indiana,Five Below,2026-07-16
13538643,1962-1988 E. 80th Street,,Merrillville,IN,46410,+12197939529,41.47320339034544,-87.31179638819208,Mon-Sat 09:30-21:30; Sun 10:00-20:00,https://locations.fivebelow.com/in/merrillville/1962-1988-e.-80th-street,Indiana,Five Below,2026-07-16
13538970,220 Dunes Plaza,,Michigan City,IN,46360,+12198798431,41.678415098854614,-86.8989935827679,Mon-Sat 09:30-21:30; Sun 10:00-20:00,https://locations.fivebelow.com/in/michigan-city/220-dunes-plaza,Indiana,Five Below,2026-07-16
13538721,6502 Grape Road,Suite 838B,Mishawaka,IN,46545,+15742730506,41.71813633068879,-86.18523398086154,Mon-Sat 09:30-21:30; Sun 10:00-20:00,https://locations.fivebelow.com/in/mishawaka/6502-grape-road,Indiana,Five Below,2026-07-16
13538793,636 East McGallard Road,,Muncie,IN,47303,+17652878021,40.22049425357225,-85.37994440173092,Mon-Sat 09:30-21:30; Sun 10:00-20:00,https://locations.fivebelow.com/in/muncie/636-east-mcgallard-road,Indiana,Five Below,2026-07-16
15213219,14120 Brooks School Road,Suite 140,Noblesville,IN,46060,+13175930562,39.98887659634758,-85.94194451840269,Mon-Sat 09:30-21:30; Sun 10:00-20:00,https://locations.fivebelow.com/in/noblesville/14120-brooks-school-road,Indiana,Five Below,2026-07-16
1094544157,17160 Mercantile Blvd,,Noblesville,IN,46060,+14632540597,40.038241198450756,-85.99152887729817,Mon-Sat 09:30-21:30; Sun 10:00-20:00,https://locations.fivebelow.com/in/noblesville/17160-mercantile-blvd,Indiana,Five Below,2026-07-16
13538746,2685 East Main Street,Suite 117,Plainfield,IN,46168,+13178375133,39.71656696821988,-86.35200030746385,Mon-Sat 09:30-21:30; Sun 10:00-20:00,https://locations.fivebelow.com/in/plainfield/2685-east-main-street,Indiana,Five Below,2026-07-16
2051803093,1406 Pilgrim Ln,,Plymouth,IN,46563,+15743285859,41.3639354,-86.3249599,Mon-Sat 09:30-21:30; Sun 10:00-20:00,https://locations.fivebelow.com/in/plymouth/1406-pilgrim-ln,Indiana,Five Below,2026-07-16
1080779263,4615 National Rd East,,Richmond,IN,47374,+17653408338,39.82944658187883,-84.8388892117991,Mon-Sat 09:30-21:30; Sun 10:00-20:00,https://locations.fivebelow.com/in/richmond/4615-national-rd-east,Indiana,Five Below,2026-07-16
13538781,3692 S US Highway 41 S.,,Terre Haute,IN,47802,+18122341663,39.42140452251304,-87.4135368940544,Mon-Sat 09:30-21:30; Sun 10:00-20:00,https://locations.fivebelow.com/in/terre-haute/3692-s-us-highway-41-s.,Indiana,Five Below,2026-07-16
13538898,110 Porters Vale Blvd,,Valparaiso,IN,46383,+12194625512,41.470401960905974,-87.01520708465574,Mon-Sat 09:30-21:30; Sun 10:00-20:00,https://locations.fivebelow.com/in/valparaiso/110-porters-vale-blvd,Indiana,Five Below,2026-07-16
2040253753,230 Kimmell Rd,,Vincennes,IN,47591,+18122706062,38.6591223,-87.5079475,Mon-Sat 09:30-21:30; Sun 10:00-20:00,https://locations.fivebelow.com/in/vincennes/230-kimmell-rd,Indiana,Five Below,2026-07-16
13538986,6140 Mills Drive,Suite 300,Whitestown,IN,46075,+13177692142,39.951767605968435,-86.349938269843,Mon-Sat 09:30-21:30; Sun 10:00-20:00,https://locations.fivebelow.com/in/whitestown/6140-mills-drive,Indiana,Five Below,2026-07-16
26128923,1936 N Rock Rd,Suite 800,Derby,KS,67037,+13162025634,37.56726424991417,-97.24130586648465,Mon-Sat 09:30-21:30; Sun 10:00-20:00,https://locations.fivebelow.com/ks/derby/1936-n-rock-rd,Kansas,Five Below,2026-07-16
1066166842,2616 W 24th Ave.,,Emporia,KS,66801,+16202779448,38.429091,-96.214129,Mon-Sat 09:30-21:30; Sun 10:00-20:00,https://locations.fivebelow.com/ks/emporia/2616-w-24th-ave.,Kansas,Five Below,2026-07-16
13539013,1740 Larue Road,,Garden City,KS,67846,+16202750169,37.9803671,-100.834697,Mon-Sat 09:30-21:30; Sun 10:00-20:00,https://locations.fivebelow.com/ks/garden-city/1740-larue-road,Kansas,Five Below,2026-07-16
2040253744,834 E Main St,,Gardner,KS,66030,+19134275972,38.81272565225789,-94.91122377700184,Mon-Sat 09:30-21:30; Sun 10:00-20:00,https://locations.fivebelow.com/ks/gardner/834-e-main-st,Kansas,Five Below,2026-07-16
13539089,7734 State Ave,,Kansas City,KS,66112,+19132998266,39.1174965,-94.7594791,Mon-Sat 09:30-21:30; Sun 10:00-20:00,https://locations.fivebelow.com/ks/kansas-city/7734-state-ave,Kansas,Five Below,2026-07-16
13539111,3311 S Iowa Street,Suite B,Lawrence,KS,66046,+17857491478,38.92342291162681,-95.26235037852155,Mon-Sat 09:30-21:30; Sun 10:00-20:00,https://locations.fivebelow.com/ks/lawrence/3311-s-iowa-street,Kansas,Five Below,2026-07-16
13539113,417 East Poyntz Avenue,,Manhattan,KS,66502,+17855398630,39.18522702459845,-96.55223233268379,Mon-Sat 09:30-21:30; Sun 10:00-20:00,https://locations.fivebelow.com/ks/manhattan/417-east-poyntz-avenue,Kansas,Five Below,2026-07-16
1029180201,5808 Antioch Rd,,Merriam,KS,66202,+19134269388,39.024356843638834,-94.68919637913321,Mon-Sat 09:30-21:30; Sun 10:00-20:00,https://locations.fivebelow.com/ks/merriam/5808-antioch-rd,Kansas,Five Below,2026-07-16
13539070,14635 W 119th St,,Olathe,KS,66062,+19133935420,38.91050466075716,-94.75653299734415,Mon-Sat 09:30-21:30; Sun 10:00-20:00,https://locations.fivebelow.com/ks/olathe/14635-w-119th-st,Kansas,Five Below,2026-07-16
63653445,12070 Metcalf Ave.,,Overland Park,KS,66213,+19133618104,38.910033194702514,-94.66865318276243,Mon-Sat 09:30-21:30; Sun 10:00-20:00,https://locations.fivebelow.com/ks/overland-park/12070-metcalf-ave.,Kansas,Five Below,2026-07-16
2002504411,206 W 29th St,,Pittsburg,KS,66762,+16202779495,37.4367811,-94.70641049999999,Mon-Sat 09:30-21:30; Sun 10:00-20:00,https://locations.fivebelow.com/ks/pittsburg/206-w-29th-st,Kansas,Five Below,2026-07-16
13539107,2450 S 9th St.,Suite 2003,Salina,KS,67401,+17858251986,38.79559082277992,-97.61547653993321,Mon-Sat 09:30-21:30; Sun 10:00-20:00,https://locations.fivebelow.com/ks/salina/2450-s-9th-st.,Kansas,Five Below,2026-07-16
1011095241,15300 Shawnee Mission Pkwy,,Shawnee,KS,66217,+19133725428,39.01030001739606,-94.76373439621125,Mon-Sat 09:30-21:30; Sun 10:00-20:00,https://locations.fivebelow.com/ks/shawnee/15300-shawnee-mission-pkwy,Kansas,Five Below,2026-07-16
13539435,1740 SW Wanamaker Road,Suite 400,Topeka,KS,66604,+17853290080,39.03509897088728,-95.75884140523183,Mon-Sat 09:30-21:30; Sun 10:00-20:00,https://locations.fivebelow.com/ks/topeka/1740-sw-wanamaker-road,Kansas,Five Below,2026-07-16
13539176,2702 N Greenwich Ct,,Wichita,KS,67226,+13166341707,37.733136866741155,-97.201814134271,Mon-Sat 09:30-21:30; Sun 10:00-20:00,https://locations.fivebelow.com/ks/wichita/2702-n-greenwich-ct,Kansas,Five Below,2026-07-16
13539108,2764 N Maize Road,Suite 100,Wichita,KS,67205,+13167215274,37.73292795154358,-97.46035603260226,Mon-Sat 09:30-21:30; Sun 10:00-20:00,https://locations.fivebelow.com/ks/wichita/2764-n-maize-road,Kansas,Five Below,2026-07-16
2011111069,6930 W Kellogg Drive,Suite 106,Wichita,KS,67209,+13162026193,37.67538760683523,-97.4247626613596,Mon-Sat 09:30-21:30; Sun 10:00-20:00,https://locations.fivebelow.com/ks/wichita/6930-w-kellogg-drive,Kansas,Five Below,2026-07-16
22194281,8143 E Kellogg Drive,Suite 11A,Wichita,KS,67207,+13162720595,37.677819225130094,-97.24056306451682,Mon-Sat 09:30-21:30; Sun 10:00-20:00,https://locations.fivebelow.com/ks/wichita/8143-e-kellogg-drive,Kansas,Five Below,2026-07-16
20321043,500 Winchester Ave,Suite 372,Ashland,KY,41101,+16066440016,38.48375671010994,-82.65367686455554,Mon-Sat 10:00-20:00; Sun 12:00-18:00,https://locations.fivebelow.com/ky/ashland/500-winchester-ave,Kentucky,Five Below,2026-07-16
13539305,1865 Campbell Lane,Suite 100,Bowling Green,KY,42104,+12707828119,36.9532741279765,-86.42853761599062,Mon-Sat 09:30-21:30; Sun 10:00-20:00,https://locations.fivebelow.com/ky/bowling-green/1865-campbell-lane,Kentucky,Five Below,2026-07-16
2018691446,399 Campbellsville Bypass,,Campbellsville,KY,42718,+12702974836,37.34151748817831,-85.36398930110747,Mon-Sat 09:30-21:30; Sun 10:00-20:00,https://locations.fivebelow.com/ky/campbellsville/399-campbellsville-bypass,Kentucky,Five Below,2026-07-16
2040253754,5427 Alexandria Pike,,Cold Spring,KY,41076,+18592227639,38.9989302,-84.4182838,Mon-Sat 09:30-21:30; Sun 10:00-20:00,https://locations.fivebelow.com/ky/cold-spring/5427-alexandria-pike,Kentucky,Five Below,2026-07-16
2051803091,14659 N US Highway 25,Unit 26,Corbin,KY,40701,+16064672933,36.95759134889291,-84.07165607015328,Mon-Sat 09:30-21:30; Sun 10:00-20:00,https://locations.fivebelow.com/ky/corbin/14659-n-us-highway-25,Kentucky,Five Below,2026-07-16
16196189,1970 N Dixie Highway,,Elizabethtown,KY,42701,+12702090913,37.738233450748645,-85.89154531182167,Mon-Sat 09:30-21:30; Sun 10:00-20:00,https://locations.fivebelow.com/ky/elizabethtown/1970-n-dixie-highway,Kentucky,Five Below,2026-07-16
13539415,7665 Mall Road,,Florence,KY,41042,+18592820286,38.99800503581767,-84.65589992432444,Mon-Sat 09:30-21:30; Sun 10:00-20:00,https://locations.fivebelow.com/ky/florence/7665-mall-road,Kentucky,Five Below,2026-07-16
2002504410,2174 Dixie Hwy,,Fort Mitchell,KY,41017,+18593479685,39.048063,-84.553738,Mon-Sat 09:30-21:30; Sun 10:00-20:00,https://locations.fivebelow.com/ky/fort-mitchell/2174-dixie-hwy,Kentucky,Five Below,2026-07-16
1076890496,1303 US Highway 127 S.,Suite #103,Frankfort,KY,40601,+15023233795,38.168683220239544,-84.89718425146555,Mon-Sat 09:30-21:30; Sun 10:00-20:00,https://locations.fivebelow.com/ky/frankfort/1303-us-highway-127-s.,Kentucky,Five Below,2026-07-16
13539287,7000 John Davis Drive,Suite C400,Frankfort,KY,40601,+15026951991,38.176415071159376,-84.81639630998666,Mon-Sat 09:30-21:30; Sun 10:00-20:00,https://locations.fivebelow.com/ky/frankfort/7000-john-davis-drive,Kentucky,Five Below,2026-07-16
1083869674,1447 Nashville Rd,,Franklin,KY,42134,+12705692012,36.697606402387784,-86.56943770858096,Mon-Sat 09:30-21:30; Sun 10:00-20:00,https://locations.fivebelow.com/ky/franklin/1447-nashville-rd,Kentucky,Five Below,2026-07-16
35034662,358 N L Rogers Wells Blvd,,Glasgow,KY,42141,+12702977864,37.0079207,-85.9273637,Mon-Sat 09:30-21:30; Sun 10:00-20:00,https://locations.fivebelow.com/ky/glasgow/358-n-l-rogers-wells-blvd,Kentucky,Five Below,2026-07-16
2057047163,256 Black Gold Blvd,,Hazard,KY,41701,+16062225069,37.25121594280121,-83.20288586117132,Mon-Sat 09:30-21:30; Sun 10:00-20:00,https://locations.fivebelow.com/ky/hazard/256-black-gold-blvd,Kentucky,Five Below,2026-07-16
2015068694,2606 Zion Rd,Space A-4,Henderson,KY,42420,+12702897889,37.8262569627856,-87.55543509325445,Mon-Sat 09:30-21:30; Sun 10:00-20:00,https://locations.fivebelow.com/ky/henderson/2606-zion-rd,Kentucky,Five Below,2026-07-16
13539387,4829 Fort Campbell Blvd,,Hopkinsville,KY,42240,+12708875614,36.814713339637244,-87.47426222453691,Mon-Sat 09:30-21:30; Sun 10:00-20:00,https://locations.fivebelow.com/ky/hopkinsville/4829-fort-campbell-blvd,Kentucky,Five Below,2026-07-16
13539347,150 W Lowry Lane,Suite 130,Lexington,KY,40503,+18597854128,38.00490980235593,-84.52076602223212,Mon-Sat 09:30-21:30; Sun 10:00-20:00,https://locations.fivebelow.com/ky/lexington/150-w-lowry-lane,Kentucky,Five Below,2026-07-16
1017894679,1555 E New Circle Rd,154,Lexington,KY,40509,+18594841638,38.018995133849266,-84.4543300644875,Mon-Sat 09:30-21:30; Sun 10:00-20:00,https://locations.fivebelow.com/ky/lexington/1555-e-new-circle-rd,Kentucky,Five Below,2026-07-16
15576977,1984 Pavilion Way,,Lexington,KY,40509,+18593542067,38.0248761,-84.4164869,Mon-Sat 09:30-21:30; Sun 10:00-20:00,https://locations.fivebelow.com/ky/lexington/1984-pavilion-way,Kentucky,Five Below,2026-07-16
1083869671,3615 Nicholasville Rd,Suite H-860,Lexington,KY,40503,+18593472632,37.986911607790745,-84.52878276652976,Mon-Sat 10:00-20:00; Sun 12:00-18:00,https://locations.fivebelow.com/ky/lexington/3615-nicholasville-rd,Kentucky,Five Below,2026-07-16
13539434,1710 West Highway 192,Suite 200,London,KY,40741,+16062594541,37.106304783519036,-84.08905099270078,Mon-Sat 09:30-21:30; Sun 10:00-20:00,https://locations.fivebelow.com/ky/london/1710-west-highway-192,Kentucky,Five Below,2026-07-16
47940855,10375 Dixie Hwy,,Louisville,KY,40272,+15022065717,38.10412961415535,-85.86557793246526,Mon-Sat 09:30-21:30; Sun 10:00-20:00,https://locations.fivebelow.com/ky/louisville/10375-dixie-hwy,Kentucky,Five Below,2026-07-16
13539299,13401 Shelbyville Road,Suite 107,Louisville,KY,40223,+15022447646,38.24445207865978,-85.50771344485997,Mon-Sat 09:30-21:30; Sun 10:00-20:00,https://locations.fivebelow.com/ky/louisville/13401-shelbyville-road,Kentucky,Five Below,2026-07-16
1015790266,1959 S Hurstbourne Pkwy,,Louisville,KY,40220,+15022063727,38.21685333699098,-85.58568460609658,Mon-Sat 09:30-21:30; Sun 10:00-20:00,https://locations.fivebelow.com/ky/louisville/1959-s-hurstbourne-pkwy,Kentucky,Five Below,2026-07-16
16241196,4320 Towne Center Dr,,Louisville,KY,40241,+15022349467,38.3001326,-85.5577313,Mon-Sat 09:30-21:30; Sun 10:00-20:00,https://locations.fivebelow.com/ky/louisville/4320-towne-center-dr,Kentucky,Five Below,2026-07-16
13539315,4901 Outer Loop,Suite 111,Louisville,KY,40219,+15029666039,38.13981654286084,-85.66709138044338,Mon-Sat 09:30-21:30; Sun 10:00-20:00,https://locations.fivebelow.com/ky/louisville/4901-outer-loop,Kentucky,Five Below,2026-07-16
2040253756,5000 Shelbyville Rd,Suite 1400,Louisville,KY,40207,+15022000309,38.24683602595892,-85.6225153910851,Mon-Sat 11:00-20:00; Sun 12:00-18:00,https://locations.fivebelow.com/ky/louisville/5000-shelbyville-rd,Kentucky,Five Below,2026-07-16
1017894639,5316 A Bardstown Rd,,Louisville,KY,40291,+15023478255,38.16629397937677,-85.60482162731265,Mon-Sat 09:30-21:30; Sun 10:00-20:00,https://locations.fivebelow.com/ky/louisville/5316-a-bardstown-rd,Kentucky,Five Below,2026-07-16
1066166822,6801 Dixie Highway,,Louisville,KY,40258,+15023233751,38.15126113699198,-85.8335150376277,Mon-Sat 09:30-21:30; Sun 10:00-20:00,https://locations.fivebelow.com/ky/louisville/6801-dixie-highway,Kentucky,Five Below,2026-07-16
2019847476,559 Whittington Dr,,Madisonville,KY,42431,+12702977865,37.3451681,-87.490182,Mon-Sat 09:30-21:30; Sun 10:00-20:00,https://locations.fivebelow.com/ky/madisonville/559-whittington-dr,Kentucky,Five Below,2026-07-16
1076890517,417 Market Square Drive,,Maysville,KY,41056,+16064209696,38.626585121990146,-83.79337197540809,Mon-Sat 09:30-21:30; Sun 10:00-20:00,https://locations.fivebelow.com/ky/maysville/417-market-square-drive,Kentucky,Five Below,2026-07-16
2007699958,255 Cumberland Crossing,,Monticello,KY,42633,+16064672879,36.858947,-84.8446543,Mon-Sat 09:30-21:30; Sun 10:00-20:00,https://locations.fivebelow.com/ky/monticello/255-cumberland-crossing,Kentucky,Five Below,2026-07-16
1076890518,244 Kroger Center Drive,,Morehead,KY,40351,+16064209701,38.1930274,-83.4842759,Mon-Sat 09:30-21:30; Sun 10:00-20:00,https://locations.fivebelow.com/ky/morehead/244-kroger-center-drive,Kentucky,Five Below,2026-07-16
26828065,638 N 12th St.,,Murray,KY,42071,+12705740099,36.62022650722373,-88.31295557724319,Mon-Sat 09:30-21:30; Sun 10:00-20:00,https://locations.fivebelow.com/ky/murray/638-n-12th-st.,Kentucky,Five Below,2026-07-16
39114172,2480 Calumet Trace,,Owensboro,KY,42303,+12706003102,37.764054,-87.067567,Mon-Sat 09:30-21:30; Sun 10:00-20:00,https://locations.fivebelow.com/ky/owensboro/2480-calumet-trace,Kentucky,Five Below,2026-07-16
13539354,5099 Frederica Street,,Owensboro,KY,42301,+12706848715,37.719071,-87.1225233,Mon-Sat 09:30-21:30; Sun 10:00-20:00,https://locations.fivebelow.com/ky/owensboro/5099-frederica-street,Kentucky,Five Below,2026-07-16
14692762,5101 Hinkleville Rd,Unit #503,Paducah,KY,42001,+12702974835,37.07997251878577,-88.68901035242766,Mon-Sat 09:30-21:30; Sun 10:00-20:00,https://locations.fivebelow.com/ky/paducah/5101-hinkleville-rd,Kentucky,Five Below,2026-07-16
1004710843,367 N Mayo Trail,,Paintsville,KY,41240,+16064672229,37.82398070348323,-82.81759535385136,Mon-Sat 09:30-21:30; Sun 10:00-20:00,https://locations.fivebelow.com/ky/paintsville/367-n-mayo-trail,Kentucky,Five Below,2026-07-16
16796699,120 Justice Way,Suite 150,Pikeville,KY,41501,+16063851801,37.507834,-82.541771,Mon-Sat 09:30-21:30; Sun 10:00-20:00,https://locations.fivebelow.com/ky/pikeville/120-justice-way,Kentucky,Five Below,2026-07-16
1076890507,833 Eastern Byp,,Richmond,KY,40475,+18594074326,37.73389798845691,-84.28101303080288,Mon-Sat 09:30-21:30; Sun 10:00-20:00,https://locations.fivebelow.com/ky/richmond/833-eastern-byp,Kentucky,Five Below,2026-07-16
1004710850,7 Winchester Plaza,Suite F-1,Winchester,KY,40391,+18594121809,38.0084225,-84.211606,Mon-Sat 09:30-21:30; Sun 10:00-20:00,https://locations.fivebelow.com/ky/winchester/7-winchester-plaza,Kentucky,Five Below,2026-07-16
1004710838,2629-2639 S MacArthur Dr,,Alexandria,LA,71301,+13182097913,31.270382852805305,-92.46013515650367,Mon-Sat 09:30-21:30; Sun 10:00-20:00,https://locations.fivebelow.com/la/alexandria/2629-2639-s-macarthur-dr,Louisiana,Five Below,2026-07-16
13539121,6865 Siegen Lane A,,Baton Rouge,LA,70809,+12253684890,30.38555117156198,-91.06028875816116,Mon-Sat 09:30-21:30; Sun 10:00-20:00,https://locations.fivebelow.com/la/baton-rouge/6865-siegen-lane-a,Louisiana,Five Below,2026-07-16
17034175,1041 George Dement Blvd,,Bossier City,LA,71111,+13184133828,32.55243,-93.70817,Mon-Sat 09:30-21:30; Sun 10:00-20:00,https://locations.fivebelow.com/la/bossier-city/1041-george-dement-blvd,Louisiana,Five Below,2026-07-16
13539122,69328 Highway 21,,Covington,LA,70433,+19858935295,30.44341909484541,-90.13877593005941,Mon-Sat 09:30-21:30; Sun 10:00-20:00,https://locations.fivebelow.com/la/covington/69328-highway-21,Louisiana,Five Below,2026-07-16
13539458,10130 Crossing Way,Suite 360,Denham Springs,LA,70726,+12252381761,30.468374,-90.920725,Mon-Sat 09:30-21:30; Sun 10:00-20:00,https://locations.fivebelow.com/la/denham-springs/10130-crossing-way,Louisiana,Five Below,2026-07-16
13539457,115 S Airline Hwy,Suite D,Gonzales,LA,70737,+12254011880,30.23180847753619,-90.90965938028717,Mon-Sat 09:30-21:30; Sun 10:00-20:00,https://locations.fivebelow.com/la/gonzales/115-s-airline-hwy,Louisiana,Five Below,2026-07-16
15213221,1918 Hammond Square Drive,,Hammond,LA,70403,+19852988278,30.4828962,-90.4590728,Mon-Sat 09:30-21:30; Sun 10:00-20:00,https://locations.fivebelow.com/la/hammond/1918-hammond-square-drive,Louisiana,Five Below,2026-07-16
15213212,1500 Westbank Expressway,Suite C,Harvey,LA,70058,+15045171633,29.90369952614567,-90.06355253493558,Mon-Sat 09:30-21:30; Sun 10:00-20:00,https://locations.fivebelow.com/la/harvey/1500-westbank-expressway,Louisiana,Five Below,2026-07-16
13539229,1779 Martin Luther King Blvd,Suite 310,Houma,LA,70360,+19858768460,29.616510057656058,-90.75993863873757,Mon-Sat 09:30-21:30; Sun 10:00-20:00,https://locations.fivebelow.com/la/houma/1779-martin-luther-king-blvd,Louisiana,Five Below,2026-07-16
13539099,111 Meadow Farm Road,#110,Lafayette,LA,70508,+13379913768,30.158433,-92.045137,Mon-Sat 09:30-21:30; Sun 10:00-20:00,https://locations.fivebelow.com/la/lafayette/111-meadow-farm-road,Louisiana,Five Below,2026-07-16
52444317,3221 Louisiana Ave,Suite 100,Lafayette,LA,70501,+13372520752,30.264902433644227,-91.99600590613423,Mon-Sat 09:30-21:30; Sun 10:00-20:00,https://locations.fivebelow.com/la/lafayette/3221-louisiana-ave,Louisiana,Five Below,2026-07-16
1080779250,5700 Johnston Street,Suite 400,Lafayette,LA,70503,+13373525006,30.17805629139525,-92.07829839896472,Mon-Sat 09:30-21:30; Sun 10:00-20:00,https://locations.fivebelow.com/la/lafayette/5700-johnston-street,Louisiana,Five Below,2026-07-16
20321058,538 West Prien Lake Rd,Suite H01,Lake Charles,LA,70601,+13372239239,30.199297558149333,-93.22594183075924,Mon-Sat 09:30-21:30; Sun 10:00-20:00,https://locations.fivebelow.com/la/lake-charles/538-west-prien-lake-rd,Louisiana,Five Below,2026-07-16
97211929,1818 N Causeway Blvd,Suite 2,Mandeville,LA,70471,+19852361871,30.393784059232736,-90.09232011656762,Mon-Sat 09:30-21:30; Sun 10:00-20:00,https://locations.fivebelow.com/la/mandeville/1818-n-causeway-blvd,Louisiana,Five Below,2026-07-16
15213226,8855 Veterans Memorial Boulevard,Suite B,Metairie,LA,70003,+15045769233,30.00725593377999,-90.22687325485634,Mon-Sat 09:30-21:30; Sun 10:00-20:00,https://locations.fivebelow.com/la/metairie/8855-veterans-memorial-boulevard,Louisiana,Five Below,2026-07-16
13539245,4429 Pecanland Mall Dr.,Suite 6,Monroe,LA,71203,+13183273259,32.49956509368575,-92.06734182641195,Mon-Sat 09:30-21:30; Sun 10:00-20:00,https://locations.fivebelow.com/la/monroe/4429-pecanland-mall-dr.,Louisiana,Five Below,2026-07-16
42115919,1102 E Admiral Doyle Dr,Suite 1-E,New Iberia,LA,70560,+13372825053,29.982720935120565,-91.82003097422238,Mon-Sat 09:30-21:30; Sun 10:00-20:00,https://locations.fivebelow.com/la/new-iberia/1102-e-admiral-doyle-dr,Louisiana,Five Below,2026-07-16
13539097,1200 S Clearview Pkwy,Suite 1130,New Orleans,LA,70123,+15045769281,29.96116064171767,-90.18474235706043,Mon-Sat 09:30-21:30; Sun 10:00-20:00,https://locations.fivebelow.com/la/new-orleans/1200-s-clearview-pkwy,Louisiana,Five Below,2026-07-16
13539467,2900 S Claiborne Ave,Suite 500,New Orleans,LA,70125,+15046051560,29.940822908634512,-90.09486531218681,Mon-Sun 09:30-20:00,https://locations.fivebelow.com/la/new-orleans/2900-s-claiborne-ave,Louisiana,Five Below,2026-07-16
13539470,3034 Holiday Drive,,New Orleans,LA,70131,+15043693077,29.9220778,-90.0119785,Mon-Sat 09:30-21:30; Sun 10:00-20:00,https://locations.fivebelow.com/la/new-orleans/3034-holiday-drive,Louisiana,Five Below,2026-07-16
13539198,1226 Woodward Avenue,,Ruston,LA,71270,+13182518386,32.54145286669746,-92.65514577182768,Mon-Sat 09:30-21:30; Sun 10:00-20:00,https://locations.fivebelow.com/la/ruston/1226-woodward-avenue,Louisiana,Five Below,2026-07-16
13539206,1712 E. 70th Street,,Shreveport,LA,71105,+13187975790,32.4454202,-93.7166093,Mon-Sat 09:30-21:30; Sun 10:00-20:00,https://locations.fivebelow.com/la/shreveport/1712-e.-70th-street,Louisiana,Five Below,2026-07-16
13539119,620 Town Center Parkway,,Slidell,LA,70458,+19856497633,30.267371,-89.7608015,Mon-Sat 09:30-21:30; Sun 10:00-20:00,https://locations.fivebelow.com/la/slidell/620-town-center-parkway,Louisiana,Five Below,2026-07-16
1004710857,5514 Main St,Unit 1A,Zachary,LA,70791,+12253203870,30.64577847751273,-91.14652350607594,Mon-Sat 09:30-21:30; Sun 10:00-20:00,https://locations.fivebelow.com/la/zachary/5514-main-st,Louisiana,Five Below,2026-07-16
1083869675,1190 Newport Ave,Units E5 & E6,Attleboro,MA,02703,+15082256624,41.89880069355207,-71.3520210613596,Mon-Sat 09:30-21:30; Sun 10:00-20:00,https://locations.fivebelow.com/ma/attleboro/1190-newport-ave,Massachusetts,Five Below,2026-07-16
1057552575,385 Southbridge St.,Suite# N280A,Auburn,MA,01501,+17743157230,42.2024925,-71.8352676,Mon-Thu 10:00-20:00; Fri-Sat 10:00-21:00; Sun 12:00-18:00,https://locations.fivebelow.com/ma/auburn/385-southbridge-st.,Massachusetts,Five Below,2026-07-16
2026303201,700 Boston Rd,Unit 160,Billerica,MA,01821,+13512282452,42.539352894891735,-71.24332609999998,Mon-Sat 09:30-21:30; Sun 10:00-20:00,https://locations.fivebelow.com/ma/billerica/700-boston-rd,Massachusetts,Five Below,2026-07-16
13539366,255 Grossman Dr,Unit A,Braintree,MA,02184,+17813569061,42.21204234504433,-70.99837761719044,Mon-Sat 09:30-21:30; Sun 10:00-20:00,https://locations.fivebelow.com/ma/braintree/255-grossman-dr,Massachusetts,Five Below,2026-07-16
1015790267,233 Broad St,Unit #10,Bridgewater,MA,02324,+15089888038,41.99410210000002,-70.97281651288013,Mon-Sat 09:30-21:30; Sun 10:00-20:00,https://locations.fivebelow.com/ma/bridgewater/233-broad-st,Massachusetts,Five Below,2026-07-16
1007103753,715 Crescent St.,Suite 12,Brockton,MA,02302,+17742562891,42.08057622955663,-70.98980001104508,Mon-Sat 09:30-21:30; Sun 10:00-20:00,https://locations.fivebelow.com/ma/brockton/715-crescent-st.,Massachusetts,Five Below,2026-07-16
26828055,34 Cambridge Street,Unit 130,Burlington,MA,01803,+17814976651,42.484494919651034,-71.18597025822879,Mon-Sat 09:30-21:30; Sun 10:00-20:00,https://locations.fivebelow.com/ma/burlington/34-cambridge-street,Massachusetts,Five Below,2026-07-16
13539398,591 Memorial Drive,Unit K,Chicopee,MA,01020,+14135933175,42.17404061193464,-72.57214062997303,Mon-Sat 09:30-21:30; Sun 10:00-20:00,https://locations.fivebelow.com/ma/chicopee/591-memorial-drive,Massachusetts,Five Below,2026-07-16
13539357,100 Independence Way,Suite E115,Danvers,MA,01923,+19787743990,42.55298981923927,-70.94031496288832,Mon-Sat 09:30-21:30; Sun 10:00-20:00,https://locations.fivebelow.com/ma/danvers/100-independence-way,Massachusetts,Five Below,2026-07-16
13539165,85 North Dartmouth Mall,Space 1320,Dartmouth,MA,02747,+15089991397,41.641748625357785,-70.99132352319066,Mon-Sat 09:30-21:30; Sun 10:00-20:00,https://locations.fivebelow.com/ma/dartmouth/85-north-dartmouth-mall,Massachusetts,Five Below,2026-07-16
13539368,340-2 Providence Highway,,Dedham,MA,02026,+17813267604,42.25428927369493,-71.16877515500362,Mon-Sat 09:30-21:30; Sun 10:00-20:00,https://locations.fivebelow.com/ma/dedham/340-2-providence-highway,Massachusetts,Five Below,2026-07-16
1053673506,8 Allstate Rd,,Dorchester,MA,02125,+16176934298,42.327257982975524,-71.06130616073055,Mon-Sat 09:30-21:30; Sun 10:00-20:00,https://locations.fivebelow.com/ma/dorchester/8-allstate-rd,Massachusetts,Five Below,2026-07-16
58795325,70 Providence Hwy,Suite #: A-60,East Walpole,MA,02032,+15084926091,42.15557450649514,-71.20169430482431,Mon-Sat 09:30-21:30; Sun 10:00-20:00,https://locations.fivebelow.com/ma/east-walpole/70-providence-hwy,Massachusetts,Five Below,2026-07-16
13539393,13 Mystic View Road,,Everett,MA,02149,+16173870103,42.399841714269776,-71.06791763558198,Mon-Sat 09:30-21:30; Sun 10:00-20:00,https://locations.fivebelow.com/ma/everett/13-mystic-view-road,Massachusetts,Five Below,2026-07-16
13539397,510 William Canning Blvd,,Fall River,MA,02721,+17742945054,41.6722453332359,-71.15889707299898,Mon-Sat 09:30-21:30; Sun 10:00-20:00,https://locations.fivebelow.com/ma/fall-river/510-william-canning-blvd,Massachusetts,Five Below,2026-07-16
13539327,1 Worcester Road,Unit 505B,Framingham,MA,01701,+15086550256,42.301799423912016,-71.39625789804747,Mon-Sat 09:30-21:30; Sun 10:00-20:00,https://locations.fivebelow.com/ma/framingham/1-worcester-road,Massachusetts,Five Below,2026-07-16
1057552566,368 Timpany Blvd,,Gardner,MA,01440,+19783815964,42.558966120982404,-71.98916625367794,Mon-Sat 09:30-21:30; Sun 10:00-20:00,https://locations.fivebelow.com/ma/gardner/368-timpany-blvd,Massachusetts,Five Below,2026-07-16
47940856,50 Holyoke Street,Space C334,Holyoke,MA,01040,+14132000019,42.16765323585356,-72.64132409631776,Mon-Thu 10:00-20:00; Fri-Sat 10:00-21:00; Sun 11:00-18:00,https://locations.fivebelow.com/ma/holyoke/50-holyoke-street,Massachusetts,Five Below,2026-07-16
13539367,30 Highland Commons East,,Hudson,MA,01749,+19785675806,42.391975,-71.594932,Mon-Sat 09:30-21:30; Sun 10:00-20:00,https://locations.fivebelow.com/ma/hudson/30-highland-commons-east,Massachusetts,Five Below,2026-07-16
13539373,790 Iyanough Road,Suite 24B,Hyannis,MA,02601,+15087905748,41.669120995209745,-70.29294090940596,Mon-Sat 09:30-21:30; Sun 10:00-20:00,https://locations.fivebelow.com/ma/hyannis/790-iyanough-road,Massachusetts,Five Below,2026-07-16
13539337,56 Watertower Plaza,,Leominster,MA,01453,+19784663417,42.54235371430698,-71.75670154232785,Mon-Sat 09:30-21:30; Sun 10:00-20:00,https://locations.fivebelow.com/ma/leominster/56-watertower-plaza,Massachusetts,Five Below,2026-07-16
13539362,199 Plain St,Unit 7,Lowell,MA,01852,+19784532989,42.62353221780921,-71.31793030650626,Mon-Sat 09:30-21:30; Sun 10:00-20:00,https://locations.fivebelow.com/ma/lowell/199-plain-st,Massachusetts,Five Below,2026-07-16
13539333,280 School Street,Suite 130,Mansfield,MA,02048,+15083391832,42.01248693231153,-71.22635712032661,Mon-Sat 09:30-21:30; Sun 10:00-20:00,https://locations.fivebelow.com/ma/mansfield/280-school-street,Massachusetts,Five Below,2026-07-16
79588104,225 Boston Post Rd West,,Marlborough,MA,01752,+15084923896,42.339633765627795,-71.59252231158513,Mon-Sat 09:30-21:30; Sun 10:00-20:00,https://locations.fivebelow.com/ma/marlborough/225-boston-post-rd-west,Massachusetts,Five Below,2026-07-16
13539326,1250 S Washington Street,Suite I-1,North Attleboro,MA,02760,+15086992937,41.93952283299763,-71.34857021962841,Mon-Sat 09:30-21:30; Sun 10:00-20:00,https://locations.fivebelow.com/ma/north-attleboro/1250-s-washington-street,Massachusetts,Five Below,2026-07-16
13539370,555 Hubbard Avenue,,Pittsfield,MA,01201,+14134422082,42.4656145,-73.1963444,Mon-Sat 09:30-21:30; Sun 10:00-20:00,https://locations.fivebelow.com/ma/pittsfield/555-hubbard-avenue,Massachusetts,Five Below,2026-07-16
88016108,170 Colony Place,,Plymouth,MA,02360,+15082314144,41.9543669,-70.712606,Mon-Sat 09:30-21:30; Sun 10:00-20:00,https://locations.fivebelow.com/ma/plymouth/170-colony-place,Massachusetts,Five Below,2026-07-16
17717566,266 New State Highway,Unit 17,Raynham,MA,02767,+15085389034,41.90667326179361,-71.05255122153473,Mon-Sat 09:30-21:30; Sun 10:00-20:00,https://locations.fivebelow.com/ma/raynham/266-new-state-highway,Massachusetts,Five Below,2026-07-16
13539335,444 Broadway,,Saugus,MA,01906,+17812314789,42.479588512849794,-71.02104372023774,Mon-Sat 09:30-21:30; Sun 10:00-20:00,https://locations.fivebelow.com/ma/saugus/444-broadway,Massachusetts,Five Below,2026-07-16
22747242,20-50 Boston Turnpike,Suite B-2,Shrewsbury,MA,01545,+15088413894,42.272651878025776,-71.75261477424623,Mon-Sat 09:30-21:30; Sun 10:00-20:00,https://locations.fivebelow.com/ma/shrewsbury/20-50-boston-turnpike,Massachusetts,Five Below,2026-07-16
30824353,99B Main St.,,Stoneham,MA,02180,+17812080978,42.49636178665701,-71.10221971435436,Mon-Sat 09:30-21:30; Sun 10:00-20:00,https://locations.fivebelow.com/ma/stoneham/99b-main-st.,Massachusetts,Five Below,2026-07-16
13539330,1334 Park Street,,Stoughton,MA,02072,+17813444786,42.102395771440385,-71.06474177536518,Mon-Sat 09:30-21:30; Sun 10:00-20:00,https://locations.fivebelow.com/ma/stoughton/1334-park-street,Massachusetts,Five Below,2026-07-16
63653444,100 Charlton Rd.,,Sturbridge,MA,01566,+15086652065,42.12671161033276,-72.05852300531377,Mon-Sat 09:30-21:30; Sun 10:00-20:00,https://locations.fivebelow.com/ma/sturbridge/100-charlton-rd.,Massachusetts,Five Below,2026-07-16
13539374,935 Riverdale Street,Suite G105,West Springfield,MA,01089,+14137371928,42.12886066196322,-72.62217363758445,Mon-Sat 09:30-21:30; Sun 10:00-20:00,https://locations.fivebelow.com/ma/west-springfield/935-riverdale-street,Massachusetts,Five Below,2026-07-16
16664968,267 E Main St.,,Westfield,MA,01085,+14134096158,42.113041,-72.72981,Mon-Sat 09:30-21:30; Sun 10:00-20:00,https://locations.fivebelow.com/ma/westfield/267-e-main-st.,Massachusetts,Five Below,2026-07-16
25506230,275 University Ave,Suite B304,Westwood,MA,02090,+17813849175,42.202556892106045,-71.15556145070624,Mon-Sat 09:30-21:30; Sun 10:00-20:00,https://locations.fivebelow.com/ma/westwood/275-university-ave,Massachusetts,Five Below,2026-07-16
2007699955,975 Beards Hill Rd,Suite# 975,Aberdeen,MD,21001,+14105418303,39.5243367,-76.18014,Mon-Sat 09:30-21:30; Sun 10:00-20:00,https://locations.fivebelow.com/md/aberdeen/975-beards-hill-rd,Maryland,Five Below,2026-07-16
13539409,2313 H Forest Drive,,Annapolis,MD,21401,+14108978401,38.97825702125844,-76.54379762086677,Mon-Sat 09:30-21:30; Sun 10:00-20:00,https://locations.fivebelow.com/md/annapolis/2313-h-forest-drive,Maryland,Five Below,2026-07-16
13539242,3531 Boston Street,,Baltimore,MD,21224,+14103272101,39.2762840602359,-76.56704600859831,Mon-Sat 09:30-21:30; Sun 10:00-20:00,https://locations.fivebelow.com/md/baltimore/3531-boston-street,Maryland,Five Below,2026-07-16
2022916340,5628 The Alameda,,Baltimore,MD,21239,+14105938513,39.35848807077734,-76.59601194466369,Mon-Sat 09:30-21:30; Sun 10:00-20:00,https://locations.fivebelow.com/md/baltimore/5628-the-alameda,Maryland,Five Below,2026-07-16
13539252,6512 Reisterstown Road A,,Baltimore,MD,21215,+14103186471,39.35620752518903,-76.704708682209,Mon-Sat 09:30-21:30; Sun 10:00-20:00,https://locations.fivebelow.com/md/baltimore/6512-reisterstown-road-a,Maryland,Five Below,2026-07-16
97211935,903 E Fort Ave,,Baltimore,MD,21230,+14433322004,39.27043176767206,-76.601784255208,Mon-Sat 09:30-21:30; Sun 10:00-20:00,https://locations.fivebelow.com/md/baltimore/903-e-fort-ave,Maryland,Five Below,2026-07-16
1035260046,1447 Rock Spring Rd,,Bel Air,MD,21014,+14435898458,39.55803763091631,-76.36833783217865,Mon-Sat 09:30-21:30; Sun 10:00-20:00,https://locations.fivebelow.com/md/bel-air/1447-rock-spring-rd,Maryland,Five Below,2026-07-16
13539216,5 Bel Air South Parkway,M-1301,Bel Air,MD,21015,+14105694621,39.49340723461537,-76.32508756712917,Mon-Sat 09:30-21:30; Sun 10:00-20:00,https://locations.fivebelow.com/md/bel-air/5-bel-air-south-parkway,Maryland,Five Below,2026-07-16
1094544159,11330 Samuel Bowen Blvd,Suite 400,Berlin,MD,21811,+14435450712,38.34198664182761,-75.16595522161022,Mon-Sat 09:30-21:30; Sun 10:00-20:00,https://locations.fivebelow.com/md/berlin/11330-samuel-bowen-blvd,Maryland,Five Below,2026-07-16
1021146761,15500 Annapolis Rd,Suite 120,Bowie,MD,20715,+12406240757,38.98240110000002,-76.73468584723872,Mon-Sat 09:30-21:30; Sun 10:00-20:00,https://locations.fivebelow.com/md/bowie/15500-annapolis-rd,Maryland,Five Below,2026-07-16
13539179,3855 Evergreen Parkway,,Bowie,MD,20716,+13014645313,38.94146689719699,-76.73591403358148,Mon-Sat 11:00-19:00; Sun 10:00-19:00,https://locations.fivebelow.com/md/bowie/3855-evergreen-parkway,Maryland,Five Below,2026-07-16
13539246,45033 Worth Ave,Unit A,California,MD,20619,+13018622850,38.30081186944756,-76.51877701131599,Mon-Sat 09:30-21:30; Sun 10:00-20:00,https://locations.fivebelow.com/md/california/45033-worth-ave,Maryland,Five Below,2026-07-16
13539219,6459 Baltimore National Pike,,Catonsville,MD,21228,+14107474898,39.284689232396815,-76.76024001471518,Mon-Sat 09:30-21:30; Sun 10:00-20:00,https://locations.fivebelow.com/md/catonsville/6459-baltimore-national-pike,Maryland,Five Below,2026-07-16
13539254,8775-B Branch Ave,,Clinton,MD,20735,+13018774075,38.76958342501257,-76.88937680775342,Mon-Sat 09:30-21:30; Sun 10:00-20:00,https://locations.fivebelow.com/md/clinton/8775-b-branch-ave,Maryland,Five Below,2026-07-16
13539197,118 Shawan Road M1,,Cockeysville,MD,21030,+14103291524,39.4987855,-76.6555237,Mon-Sat 09:30-21:30; Sun 10:00-20:00,https://locations.fivebelow.com/md/cockeysville/118-shawan-road-m1,Maryland,Five Below,2026-07-16
1017894668,1050 W Industrial Blvd,Suite #10,Cumberland,MD,21502,+13014795755,39.631370732870586,-78.75023328526744,Mon-Sat 09:30-21:30; Sun 10:00-20:00,https://locations.fivebelow.com/md/cumberland/1050-w-industrial-blvd,Maryland,Five Below,2026-07-16
15213213,219 Marlboro Ave,Suite 31,Easton,MD,21601,+14109273579,38.78316536388355,-76.079907529955,Mon-Sat 09:30-21:30; Sun 10:00-20:00,https://locations.fivebelow.com/md/easton/219-marlboro-ave,Maryland,Five Below,2026-07-16
13539188,8261 Gateway Overlook Dr,,Elkridge,MD,21075,+14103120444,39.18425405477211,-76.79339346990582,Mon-Sat 09:30-21:30; Sun 10:00-20:00,https://locations.fivebelow.com/md/elkridge/8261-gateway-overlook-dr,Maryland,Five Below,2026-07-16
1017894677,9150 Baltimore National Pike,Suite 1B,Ellicott City,MD,21042,+14435897875,39.278048868131805,-76.82617720000002,Mon-Sat 09:30-21:30; Sun 10:00-20:00,https://locations.fivebelow.com/md/ellicott-city/9150-baltimore-national-pike,Maryland,Five Below,2026-07-16
1047114457,1340 Eastern Blvd,,Essex,MD,21221,+14107343216,39.317014803674994,-76.46169680788377,Mon-Sat 09:30-21:30; Sun 10:00-20:00,https://locations.fivebelow.com/md/essex/1340-eastern-blvd,Maryland,Five Below,2026-07-16
13539239,3269 Donnell Dr,,Forestville,MD,20747,+13017361281,38.847652095250595,-76.88657683121338,Mon-Sat 10:00-21:00; Sun 12:00-18:00,https://locations.fivebelow.com/md/forestville/3269-donnell-dr,Maryland,Five Below,2026-07-16
24825793,2470 Osprey Way S,,Frederick,MD,21701,+13015782134,39.44756721834031,-77.39383433385822,Mon-Sat 09:30-21:30; Sun 10:00-20:00,https://locations.fivebelow.com/md/frederick/2470-osprey-way-s,Maryland,Five Below,2026-07-16
13539222,7246 Guilford Dr,,Frederick,MD,21704,+13016318178,39.395431050144566,-77.41655707502144,Mon-Sat 09:30-21:30; Sun 10:00-20:00,https://locations.fivebelow.com/md/frederick/7246-guilford-dr,Maryland,Five Below,2026-07-16
13539207,202 Kentlands Blvd,,Gaithersburg,MD,20878,+13018693640,39.122827,-77.23562,Mon-Sat 09:30-21:30; Sun 10:00-20:00,https://locations.fivebelow.com/md/gaithersburg/202-kentlands-blvd,Maryland,Five Below,2026-07-16
47940862,516 N Frederick Avenue,,Gaithersburg,MD,20877,+12405148163,39.14750004859597,-77.20904423684196,Mon-Sat 09:30-21:30; Sun 10:00-20:00,https://locations.fivebelow.com/md/gaithersburg/516-n-frederick-avenue,Maryland,Five Below,2026-07-16
13539203,1417 South Main Chapel,Suite 106,Gambrills,MD,21054,+14104511472,39.03360369473535,-76.68799800406039,Mon-Sat 09:30-21:30; Sun 10:00-20:00,https://locations.fivebelow.com/md/gambrills/1417-south-main-chapel,Maryland,Five Below,2026-07-16
13539202,12970 Middlebrook Road,,Germantown,MD,20874,+13015404213,39.180091129331515,-77.27134999999998,Mon-Sat 09:30-21:30; Sun 10:00-20:00,https://locations.fivebelow.com/md/germantown/12970-middlebrook-road,Maryland,Five Below,2026-07-16
13539220,6714-A2 Ritchie Highway,,Glen Burnie,MD,21061,+14107660364,39.1925382,-76.6155679,Mon-Sat 09:30-21:30; Sun 10:00-20:00,https://locations.fivebelow.com/md/glen-burnie/6714-a2-ritchie-highway,Maryland,Five Below,2026-07-16
13539250,6000 Greenbelt Road,Unit 65A,Greenbelt,MD,20770,+13013452670,38.99946472930382,-76.9091110548414,Mon-Thu 10:00-20:00; Fri-Sat 10:00-21:00; Sun 12:00-18:00,https://locations.fivebelow.com/md/greenbelt/6000-greenbelt-road,Maryland,Five Below,2026-07-16
1057552573,1171 Maryland Ave,,Hagerstown,MD,21740,+12403879748,39.621926508255655,-77.73607255466047,Mon-Sat 09:30-21:30; Sun 10:00-20:00,https://locations.fivebelow.com/md/hagerstown/1171-maryland-ave,Maryland,Five Below,2026-07-16
13539173,18057 Garland Groh Blvd,Space 14,Hagerstown,MD,21740,+13014795706,39.66111764852949,-77.74366164418029,Mon-Sat 09:30-21:30; Sun 10:00-20:00,https://locations.fivebelow.com/md/hagerstown/18057-garland-groh-blvd,Maryland,Five Below,2026-07-16
1047114468,3551 Washington Blvd,Suite  106,Halethorpe,MD,21227,+12405533383,39.251118,-76.66715097055226,Mon-Sat 09:30-21:30; Sun 10:00-20:00,https://locations.fivebelow.com/md/halethorpe/3551-washington-blvd,Maryland,Five Below,2026-07-16
13539422,7000 Arundel Mills Circle,#136,Hanover,MD,21076,+14103798357,39.155372,-76.725045,Mon-Thu 10:00-20:00; Fri-Sat 10:00-21:00; Sun 11:00-19:00,https://locations.fivebelow.com/md/hanover/7000-arundel-mills-circle,Maryland,Five Below,2026-07-16
13539241,3500 East West Highway,Suite 1500,Hyattsville,MD,20782,+13018530647,38.968290335696146,-76.96065682973897,Mon-Sat 11:00-19:00; Sun 12:00-18:00,https://locations.fivebelow.com/md/hyattsville/3500-east-west-highway,Maryland,Five Below,2026-07-16
13539405,14260A Baltimore Avenue,,Laurel,MD,20707,+13014905680,39.08616016385456,-76.86352504662705,Mon-Sat 09:30-21:30; Sun 10:00-20:00,https://locations.fivebelow.com/md/laurel/14260a-baltimore-avenue,Maryland,Five Below,2026-07-16
13539249,5275 Campbell Blvd,,Nottingham,MD,21236,+14109313703,39.367529173094304,-76.453155300177,Mon-Sat 09:30-21:30; Sun 10:00-20:00,https://locations.fivebelow.com/md/nottingham/5275-campbell-blvd,Maryland,Five Below,2026-07-16
13539161,10246 Mill Run Circle,,Owings Mills,MD,21117,+14106570961,39.40555500356929,-76.78897981269131,Mon-Sat 09:30-21:30; Sun 10:00-20:00,https://locations.fivebelow.com/md/owings-mills/10246-mill-run-circle,Maryland,Five Below,2026-07-16
1017894667,6161 Livingston Rd,Suite B,Oxon Hill,MD,20745,+12405588567,38.80437321956208,-76.9923699926424,Mon-Sat 10:00-20:00; Sun 10:00-19:00,https://locations.fivebelow.com/md/oxon-hill/6161-livingston-rd,Maryland,Five Below,2026-07-16
20321049,8042 Ritchie Hwy,Suite 4,Pasadena,MD,21122,+14108740378,39.12554983084232,-76.59246104233439,Mon-Sat 09:30-21:30; Sun 10:00-20:00,https://locations.fivebelow.com/md/pasadena/8042-ritchie-hwy,Maryland,Five Below,2026-07-16
17477114,855 N Solomons Island Rd,,Prince Frederick,MD,20678,+14433841276,38.5564253,-76.595513,Mon-Sat 09:30-21:30; Sun 10:00-20:00,https://locations.fivebelow.com/md/prince-frederick/855-n-solomons-island-rd,Maryland,Five Below,2026-07-16
13539172,1503 Rockville Pike,,Rockville,MD,20852,+13018818385,39.0649027,-77.1283989,Mon-Sat 09:30-21:30; Sun 10:00-20:00,https://locations.fivebelow.com/md/rockville/1503-rockville-pike,Maryland,Five Below,2026-07-16
13539419,8640 Pulaski Highway,Unit 139,Rosedale,MD,21237,+14106860109,39.334968,-76.487315,Mon-Sat 09:30-21:30; Sun 10:00-20:00,https://locations.fivebelow.com/md/rosedale/8640-pulaski-highway,Maryland,Five Below,2026-07-16
13539200,127 E North Pointe Drive,Suite A,Salisbury,MD,21804,+14104176647,38.41614032838696,-75.55996554558884,Mon-Sat 09:30-21:30; Sun 10:00-20:00,https://locations.fivebelow.com/md/salisbury/127-e-north-pointe-drive,Maryland,Five Below,2026-07-16
13539184,558M Gov Ritchie Highway,,Severna Park,MD,21146,+14105447526,39.07626532887742,-76.54724763558198,Mon-Sat 09:30-21:30; Sun 10:00-20:00,https://locations.fivebelow.com/md/severna-park/558m-gov-ritchie-highway,Maryland,Five Below,2026-07-16
20321048,12012 Cherry Hill Rd.,Suite 6414,Silver Spring,MD,20904,+12405032193,39.05301997265315,-76.95731511587572,Mon-Sat 09:30-21:30; Sun 10:00-20:00,https://locations.fivebelow.com/md/silver-spring/12012-cherry-hill-rd.,Maryland,Five Below,2026-07-16
13539404,13693 Connecticut Avenue,,Silver Spring,MD,20906,+13015982057,39.07832174628455,-77.0793656640451,Mon-Sat 09:30-21:30; Sun 10:00-20:00,https://locations.fivebelow.com/md/silver-spring/13693-connecticut-avenue,Maryland,Five Below,2026-07-16
13539125,8661 Colesville Road,Suite C107,Silver Spring,MD,20910,+13015871752,38.99684701122707,-77.025788380563,Mon-Sat 10:00-21:00; Sun 12:00-18:00,https://locations.fivebelow.com/md/silver-spring/8661-colesville-road,Maryland,Five Below,2026-07-16
13539266,1320 Liberty Rd,Suite D,Sykesville,MD,21784,+14105491930,39.40528798534455,-76.94892318650818,Mon-Sat 09:30-21:30; Sun 10:00-20:00,https://locations.fivebelow.com/md/sykesville/1320-liberty-rd,Maryland,Five Below,2026-07-16
13539290,803 Goucher Blvd,Suite 201,Towson,MD,21286,+14108250413,39.39753881065499,-76.58368653384464,Mon-Sat 09:30-21:30; Sun 10:00-20:00,https://locations.fivebelow.com/md/towson/803-goucher-blvd,Maryland,Five Below,2026-07-16
13539231,10486 Campus Way South,,Upper Marlboro,MD,20774,+13013240106,38.89543293212885,-76.82699523663445,Mon-Sat 09:30-21:30; Sun 10:00-20:00,https://locations.fivebelow.com/md/upper-marlboro/10486-campus-way-south,Maryland,Five Below,2026-07-16
13539410,2935 Festival Way,,Waldorf,MD,20601,+13018850650,38.630734757680685,-76.91116895176822,Mon-Sat 09:30-21:30; Sun 10:00-20:00,https://locations.fivebelow.com/md/waldorf/2935-festival-way,Maryland,Five Below,2026-07-16
13539218,625C Baltimore Blvd.,,Westminster,MD,21157,+14108573817,39.5632829,-76.9739135,Mon-Sat 09:30-21:30; Sun 10:00-20:00,https://locations.fivebelow.com/md/westminster/625c-baltimore-blvd.,Maryland,Five Below,2026-07-16
80226371,11160 Veirs Mill Rd,Suite B216,Wheaton,MD,20902,+12402328233,39.036797236719444,-77.05505334249617,Mon-Thu 10:00-20:00; Fri-Sat 10:00-21:00; Sun 11:00-19:00,https://locations.fivebelow.com/md/wheaton/11160-veirs-mill-rd,Maryland,Five Below,2026-07-16
2040257739,6614 Security Blvd,,Woodlawn,MD,21207,+14437920421,39.31336945968741,-76.7365317376674,Mon-Sat 09:30-21:30; Sun 10:00-20:00,https://locations.fivebelow.com/md/woodlawn/6614-security-blvd,Maryland,Five Below,2026-07-16
13539399,80 Steven King Dr.,Suite 3,Augusta,ME,04330,+12076210078,44.348535130722524,-69.78480200000001,Mon-Sat 09:30-21:30; Sun 10:00-20:00,https://locations.fivebelow.com/me/augusta/80-steven-king-dr.,Maine,Five Below,2026-07-16
13539359,198 Maine Mall Rd,,South Portland,ME,04106,+12077610302,43.63981236106176,-70.33264757310303,Mon-Sat 09:30-21:30; Sun 10:00-20:00,https://locations.fivebelow.com/me/south-portland/198-maine-mall-rd,Maine,Five Below,2026-07-16
1021146754,131 Topsham Fair Mall Rd,Suite 2,Topsham,ME,04086,+12075358981,43.933069556035704,-69.98529949816493,Mon-Sat 09:30-21:30; Sun 10:00-20:00,https://locations.fivebelow.com/me/topsham/131-topsham-fair-mall-rd,Maine,Five Below,2026-07-16
1066166837,126 Elm Plaza,,Waterville,ME,04901,+12075447961,44.56860589687351,-69.64116593109006,Mon-Sat 09:30-21:30; Sun 10:00-20:00,https://locations.fivebelow.com/me/waterville/126-elm-plaza,Maine,Five Below,2026-07-16
13539048,3140 Fairlane Drive,,Allen Park,MI,48101,+13139829157,42.2839484,-83.2077211,Mon-Sat 09:30-21:30; Sun 10:00-20:00,https://locations.fivebelow.com/mi/allen-park/3140-fairlane-drive,Michigan,Five Below,2026-07-16
2061807004,2897 Oak Valley Dr,,Ann Arbor,MI,48103,+17347047807,42.2446203718364,-83.76915774909115,Mon-Sat 09:30-21:30; Sun 10:00-20:00,https://locations.fivebelow.com/mi/ann-arbor/2897-oak-valley-dr,Michigan,Five Below,2026-07-16
13538815,345 N Maple Rd,,Ann Arbor,MI,48103,+17342220024,42.2846739,-83.7822943,Mon-Sat 09:30-21:30; Sun 10:00-20:00,https://locations.fivebelow.com/mi/ann-arbor/345-n-maple-rd,Michigan,Five Below,2026-07-16
13538784,3529 Washtenaw Avenue,,Ann Arbor,MI,48104,+17349750742,42.25661300739421,-83.68977078654291,Mon-Sat 09:30-21:30; Sun 10:00-20:00,https://locations.fivebelow.com/mi/ann-arbor/3529-washtenaw-avenue,Michigan,Five Below,2026-07-16
13538964,12765 Harper Village Dr,Suite #170,Battle Creek,MI,49014,+12699797595,42.26537536154545,-85.17683614835586,Mon-Sat 09:30-21:30; Sun 10:00-20:00,https://locations.fivebelow.com/mi/battle-creek/12765-harper-village-dr,Michigan,Five Below,2026-07-16
13538796,970 E. Napier Avenue,,Benton Harbor,MI,49022,+12699254856,42.083867,-86.433883,Mon-Sat 09:30-21:30; Sun 10:00-20:00,https://locations.fivebelow.com/mi/benton-harbor/970-e.-napier-avenue,Michigan,Five Below,2026-07-16
13539046,2145 S. Telegraph Rd,,Bloomfield Hills,MI,48302,+12484510480,42.609038334206154,-83.29547686999251,Mon-Sat 09:30-21:30; Sun 10:00-20:00,https://locations.fivebelow.com/mi/bloomfield-hills/2145-s.-telegraph-rd,Michigan,Five Below,2026-07-16
13539061,9520 Village Place Blvd,,Brighton,MI,48116,+18102294350,42.506229167506504,-83.75150390730937,Mon-Sat 09:30-21:30; Sun 10:00-20:00,https://locations.fivebelow.com/mi/brighton/9520-village-place-blvd,Michigan,Five Below,2026-07-16
2019847478,4155 E Court St,,Burton,MI,48509,+18102567750,43.020813307834565,-83.62698554992676,Mon-Sat 09:30-21:30; Sun 10:00-20:00,https://locations.fivebelow.com/mi/burton/4155-e-court-st,Michigan,Five Below,2026-07-16
13538790,41864 Ford Rd,,Canton,MI,48187,+17348440583,42.3246293,-83.4545135,Mon-Sat 09:30-21:30; Sun 10:00-20:00,https://locations.fivebelow.com/mi/canton/41864-ford-rd,Michigan,Five Below,2026-07-16
13539447,45592 Michigan Ave,,Canton,MI,48188,+17343491264,42.2716715765715,-83.49036468362607,Mon-Sat 09:30-21:30; Sun 10:00-20:00,https://locations.fivebelow.com/mi/canton/45592-michigan-ave,Michigan,Five Below,2026-07-16
13538757,50579 Waterside Drive,,Chesterfield,MI,48051,+15865984930,42.6703027,-82.8314897,Mon-Sat 09:30-21:30; Sun 10:00-20:00,https://locations.fivebelow.com/mi/chesterfield/50579-waterside-drive,Michigan,Five Below,2026-07-16
13538736,16001 Ford Road,#139,Dearborn,MI,48126,+13139823192,42.32772708514384,-83.19997827116396,Mon-Sat 09:30-21:30; Sun 10:00-20:00,https://locations.fivebelow.com/mi/dearborn/16001-ford-road,Michigan,Five Below,2026-07-16
1035260035,23115 Michigan Avenue,,Dearborn,MI,48124,+13133915106,42.30132357042961,-83.2596018288361,Mon-Sat 09:30-21:30; Sun 10:00-20:00,https://locations.fivebelow.com/mi/dearborn/23115-michigan-avenue,Michigan,Five Below,2026-07-16
1057552551,26478 Ford Road,Suite D,Dearborn Heights,MI,48127,+13136128475,42.32702545308681,-83.29994426325213,Mon-Sat 09:30-21:30; Sun 10:00-20:00,https://locations.fivebelow.com/mi/dearborn-heights/26478-ford-road,Michigan,Five Below,2026-07-16
2019847479,14820 Mack Ave,,Detroit,MI,48215,+13134882483,42.38649058169297,-82.94786028761564,Mon-Sat 09:30-21:30; Sun 10:00-20:00,https://locations.fivebelow.com/mi/detroit/14820-mack-ave,Michigan,Five Below,2026-07-16
1094544173,1910 E 8 Mile Rd,,Detroit,MI,48234,+13134957309,42.446259906538636,-83.08130744704847,Mon-Sat 09:30-21:30; Sun 10:00-20:00,https://locations.fivebelow.com/mi/detroit/1910-e-8-mile-rd,Michigan,Five Below,2026-07-16
13538776,2015 W 8 Mile Rd,,Detroit,MI,48203,+13133682664,42.446134598121155,-83.12120379201336,Mon-Sat 09:30-21:30; Sun 10:00-20:00,https://locations.fivebelow.com/mi/detroit/2015-w-8-mile-rd,Michigan,Five Below,2026-07-16
1015790264,301 N. Lincoln Rd.,Suite 200,Escanaba,MI,49829,+19062610471,45.74853624653109,-87.08152822878105,Mon-Sat 09:30-21:30; Sun 10:00-20:00,https://locations.fivebelow.com/mi/escanaba/301-n.-lincoln-rd.,Michigan,Five Below,2026-07-16
92741037,30042 Grand River Avenue,,Farmington Hills,MI,48336,+19472098863,42.4528721,-83.3437258,Mon-Sat 09:30-21:30; Sun 10:00-20:00,https://locations.fivebelow.com/mi/farmington-hills/30042-grand-river-avenue,Michigan,Five Below,2026-07-16
1080779259,30825 Orchard Lake Road,,Farmington Hills,MI,48334,+12487375174,42.523531817602134,-83.36096961288013,Mon-Sat 09:30-21:30; Sun 10:00-20:00,https://locations.fivebelow.com/mi/farmington-hills/30825-orchard-lake-road,Michigan,Five Below,2026-07-16
13539274,18095 Silver Parkway,,Fenton,MI,48430,+18107144011,42.791987,-83.7397305,Mon-Sat 09:30-21:30; Sun 10:00-20:00,https://locations.fivebelow.com/mi/fenton/18095-silver-parkway,Michigan,Five Below,2026-07-16
13539052,3192 S Linden Rd,Suite A116 & A120,Flint,MI,48507,+18107320455,42.981929793130995,-83.77437255447978,Mon-Sat 09:30-21:30; Sun 10:00-20:00,https://locations.fivebelow.com/mi/flint/3192-s-linden-rd,Michigan,Five Below,2026-07-16
13538819,4350 24th Ave,Suite 100,Fort Gratiot,MI,48059,+18103852705,43.034835329282195,-82.45401791994243,Mon-Sat 09:30-21:30; Sun 10:00-20:00,https://locations.fivebelow.com/mi/fort-gratiot/4350-24th-ave,Michigan,Five Below,2026-07-16
1035260051,1421 W Main St.,,Gaylord,MI,49735,+19893142541,45.0271101957106,-84.70302115153791,Mon-Sat 09:30-21:30; Sun 10:00-20:00,https://locations.fivebelow.com/mi/gaylord/1421-w-main-st.,Michigan,Five Below,2026-07-16
13539262,2076 E. Beltline Ave NE,,Grand Rapids,MI,49525,+16164478023,43.001937621491905,-85.58922322055179,Mon-Sat 09:30-21:30; Sun 10:00-20:00,https://locations.fivebelow.com/mi/grand-rapids/2076-e.-beltline-ave-ne,Michigan,Five Below,2026-07-16
13539049,3330 Alpine Avenue NW,Suite B,Grand Rapids,MI,49544,+16166474904,43.02383176739932,-85.68676936161171,Mon-Sat 09:30-21:30; Sun 10:00-20:00,https://locations.fivebelow.com/mi/grand-rapids/3330-alpine-avenue-nw,Michigan,Five Below,2026-07-16
13539051,3545 28th Street SE,,Grand Rapids,MI,49512,+16169741032,42.91501313264694,-85.57945245022154,Mon-Sat 09:30-21:30; Sun 10:00-20:00,https://locations.fivebelow.com/mi/grand-rapids/3545-28th-street-se,Michigan,Five Below,2026-07-16
2022916341,5114 28th Street SE,Suite A,Grand Rapids,MI,49512,+16162260984,42.910836965603316,-85.540797424383,Mon-Sat 09:30-21:30; Sun 10:00-20:00,https://locations.fivebelow.com/mi/grand-rapids/5114-28th-street-se,Michigan,Five Below,2026-07-16
13539054,4485 Canal Ave SW,,Grandville,MI,49418,+16165346211,42.882292657461655,-85.77549699999997,Mon-Sat 09:30-21:30; Sun 10:00-20:00,https://locations.fivebelow.com/mi/grandville/4485-canal-ave-sw,Michigan,Five Below,2026-07-16
15648420,205 S Greenville West Drive,,Greenville,MI,48838,+16162682508,43.17963192090846,-85.28099616470374,Mon-Sat 09:30-21:30; Sun 10:00-20:00,https://locations.fivebelow.com/mi/greenville/205-s-greenville-west-drive,Michigan,Five Below,2026-07-16
13538786,3050 Beeline Road,Suite 20,Holland,MI,49424,+16162210314,42.82353229126965,-86.09472214056224,Mon-Sat 09:30-21:30; Sun 10:00-20:00,https://locations.fivebelow.com/mi/holland/3050-beeline-road,Michigan,Five Below,2026-07-16
13538797,1100 Jackson Crossing Ave,Suite E102,Jackson,MI,49202,+15177840359,42.26793919018721,-84.4273204620747,Mon-Sat 10:00-20:00; Sun 11:00-17:00,https://locations.fivebelow.com/mi/jackson/1100-jackson-crossing-ave,Michigan,Five Below,2026-07-16
13538759,5210 W Main St,,Kalamazoo,MI,49009,+12693825202,42.29794204491959,-85.65259165246687,Mon-Sat 09:30-21:30; Sun 10:00-20:00,https://locations.fivebelow.com/mi/kalamazoo/5210-w-main-st,Michigan,Five Below,2026-07-16
13538783,333B North Marketplace Boulevard,,Lansing,MI,48917,+15176221387,42.73658047948266,-84.67435946990588,Mon-Sat 09:30-21:30; Sun 10:00-20:00,https://locations.fivebelow.com/mi/lansing/333b-north-marketplace-boulevard,Michigan,Five Below,2026-07-16
13539413,462 E Edgewood Blvd,,Lansing,MI,48911,+15172345292,42.66297233156864,-84.5442401865082,Mon-Sat 09:30-21:30; Sun 10:00-20:00,https://locations.fivebelow.com/mi/lansing/462-e-edgewood-blvd,Michigan,Five Below,2026-07-16
13538758,511 Mall Ct,,Lansing,MI,48912,+15173331870,42.738928128815516,-84.50750517427446,Mon-Sat 09:30-21:30; Sun 10:00-20:00,https://locations.fivebelow.com/mi/lansing/511-mall-ct,Michigan,Five Below,2026-07-16
13539042,13212 Middlebelt Road,,Livonia,MI,48150,+17344252430,42.379559,-83.3278961,Mon-Sat 09:30-21:30; Sun 10:00-20:00,https://locations.fivebelow.com/mi/livonia/13212-middlebelt-road,Michigan,Five Below,2026-07-16
13538829,905 Joe Mann Blvd,,Midland,MI,48642,+19898394138,43.65819382511844,-84.23836567401486,Mon-Sat 09:30-21:30; Sun 10:00-20:00,https://locations.fivebelow.com/mi/midland/905-joe-mann-blvd,Michigan,Five Below,2026-07-16
13538809,2141 Mall Road,,Monroe,MI,48162,+17344575091,41.95519204901065,-83.39758444943857,Mon-Sat 09:30-21:30; Sun 10:00-20:00,https://locations.fivebelow.com/mi/monroe/2141-mall-road,Michigan,Five Below,2026-07-16
13538818,2125 South Mission Street,,Mount Pleasant,MI,48858,+19897727247,43.57804194524368,-84.765536596417,Mon-Sat 09:30-21:30; Sun 10:00-20:00,https://locations.fivebelow.com/mi/mount-pleasant/2125-south-mission-street,Michigan,Five Below,2026-07-16
1011095231,2125 S. Mission Street,B24,Mt. Pleasant,MI,48858,,43.57803877872814,-84.76552889750796,Mon-Sat 09:30-21:30; Sun 10:00-20:00,https://locations.fivebelow.com/mi/mt.-pleasant/2125-s.-mission-street,Michigan,Five Below,2026-07-16
13539074,17631 Haggerty Road,,Northville,MI,48168,+12483058047,42.41436311857241,-83.43537872883604,Mon-Sat 09:30-21:30; Sun 10:00-20:00,https://locations.fivebelow.com/mi/northville/17631-haggerty-road,Michigan,Five Below,2026-07-16
13539058,5313 Harvey Street,Suite B,Norton Shores,MI,49444,+12317980272,43.155668431485,-86.20755839667646,Mon-Sat 09:30-21:30; Sun 10:00-20:00,https://locations.fivebelow.com/mi/norton-shores/5313-harvey-street,Michigan,Five Below,2026-07-16
13539053,43514 W. Oaks Ave,,Novi,MI,48377,+12482068138,42.4946556,-83.4801782,Mon-Sat 09:30-21:30; Sun 10:00-20:00,https://locations.fivebelow.com/mi/novi/43514-w.-oaks-ave,Michigan,Five Below,2026-07-16
13538756,4904 Marsh Road,,Okemos,MI,48864,+15173813414,42.72529381272823,-84.41351521306308,Mon-Sat 09:30-21:30; Sun 10:00-20:00,https://locations.fivebelow.com/mi/okemos/4904-marsh-road,Michigan,Five Below,2026-07-16
13539056,4814 S. Baldwin Road,,Orion,MI,48359,+12483911585,42.7102343,-83.3087624,Mon-Sat 09:30-21:30; Sun 10:00-20:00,https://locations.fivebelow.com/mi/orion/4814-s.-baldwin-road,Michigan,Five Below,2026-07-16
1076890516,1600 Anderson Road,,Petoskey,MI,49770,+12312372287,45.350271216538104,-84.97374469909886,Mon-Sat 09:30-21:30; Sun 10:00-20:00,https://locations.fivebelow.com/mi/petoskey/1600-anderson-road,Michigan,Five Below,2026-07-16
13539060,6284 S. Westnedge Ave,,Portage,MI,49002,+12693291380,42.22599584768391,-85.5917489982745,Mon-Sat 09:30-21:30; Sun 10:00-20:00,https://locations.fivebelow.com/mi/portage/6284-s.-westnedge-ave,Michigan,Five Below,2026-07-16
13539082,2883 South Rochester Road,,Rochester Hills,MI,48307,+12488205873,42.63717340250076,-83.12995643622361,Mon-Sat 09:30-21:30; Sun 10:00-20:00,https://locations.fivebelow.com/mi/rochester-hills/2883-south-rochester-road,Michigan,Five Below,2026-07-16
13538780,28794 Gratiot Ave,,Roseville,MI,48066,+15867710026,42.5084172,-82.9270989,Mon-Sat 09:30-21:30; Sun 10:00-20:00,https://locations.fivebelow.com/mi/roseville/28794-gratiot-ave,Michigan,Five Below,2026-07-16
13538749,32467 Gratiot Ave,,Roseville,MI,48066,+15862966160,42.53568156837051,-82.91545347455221,Mon-Sat 09:30-21:30; Sun 10:00-20:00,https://locations.fivebelow.com/mi/roseville/32467-gratiot-ave,Michigan,Five Below,2026-07-16
13538785,3435 Tittabawassee Road,,Saginaw,MI,48604,+19897902165,43.47933740006652,-83.98404477367285,Mon-Sat 09:30-21:30; Sun 10:00-20:00,https://locations.fivebelow.com/mi/saginaw/3435-tittabawassee-road,Michigan,Five Below,2026-07-16
1015790272,4510 I-75 Business Spur,,Sault Sainte Marie,MI,49783,+19062610451,46.465715760532724,-84.37954070672563,Mon-Sat 09:30-21:30; Sun 10:00-20:00,https://locations.fivebelow.com/mi/sault-sainte-marie/4510-i-75-business-spur,Michigan,Five Below,2026-07-16
13539011,14215 Hall Road,,Shelby Township,MI,48315,+15865661070,42.62990306554875,-82.98478065217222,Mon-Sat 09:30-21:30; Sun 10:00-20:00,https://locations.fivebelow.com/mi/shelby-township/14215-hall-road,Michigan,Five Below,2026-07-16
13539024,7526 26 Mile Road,,Shelby Township,MI,48316,+15867813422,42.71260722175493,-83.03880301593819,Mon-Sat 09:30-21:30; Sun 10:00-20:00,https://locations.fivebelow.com/mi/shelby-township/7526-26-mile-road,Michigan,Five Below,2026-07-16
2015068650,23659 Greenfield Rd,,Southfield,MI,48075,+12486776549,42.46474068,-83.20137111,Mon-Sat 09:30-21:30; Sun 10:00-20:00,https://locations.fivebelow.com/mi/southfield/23659-greenfield-rd,Michigan,Five Below,2026-07-16
13538778,23853 Eureka Road,,Taylor,MI,48180,+17342875156,42.19379858125604,-83.26504323149817,Mon-Sat 09:30-21:30; Sun 10:00-20:00,https://locations.fivebelow.com/mi/taylor/23853-eureka-road,Michigan,Five Below,2026-07-16
17792926,3450 W. South Airport Rd,,Traverse City,MI,49684,+12312461347,44.7238683,-85.6448352,Mon-Sat 09:30-21:30; Sun 10:00-20:00,https://locations.fivebelow.com/mi/traverse-city/3450-w.-south-airport-rd,Michigan,Five Below,2026-07-16
13539057,520 John R Road,,Troy,MI,48083,+12485771179,42.53911922945224,-83.10455549231756,Mon-Sat 09:30-21:30; Sun 10:00-20:00,https://locations.fivebelow.com/mi/troy/520-john-r-road,Michigan,Five Below,2026-07-16
1015790273,905 E. Big Beaver Road,,Troy,MI,48083,+19472183393,42.56416165326679,-83.13038272760595,Mon-Sat 09:30-21:30; Sun 10:00-20:00,https://locations.fivebelow.com/mi/troy/905-e.-big-beaver-road,Michigan,Five Below,2026-07-16
13538828,8317 East 12 Mile Rd,,Warren,MI,48093,+15865589018,42.50836693837086,-83.02479056975119,Mon-Sat 09:30-21:30; Sun 10:00-20:00,https://locations.fivebelow.com/mi/warren/8317-east-12-mile-rd,Michigan,Five Below,2026-07-16
1047114448,5130 Highland Road,,Waterford,MI,48327,+19472250343,42.661372,-83.38858567055226,Mon-Sat 09:30-21:30; Sun 10:00-20:00,https://locations.fivebelow.com/mi/waterford/5130-highland-road,Michigan,Five Below,2026-07-16
13538816,35635 Warren Road,,Westland,MI,48185,+17347284629,42.3367552730275,-83.39420970867286,Mon-Sat 09:30-21:30; Sun 10:00-20:00,https://locations.fivebelow.com/mi/westland/35635-warren-road,Michigan,Five Below,2026-07-16
13539045,23430 Allen Road,,Woodhaven,MI,48183,+17343620164,42.1378586,-83.2291435,Mon-Sat 09:30-21:30; Sun 10:00-20:00,https://locations.fivebelow.com/mi/woodhaven/23430-allen-road,Michigan,Five Below,2026-07-16
97211932,6501 Labeaux Avenue NE,Suite C015,Albertville,MN,55301,+17633085131,45.24495757137071,-93.66466674332257,Mon-Thu 10:00-20:00; Fri-Sat 10:00-21:00; Sun 11:00-19:00,https://locations.fivebelow.com/mn/albertville/6501-labeaux-avenue-ne,Minnesota,Five Below,2026-07-16
13539071,15109 Cedar Ave,,Apple Valley,MN,55124,+19524315770,44.7303442,-93.2197983,Mon-Sat 09:30-21:30; Sun 10:00-20:00,https://locations.fivebelow.com/mn/apple-valley/15109-cedar-ave,Minnesota,Five Below,2026-07-16
15576980,4255 Pheasant Ridge Dr NE,,Blaine,MN,55449,+17632842972,45.164203,-93.161954,Mon-Sat 09:30-21:30; Sun 10:00-20:00,https://locations.fivebelow.com/mn/blaine/4255-pheasant-ridge-dr-ne,Minnesota,Five Below,2026-07-16
13538995,334 E Broadway,Space E334,Bloomington,MN,55425,+19528545340,44.854227,-93.239794,Mon-Sat 10:00-21:00; Sun 11:00-19:00,https://locations.fivebelow.com/mn/bloomington/334-e-broadway,Minnesota,Five Below,2026-07-16
13538931,1300 Shingle Creek Crossing,Suite 108,Brooklyn Center,MN,55430,+17635611800,45.0564604,-93.3195732,Mon-Sat 10:00-20:00; Sun 10:00-18:00,https://locations.fivebelow.com/mn/brooklyn-center/1300-shingle-creek-crossing,Minnesota,Five Below,2026-07-16
15648427,13969 Aldrich Ave S,,Burnsville,MN,55337,+19524914953,44.749599132924466,-93.28594968986965,Mon-Sat 09:30-21:30; Sun 10:00-20:00,https://locations.fivebelow.com/mn/burnsville/13969-aldrich-ave-s,Minnesota,Five Below,2026-07-16
13538978,3324 124th Ave. NW,,Coon Rapids,MN,55433,+17634211731,45.194439743638064,-93.35128550020556,Mon-Sat 09:30-21:30; Sun 10:00-20:00,https://locations.fivebelow.com/mn/coon-rapids/3324-124th-ave.-nw,Minnesota,Five Below,2026-07-16
1017894626,1600 Miller Trunk Highway,F04A,Duluth,MN,55811,+12182975228,46.804154496807655,-92.15954759676984,Mon-Sat 10:00-20:00; Sun 11:00-18:00,https://locations.fivebelow.com/mn/duluth/1600-miller-trunk-highway,Minnesota,Five Below,2026-07-16
13538933,1400 Central Park Commons Drive,Suite 140,Eagan,MN,55121,+16514545962,44.8357805805142,-93.16823501373159,Mon-Sat 09:30-21:30; Sun 10:00-20:00,https://locations.fivebelow.com/mn/eagan/1400-central-park-commons-drive,Minnesota,Five Below,2026-07-16
2011111064,19226 Freeport St,,Elk River,MN,55330,+17633190556,45.31868393187808,-93.56387759019564,Mon-Sat 09:30-21:30; Sun 10:00-20:00,https://locations.fivebelow.com/mn/elk-river/19226-freeport-st,Minnesota,Five Below,2026-07-16
1004710847,1350 Highway 15 South,Suite 101,Hutchinson,MN,55350,+13202899186,44.869442424016576,-94.37830109348009,Mon-Sat 09:30-21:30; Sun 10:00-20:00,https://locations.fivebelow.com/mn/hutchinson/1350-highway-15-south,Minnesota,Five Below,2026-07-16
13538963,1901 Madison Avenue,Suite 410,Mankato,MN,56001,+15072462576,44.164721384114024,-93.94734927728109,Mon-Sat 09:30-21:30; Sun 10:00-20:00,https://locations.fivebelow.com/mn/mankato/1901-madison-avenue,Minnesota,Five Below,2026-07-16
13538958,8036 Wedgewood Lane N.,,Maple Grove,MN,55369,+17634160835,45.0999471,-93.4475083,Mon-Sat 09:30-21:30; Sun 10:00-20:00,https://locations.fivebelow.com/mn/maple-grove/8036-wedgewood-lane-n.,Minnesota,Five Below,2026-07-16
1029180210,1737 Beam Avenue,Suite A,Maplewood,MN,55109,+16514229012,45.031074726521254,-93.02725669478227,Mon-Sat 09:30-21:30; Sun 10:00-20:00,https://locations.fivebelow.com/mn/maplewood/1737-beam-avenue,Minnesota,Five Below,2026-07-16
13539431,1630 New Brighton Blvd,,Minneapolis,MN,55413,+16124210690,45.00503095942851,-93.23089065802003,Mon-Sat 09:30-21:30; Sun 10:00-20:00,https://locations.fivebelow.com/mn/minneapolis/1630-new-brighton-blvd,Minnesota,Five Below,2026-07-16
13539454,7971 Southtown Center,Suite 100,Minneapolis,MN,55431,+19522066160,44.85927830739703,-93.30577491723807,Mon-Sat 09:30-21:30; Sun 10:00-20:00,https://locations.fivebelow.com/mn/minneapolis/7971-southtown-center,Minnesota,Five Below,2026-07-16
13538994,8906 Highway 7,,Minneapolis,MN,55426,+19529382052,44.93679300780205,-93.39267684425977,Mon-Sat 09:30-21:30; Sun 10:00-20:00,https://locations.fivebelow.com/mn/minneapolis/8906-highway-7,Minnesota,Five Below,2026-07-16
1080779271,13153 Ridgedale Drive,,Minnetonka,MN,55305,+17633172057,44.96849493795443,-93.44627205289304,Mon-Sat 09:30-21:30; Sun 10:00-20:00,https://locations.fivebelow.com/mn/minnetonka/13153-ridgedale-drive,Minnesota,Five Below,2026-07-16
22747239,1417 7th St East,,Monticello,MN,55362,+17633639896,45.294111278085374,-93.77621129781947,Mon-Sat 09:30-21:30; Sun 10:00-20:00,https://locations.fivebelow.com/mn/monticello/1417-7th-st-east,Minnesota,Five Below,2026-07-16
1094544181,160 Tyler Rd N,Suite 12,Red Wing,MN,55066,+16512889793,44.57018585251752,-92.58655443259296,Mon-Sat 09:30-21:30; Sun 10:00-20:00,https://locations.fivebelow.com/mn/red-wing/160-tyler-rd-n,Minnesota,Five Below,2026-07-16
13538989,80 25th Street Southeast,Suite 200,Rochester,MN,55904,+15072827863,43.982326559744216,-92.45955982209011,Mon-Sat 09:30-21:30; Sun 10:00-20:00,https://locations.fivebelow.com/mn/rochester/80-25th-street-southeast,Minnesota,Five Below,2026-07-16
13539440,2480 Fairview Ave N,Suite 106,Roseville,MN,55113,+16512437771,45.016571348611876,-93.17502722443896,Mon-Sat 09:30-21:30; Sun 10:00-20:00,https://locations.fivebelow.com/mn/roseville/2480-fairview-ave-n,Minnesota,Five Below,2026-07-16
14692749,8312 Tamarack Village,,Saint Paul,MN,55125,+16513625640,44.9428746,-92.9405275,Mon-Sat 09:30-21:30; Sun 10:00-20:00,https://locations.fivebelow.com/mn/saint-paul/8312-tamarack-village,Minnesota,Five Below,2026-07-16
24051882,1607 17th Ave E,,Shakopee,MN,55379,+19523951794,44.775886738476615,-93.50315440824991,Mon-Sat 09:30-21:30; Sun 10:00-20:00,https://locations.fivebelow.com/mn/shakopee/1607-17th-ave-e,Minnesota,Five Below,2026-07-16
1066166833,2151 Old Hudson Road,,St. Paul,MN,55119,+16513162448,44.9521165,-93.0101519,Mon-Sat 10:00-20:00; Sun 10:00-18:00,https://locations.fivebelow.com/mn/st.-paul/2151-old-hudson-road,Minnesota,Five Below,2026-07-16
13538938,1901 Market Drive,,Stillwater,MN,55082,+16514395835,45.0379250648974,-92.83830693850973,Mon-Sat 09:30-21:30; Sun 10:00-20:00,https://locations.fivebelow.com/mn/stillwater/1901-market-drive,Minnesota,Five Below,2026-07-16
13538939,20 2nd Street South,Space C,Waite Park,MN,56387,+13202530042,45.54851237999307,-94.2142096566655,Mon-Sat 09:30-21:30; Sun 10:00-20:00,https://locations.fivebelow.com/mn/waite-park/20-2nd-street-south,Minnesota,Five Below,2026-07-16
13539072,15341 Manchester Rd,,Ballwin,MO,63011,+16365270300,38.59376874336118,-90.55985511308717,Mon-Sat 09:30-21:30; Sun 10:00-20:00,https://locations.fivebelow.com/mo/ballwin/15341-manchester-rd,Missouri,Five Below,2026-07-16
13539117,545 E. Markey Parkway,,Belton,MO,64012,+18163311945,38.822776183423464,-94.52718795842236,Mon-Sat 09:30-21:30; Sun 10:00-20:00,https://locations.fivebelow.com/mo/belton/545-e.-markey-parkway,Missouri,Five Below,2026-07-16
13539066,1016 NE Coronado Dr,,Blue Springs,MO,64014,+18162292335,39.023604,-94.250239,Mon-Sat 09:30-21:30; Sun 10:00-20:00,https://locations.fivebelow.com/mo/blue-springs/1016-ne-coronado-dr,Missouri,Five Below,2026-07-16
25506229,1017 Branson Hills Pkwy,,Branson,MO,65616,+14174272452,36.66839484010524,-93.2274169779272,Mon-Sat 09:30-21:30; Sun 10:00-20:00,https://locations.fivebelow.com/mo/branson/1017-branson-hills-pkwy,Missouri,Five Below,2026-07-16
13539090,83 Brentwood Promenade Ct,,Brentwood,MO,63144,+13149181596,38.62647466799624,-90.34312177546309,Mon-Sat 09:30-21:30; Sun 10:00-20:00,https://locations.fivebelow.com/mo/brentwood/83-brentwood-promenade-ct,Missouri,Five Below,2026-07-16
79588101,12228 St. Charles Rock Road,,Bridgeton,MO,63044,+13144647506,38.75104947546693,-90.42980765615813,Mon-Sat 09:30-21:30; Sun 10:00-20:00,https://locations.fivebelow.com/mo/bridgeton/12228-st.-charles-rock-road,Missouri,Five Below,2026-07-16
13539073,157 Siemers Drive,Suite 101,Cape Girardeau,MO,63701,+15733350042,37.300065705826555,-89.58280104256022,Mon-Sat 09:30-21:30; Sun 10:00-20:00,https://locations.fivebelow.com/mo/cape-girardeau/157-siemers-drive,Missouri,Five Below,2026-07-16
13539086,54 Thf Boulevard,,Chesterfield,MO,63005,+16365360728,38.66654026658806,-90.58693459755324,Mon-Sat 09:30-21:30; Sun 10:00-20:00,https://locations.fivebelow.com/mo/chesterfield/54-thf-boulevard,Missouri,Five Below,2026-07-16
1066166841,203 N Stadium Blvd,,Columbia,MO,65203,+15733707605,38.95833968262087,-92.37390786588361,Mon-Sat 09:30-21:30; Sun 10:00-20:00,https://locations.fivebelow.com/mo/columbia/203-n-stadium-blvd,Missouri,Five Below,2026-07-16
2022916350,21 Conley Road,,Columbia,MO,65201,+15733984339,38.949276949994974,-92.29636484110449,Mon-Sat 09:30-21:30; Sun 10:00-20:00,https://locations.fivebelow.com/mo/columbia/21-conley-road,Missouri,Five Below,2026-07-16
88016105,151 Twin City Plaza,,Crystal City,MO,63019,+16363191078,38.21615018101667,-90.38822403804608,Mon-Sat 09:30-21:30; Sun 10:00-20:00,https://locations.fivebelow.com/mo/crystal-city/151-twin-city-plaza,Missouri,Five Below,2026-07-16
1007103743,606 Walmart Drive,,Farmington,MO,63640,+15732731761,37.788845,-90.432469,Mon-Sat 09:30-21:30; Sun 10:00-20:00,https://locations.fivebelow.com/mo/farmington/606-walmart-drive,Missouri,Five Below,2026-07-16
13539078,193 Gravois Bluffs Plaza Drive,,Fenton,MO,63026,+16363261542,38.50314454794307,-90.44729467374822,Mon-Sat 09:30-21:30; Sun 10:00-20:00,https://locations.fivebelow.com/mo/fenton/193-gravois-bluffs-plaza-drive,Missouri,Five Below,2026-07-16
13539080,2423 N. Hwy. 67,,Florissant,MO,63033,+13148302685,38.8056602,-90.3085327,Mon-Sat 09:30-21:30; Sun 10:00-20:00,https://locations.fivebelow.com/mo/florissant/2423-n.-hwy.-67,Missouri,Five Below,2026-07-16
13539068,12250 15th St,,Grandview,MO,64030,+18167650948,38.90282823553125,-94.5279602336928,Mon-Sat 09:30-21:30; Sun 10:00-20:00,https://locations.fivebelow.com/mo/grandview/12250-15th-st,Missouri,Five Below,2026-07-16
1007103747,3650 Stardust Drive,Suite E,Hannibal,MO,63401,+15732731754,39.724866567463394,-91.40021276931152,Mon-Sat 09:30-21:30; Sun 10:00-20:00,https://locations.fivebelow.com/mo/hannibal/3650-stardust-drive,Missouri,Five Below,2026-07-16
1057552550,11 Dillon Plaza Dr,Unit 11,High Ridge,MO,63049,+16362048296,38.4786224,-90.5199591,Mon-Sat 09:30-21:30; Sun 10:00-20:00,https://locations.fivebelow.com/mo/high-ridge/11-dillon-plaza-dr,Missouri,Five Below,2026-07-16
13539076,19010 East 39th Street South,,Independence,MO,64057,+18167951633,39.04990514103607,-94.35593495856739,Mon-Sat 09:30-21:30; Sun 10:00-20:00,https://locations.fivebelow.com/mo/independence/19010-east-39th-street-south,Missouri,Five Below,2026-07-16
13539088,735 Stoneridge Pkwy,,Jefferson City,MO,65109,+15737615122,38.5794149,-92.2222997,Mon-Sat 09:30-21:30; Sun 10:00-20:00,https://locations.fivebelow.com/mo/jefferson-city/735-stoneridge-pkwy,Missouri,Five Below,2026-07-16
2011111063,430 S. Rangeline Rd,,Joplin,MO,64801,+14172023872,37.08667833047434,-94.47968582221706,Mon-Sat 09:30-21:30; Sun 10:00-20:00,https://locations.fivebelow.com/mo/joplin/430-s.-rangeline-rd,Missouri,Five Below,2026-07-16
17717560,8580 N Madison Ave,,Kansas City,MO,64155,+18162820641,39.25120293619148,-94.59497293038655,Mon-Sat 09:30-21:30; Sun 10:00-20:00,https://locations.fivebelow.com/mo/kansas-city/8580-n-madison-ave,Missouri,Five Below,2026-07-16
13538998,8600 Ward Parkway,Suite 2120,Kansas City,MO,64114,+18164440804,38.97082776538311,-94.60671258716259,Mon-Sat 10:00-20:00; Sun 10:00-19:00,https://locations.fivebelow.com/mo/kansas-city/8600-ward-parkway,Missouri,Five Below,2026-07-16
1029180202,8724 E. 63rd St,,Kansas City,MO,64133,+18164091096,39.0096849,-94.4829524,Mon-Sat 09:30-21:30; Sun 10:00-20:00,https://locations.fivebelow.com/mo/kansas-city/8724-e.-63rd-st,Missouri,Five Below,2026-07-16
13539092,8960 NW Skyview Avenue,,Kansas City,MO,64154,+18165842633,39.25670793028289,-94.65335588625581,Mon-Sat 09:30-21:30; Sun 10:00-20:00,https://locations.fivebelow.com/mo/kansas-city/8960-nw-skyview-avenue,Missouri,Five Below,2026-07-16
47940860,2509 N Baltimore Street,Suite B,Kirksville,MO,63501,+16602361018,40.21884315191812,-92.58540261435763,Mon-Sat 09:30-21:30; Sun 10:00-20:00,https://locations.fivebelow.com/mo/kirksville/2509-n-baltimore-street,Missouri,Five Below,2026-07-16
17034177,472 NW Chipman Road,,Lee's Summit,MO,64086,+18162934174,38.926915937115076,-94.39107297201706,Mon-Sat 09:30-21:30; Sun 10:00-20:00,https://locations.fivebelow.com/mo/lees-summit/472-nw-chipman-road,Missouri,Five Below,2026-07-16
13539081,245 S. Stewart Road,,Liberty,MO,64068,+18164153824,39.2418033,-94.4532578,Mon-Sat 09:30-21:30; Sun 10:00-20:00,https://locations.fivebelow.com/mo/liberty/245-s.-stewart-road,Missouri,Five Below,2026-07-16
13539079,2209 Highway K,,O Fallon,MO,63368,+16362810614,38.77991412511259,-90.70145595283981,Mon-Sat 09:30-21:30; Sun 10:00-20:00,https://locations.fivebelow.com/mo/o-fallon/2209-highway-k,Missouri,Five Below,2026-07-16
1035260040,9034 Overland Plaza,,Overland,MO,63114,+13143809575,38.684909112561925,-90.35773872925748,Mon-Sat 09:30-21:30; Sun 10:00-20:00,https://locations.fivebelow.com/mo/overland/9034-overland-plaza,Missouri,Five Below,2026-07-16
1007103744,1950 W Retail Ln,,Ozark,MO,65721,+14172023871,37.001572891207374,-93.22640034297687,Mon-Sat 09:30-21:30; Sun 10:00-20:00,https://locations.fivebelow.com/mo/ozark/1950-w-retail-ln,Missouri,Five Below,2026-07-16
13539109,3055 Oak Grove Road,,Poplar Bluff,MO,63901,+15736867572,36.791318,-90.442682,Mon-Sat 09:30-21:30; Sun 10:00-20:00,https://locations.fivebelow.com/mo/poplar-bluff/3055-oak-grove-road,Missouri,Five Below,2026-07-16
35034661,10895 W Florissant Ave,Suite B,Saint Louis,MO,63136,+13144643401,38.769611035013114,-90.28124779260769,Mon-Sun 10:00-18:00,https://locations.fivebelow.com/mo/saint-louis/10895-w-florissant-ave,Missouri,Five Below,2026-07-16
1004710846,6931A South Lindbergh Street,,Saint Louis,MO,63125,+13144644592,38.51121831940988,-90.33251661982425,Mon-Sat 09:30-21:30; Sun 10:00-20:00,https://locations.fivebelow.com/mo/saint-louis/6931a-south-lindbergh-street,Missouri,Five Below,2026-07-16
13539115,5206 I-70 Service Rd,,Saint Peters,MO,63367,+16362781034,38.80103495546399,-90.61410724173356,Mon-Sat 09:30-21:30; Sun 10:00-20:00,https://locations.fivebelow.com/mo/saint-peters/5206-i-70-service-rd,Missouri,Five Below,2026-07-16
1053673491,2725 N Kansas Expy,#116,Springfield,MO,65803,+14172127132,37.24677078648667,-93.31256599584997,Mon-Sat 09:30-21:30; Sun 10:00-20:00,https://locations.fivebelow.com/mo/springfield/2725-n-kansas-expy,Missouri,Five Below,2026-07-16
13539050,3500 S Glenstone Ave,Suite M,Springfield,MO,65804,+14178862983,37.149645413652586,-93.25642918650817,Mon-Sat 09:30-21:30; Sun 10:00-20:00,https://locations.fivebelow.com/mo/springfield/3500-s-glenstone-ave,Missouri,Five Below,2026-07-16
13539444,3880 W Washita Street,,Springfield,MO,65807,+14172834740,37.1803158128608,-93.35658915089361,Mon-Sat 09:30-21:30; Sun 10:00-20:00,https://locations.fivebelow.com/mo/springfield/3880-w-washita-street,Missouri,Five Below,2026-07-16
15648422,2133 Zumbehl Road,,St. Charles,MO,63303,+16362051085,38.78467192807522,-90.53504539798723,Mon-Sat 09:30-21:30; Sun 10:00-20:00,https://locations.fivebelow.com/mo/st.-charles/2133-zumbehl-road,Missouri,Five Below,2026-07-16
13539114,5201 N Belt Highway,Suite 113,St. Joseph,MO,64506,+18162799098,39.814220120541734,-94.8119526183853,Mon-Sat 09:30-21:30; Sun 10:00-20:00,https://locations.fivebelow.com/mo/st.-joseph/5201-n-belt-highway,Missouri,Five Below,2026-07-16
13539067,10800 Sunset Hills Plaza,,St. Louis,MO,63127,+13149661091,38.55305404857921,-90.40972981349182,Mon-Sat 09:30-21:30; Sun 10:00-20:00,https://locations.fivebelow.com/mo/st.-louis/10800-sunset-hills-plaza,Missouri,Five Below,2026-07-16
16796700,4 Hampton Village Plaza,,St. Louis,MO,63109,+13143808247,38.593012,-90.292082,Mon-Sat 10:00-19:00; Sun 10:00-18:00,https://locations.fivebelow.com/mo/st.-louis/4-hampton-village-plaza,Missouri,Five Below,2026-07-16
1015790255,130 Magee Street,,Troy,MO,63379,+16363739553,38.9879919535715,-90.97913349122659,Mon-Sat 09:30-21:30; Sun 10:00-20:00,https://locations.fivebelow.com/mo/troy/130-magee-street,Missouri,Five Below,2026-07-16
13539077,1905 Vernaci Drive,,Washington,MO,63090,+16363903986,38.53566527503074,-90.98375735830115,Mon-Sat 09:30-21:30; Sun 10:00-20:00,https://locations.fivebelow.com/mo/washington/1905-vernaci-drive,Missouri,Five Below,2026-07-16
13539429,1247 West Pearce Blvd.,,Wentzville,MO,63385,+16362051600,38.81154396188118,-90.88133483928681,Mon-Sat 09:30-21:30; Sun 10:00-20:00,https://locations.fivebelow.com/mo/wentzville/1247-west-pearce-blvd.,Missouri,Five Below,2026-07-16
2022916345,194 Covenant Dr.,,Batesville,MS,38606,+16622701038,34.3112951,-89.91455420000001,Mon-Sat 09:30-21:30; Sun 10:00-20:00,https://locations.fivebelow.com/ms/batesville/194-covenant-dr.,Mississippi,Five Below,2026-07-16
2026303209,2394 Pass Road,,Biloxi,MS,39531,+12282990209,30.403536303256427,-88.97529545031453,Mon-Sat 09:30-21:30; Sun 10:00-20:00,https://locations.fivebelow.com/ms/biloxi/2394-pass-road,Mississippi,Five Below,2026-07-16
1047114446,419 South Street,,Cleveland,MS,38732,+16623318257,33.7434730216003,-90.71625127703167,Mon-Sat 09:30-21:30; Sun 10:00-20:00,https://locations.fivebelow.com/ms/cleveland/419-south-street,Mississippi,Five Below,2026-07-16
63653435,1404 Old Aberdeen Rd,Suite 35A,Columbus,MS,39705,+16622280354,33.511341882470305,-88.43135494591337,Mon-Sat 09:30-21:30; Sun 10:00-20:00,https://locations.fivebelow.com/ms/columbus/1404-old-aberdeen-rd,Mississippi,Five Below,2026-07-16
20321042,1823 South Harper Rd,,Corinth,MS,38834,+16625367703,34.9142199,-88.5010654,Mon-Sat 09:30-21:30; Sun 10:00-20:00,https://locations.fivebelow.com/ms/corinth/1823-south-harper-rd,Mississippi,Five Below,2026-07-16
15213211,3944-A Promenade Parkway,,D'Iberville,MS,39540,+12282560045,30.4556333,-88.9037036,Mon-Sat 09:30-21:30; Sun 10:00-20:00,https://locations.fivebelow.com/ms/diberville/3944-a-promenade-parkway,Mississippi,Five Below,2026-07-16
13538839,136 Dogwood Boulevard,,Flowood,MS,39232,+16019921393,32.3388822,-90.0595341,Mon-Sat 09:30-21:30; Sun 10:00-20:00,https://locations.fivebelow.com/ms/flowood/136-dogwood-boulevard,Mississippi,Five Below,2026-07-16
62111772,1651 Highway 1 South,Suite 1A,Greenville,MS,38701,+16622280674,33.37487712914241,-91.04030202036975,Mon-Sat 09:30-21:30; Sun 10:00-20:00,https://locations.fivebelow.com/ms/greenville/1651-highway-1-south,Mississippi,Five Below,2026-07-16
13538805,15128 Crossroads Parkway,,Gulfport,MS,39503,+12288315389,30.4361315,-89.0897598,Mon-Sat 09:30-21:30; Sun 10:00-20:00,https://locations.fivebelow.com/ms/gulfport/15128-crossroads-parkway,Mississippi,Five Below,2026-07-16
15648423,6143 Highway 98,Unit 60,Hattiesburg,MS,39402,+16014013144,31.32372567086718,-89.38356792720833,Mon-Sat 09:30-21:30; Sun 10:00-20:00,https://locations.fivebelow.com/ms/hattiesburg/6143-highway-98,Mississippi,Five Below,2026-07-16
1047114447,1057 E County Line Rd,,Jackson,MS,39211,+16019528375,32.39884736073415,-90.13845841165676,Mon-Sat 09:30-21:30; Sun 10:00-20:00,https://locations.fivebelow.com/ms/jackson/1057-e-county-line-rd,Mississippi,Five Below,2026-07-16
1004710837,129 Edgewood Drive,C-10,McComb,MS,39648,+16016217423,31.262589383163633,-90.47588618692961,Mon-Sat 09:30-21:30; Sun 10:00-20:00,https://locations.fivebelow.com/ms/mccomb/129-edgewood-drive,Mississippi,Five Below,2026-07-16
17477116,133 S Frontage Rd,Suite 108,Meridian,MS,39301,+16012829266,32.3646693,-88.6739127,Mon-Sat 09:30-21:30; Sun 10:00-20:00,https://locations.fivebelow.com/ms/meridian/133-s-frontage-rd,Mississippi,Five Below,2026-07-16
13539316,5135 Goodman Rd,Suite 120,Olive Branch,MS,38654,+16628930008,34.96113775113807,-89.89813641899372,Mon-Sat 09:30-21:30; Sun 10:00-20:00,https://locations.fivebelow.com/ms/olive-branch/5135-goodman-rd,Mississippi,Five Below,2026-07-16
13539308,2600 Jackson Avenue West,#700,Oxford,MS,38655,+16622344812,34.36453,-89.569449,Mon-Sat 09:30-21:30; Sun 10:00-20:00,https://locations.fivebelow.com/ms/oxford/2600-jackson-avenue-west,Mississippi,Five Below,2026-07-16
1047114445,3841 Denny Ave,,Pascagoula,MS,39581,+12282031392,30.381992454333947,-88.52188561776252,Mon-Sat 09:30-21:30; Sun 10:00-20:00,https://locations.fivebelow.com/ms/pascagoula/3841-denny-ave,Mississippi,Five Below,2026-07-16
41883592,200 Bass Pro Drive,Suite 500,Pearl,MS,39208,+16016217071,32.2735522,-90.152209,Mon-Sat 09:30-21:30; Sun 10:00-20:00,https://locations.fivebelow.com/ms/pearl/200-bass-pro-drive,Mississippi,Five Below,2026-07-16
1015790271,195 Goodman Rd W,Suite #131,Southaven,MS,38671,+16622286355,34.962144196464536,-89.99313031773599,Mon-Sat 09:30-21:30; Sun 10:00-20:00,https://locations.fivebelow.com/ms/southaven/195-goodman-rd-w,Mississippi,Five Below,2026-07-16
52444304,631 Hwy 12 West,,Starkville,MS,39759,+16622125625,33.450087711764496,-88.83570911144616,Mon-Sat 09:30-21:30; Sun 10:00-20:00,https://locations.fivebelow.com/ms/starkville/631-hwy-12-west,Mississippi,Five Below,2026-07-16
13539091,893 King’s Crossing Drive,Suite 1,Tupelo,MS,38804,+16628445881,34.31151602364752,-88.70457295569275,Mon-Sat 09:30-21:30; Sun 10:00-20:00,https://locations.fivebelow.com/ms/tupelo/893-kings-crossing-drive,Mississippi,Five Below,2026-07-16
13539100,1455 Beaver Creek Commons Drive,,Apex,NC,27502,+19193032954,35.744730800032464,-78.88346707002177,Mon-Sat 09:30-21:30; Sun 10:00-20:00,https://locations.fivebelow.com/nc/apex/1455-beaver-creek-commons-drive,North Carolina,Five Below,2026-07-16
13538906,1437 East Dixie Drive,Space G-01,Asheboro,NC,27203,+13366250001,35.70188658335367,-79.78703274827186,Mon-Sat 09:30-21:30; Sun 10:00-20:00,https://locations.fivebelow.com/nc/asheboro/1437-east-dixie-drive,North Carolina,Five Below,2026-07-16
13539455,80 S Tunnel Rd,Suite 5,Asheville,NC,28805,+18283308407,35.581636,-82.5224181,Mon-Sat 09:30-21:30; Sun 10:00-20:00,https://locations.fivebelow.com/nc/asheville/80-s-tunnel-rd,North Carolina,Five Below,2026-07-16
13539101,1477 Boone Station Drive,,Burlington,NC,27215,+13365849348,36.069931076793964,-79.51540921072962,Mon-Sat 09:30-21:30; Sun 10:00-20:00,https://locations.fivebelow.com/nc/burlington/1477-boone-station-drive,North Carolina,Five Below,2026-07-16
13539106,233 Crossroads Blvd,,Cary,NC,27518,+19198515674,35.76197882311839,-78.73995076686481,Mon-Sat 09:30-21:30; Sun 10:00-20:00,https://locations.fivebelow.com/nc/cary/233-crossroads-blvd,North Carolina,Five Below,2026-07-16
13539345,12740 S. Tryon Street,Suite 300,Charlotte,NC,28273,+17045836386,35.10552922786864,-80.98669358708787,Mon-Sat 09:30-21:30; Sun 10:00-20:00,https://locations.fivebelow.com/nc/charlotte/12740-s.-tryon-street,North Carolina,Five Below,2026-07-16
1076890506,3017 Freedom Drive,,Charlotte,NC,28208,+19803250357,35.2399981841694,-80.88937373063348,Mon-Sat 09:00-20:00; Sun 10:00-20:00,https://locations.fivebelow.com/nc/charlotte/3017-freedom-drive,North Carolina,Five Below,2026-07-16
2027253808,5407 South Boulevard,,Charlotte,NC,28217,+19802222324,35.16191047944014,-80.87494031092916,Mon-Sat 09:30-21:30; Sun 10:00-20:00,https://locations.fivebelow.com/nc/charlotte/5407-south-boulevard,North Carolina,Five Below,2026-07-16
13539390,9733 Northlake Centre Parkway,Unit A,Charlotte,NC,28216,+17045966364,35.34828145871691,-80.86023158627358,Mon-Sat 09:30-21:30; Sun 10:00-20:00,https://locations.fivebelow.com/nc/charlotte/9733-northlake-centre-parkway,North Carolina,Five Below,2026-07-16
47940854,2447 Market Center Drive,,Clemmons,NC,27012,+13362832308,36.0325786,-80.3821969,Mon-Sat 09:30-21:30; Sun 10:00-20:00,https://locations.fivebelow.com/nc/clemmons/2447-market-center-drive,North Carolina,Five Below,2026-07-16
1004710860,1327-A Sunset Ave,,Clinton,NC,28328,+19104635528,34.99046893650537,-78.34932004416294,Mon-Sat 09:30-21:30; Sun 10:00-20:00,https://locations.fivebelow.com/nc/clinton/1327-a-sunset-ave,North Carolina,Five Below,2026-07-16
2026303202,6110 Bayfield Pkwy,Unit 6110 A,Concord,NC,28027,+19803756618,35.41839736626416,-80.67808507362804,Mon-Sat 09:30-21:30; Sun 10:00-20:00,https://locations.fivebelow.com/nc/concord/6110-bayfield-pkwy,North Carolina,Five Below,2026-07-16
13539323,8111 Concord Mills Blvd,Space 518,Concord,NC,28027,+19803252058,35.36870512682391,-80.72075407822437,Mon-Sat 10:00-20:00; Sun 11:00-18:00,https://locations.fivebelow.com/nc/concord/8111-concord-mills-blvd,North Carolina,Five Below,2026-07-16
1043343248,2318 W Cumberland St,,Dunn,NC,28334,+19104904493,35.3216265,-78.63808560000001,Mon-Sat 09:30-21:30; Sun 10:00-20:00,https://locations.fivebelow.com/nc/dunn/2318-w-cumberland-st,North Carolina,Five Below,2026-07-16
1017894674,3427 Hillsborough Rd,,Durham,NC,27705,+19842547985,36.01850634862535,-78.9476610963125,Mon-Sat 09:30-21:30; Sun 10:00-20:00,https://locations.fivebelow.com/nc/durham/3427-hillsborough-rd,North Carolina,Five Below,2026-07-16
13539116,5432 New Hope Commons Drive,,Durham,NC,27707,+19194033160,35.9556232,-78.9970609,Mon-Sat 09:30-21:30; Sun 10:00-20:00,https://locations.fivebelow.com/nc/durham/5432-new-hope-commons-drive,North Carolina,Five Below,2026-07-16
1007103754,1409 W Ehringhaus Street,Unit #26,Elizabeth City,NC,27909,+12523594048,36.29295835333698,-76.24042999136074,Mon-Sat 09:30-21:30; Sun 10:00-20:00,https://locations.fivebelow.com/nc/elizabeth-city/1409-w-ehringhaus-street,North Carolina,Five Below,2026-07-16
13539384,2710 Freedom Parkway Dr,,Fayetteville,NC,28314,+19104240045,35.05817,-78.9677779,Mon-Sat 09:30-21:30; Sun 10:00-20:00,https://locations.fivebelow.com/nc/fayetteville/2710-freedom-parkway-dr,North Carolina,Five Below,2026-07-16
13539102,155 Shenstone Boulevard,,Garner,NC,27529,+19197793033,35.69446933991891,-78.58033690176563,Mon-Sat 09:30-21:30; Sun 10:00-20:00,https://locations.fivebelow.com/nc/garner/155-shenstone-boulevard,North Carolina,Five Below,2026-07-16
13539143,3054 East Franklin Blvd,,Gastonia,NC,28056,+17048537912,35.26004501451198,-81.12217662698367,Mon-Sat 09:30-21:30; Sun 10:00-20:00,https://locations.fivebelow.com/nc/gastonia/3054-east-franklin-blvd,North Carolina,Five Below,2026-07-16
1035260039,705 N. Berkeley Blvd,,Goldsboro,NC,27534,+19195036613,35.3764133,-77.9399417,Mon-Sat 09:30-21:30; Sun 10:00-20:00,https://locations.fivebelow.com/nc/goldsboro/705-n.-berkeley-blvd,North Carolina,Five Below,2026-07-16
13538918,3104 Northline Avenue,Suite # 323,Greensboro,NC,27408,+13362185041,36.08821231211643,-79.83021491110878,Mon-Sat 09:30-21:30; Sun 10:00-20:00,https://locations.fivebelow.com/nc/greensboro/3104-northline-avenue,North Carolina,Five Below,2026-07-16
13539313,4217 West Wendover Ave,,Greensboro,NC,27407,+13362996753,36.05698563367777,-79.88478312551774,Mon-Sat 09:30-21:30; Sun 10:00-20:00,https://locations.fivebelow.com/nc/greensboro/4217-west-wendover-ave,North Carolina,Five Below,2026-07-16
13539310,3040 Evans Street,Suite 127,Greenville,NC,27834,+12523530060,35.58078419897939,-77.38331861783482,Mon-Sat 09:30-21:30; Sun 10:00-20:00,https://locations.fivebelow.com/nc/greenville/3040-evans-street,North Carolina,Five Below,2026-07-16
1083869679,1251 Dabney Drive,,Henderson,NC,27536,+12525012247,36.32954629130796,-78.43279409174515,Mon-Sat 09:30-21:30; Sun 10:00-20:00,https://locations.fivebelow.com/nc/henderson/1251-dabney-drive,North Carolina,Five Below,2026-07-16
2015068649,1800 4 Seasons Blvd,Suite G1,Hendersonville,NC,28792,+18285377951,35.33614468211017,-82.44551522761267,Mon-Sat 09:30-21:30; Sun 10:00-20:00,https://locations.fivebelow.com/nc/hendersonville/1800-4-seasons-blvd,North Carolina,Five Below,2026-07-16
33169208,2185 US Hwy 70 SE,Unit 2,Hickory,NC,28602,+18283412367,35.7051832,-81.29705589999999,Mon-Sat 09:30-21:30; Sun 10:00-20:00,https://locations.fivebelow.com/nc/hickory/2185-us-hwy-70-se,North Carolina,Five Below,2026-07-16
1015790256,2850 S Main St,Suite 13,High Point,NC,27263,+13367263769,35.92225983884377,-79.98081789624015,Mon-Sat 09:30-21:30; Sun 10:00-20:00,https://locations.fivebelow.com/nc/high-point/2850-s-main-st,North Carolina,Five Below,2026-07-16
15648421,160 Grand Hill Place,,Holly Springs,NC,27540,+19193750130,35.663133,-78.8491466,Mon-Sat 09:30-21:30; Sun 10:00-20:00,https://locations.fivebelow.com/nc/holly-springs/160-grand-hill-place,North Carolina,Five Below,2026-07-16
13539379,1335 Western Blvd,Unit E,Jacksonville,NC,28546,+19109890029,34.784896531355926,-77.40396919938831,Mon-Sat 09:30-21:30; Sun 10:00-20:00,https://locations.fivebelow.com/nc/jacksonville/1335-western-blvd,North Carolina,Five Below,2026-07-16
1015790263,5545 N Croatan Hwy,Suite 5,Kitty Hawk,NC,27949,+12523923904,36.09991921800016,-75.72340083067112,Mon-Sat 09:30-21:30; Sun 10:00-20:00,https://locations.fivebelow.com/nc/kitty-hawk/5545-n-croatan-hwy,North Carolina,Five Below,2026-07-16
1004710853,1363-C Scotland Crossing Dr,,Laurinburg,NC,28352,+19105521839,34.75510916301541,-79.48378972713277,Mon-Sat 09:30-21:30; Sun 10:00-20:00,https://locations.fivebelow.com/nc/laurinburg/1363-c-scotland-crossing-dr,North Carolina,Five Below,2026-07-16
13539342,10530 Northeast Parkway,Suite H 35,Matthews,NC,28105,+19802601690,35.12987902041986,-80.6999373042297,Mon-Sat 09:30-21:30; Sun 10:00-20:00,https://locations.fivebelow.com/nc/matthews/10530-northeast-parkway,North Carolina,Five Below,2026-07-16
1047114443,221 Norman Station Blvd,Suite U,Mooresville,NC,28117,+19803251035,35.58691322042156,-80.85540098062118,Mon-Sat 09:30-21:30; Sun 10:00-20:00,https://locations.fivebelow.com/nc/mooresville/221-norman-station-blvd,North Carolina,Five Below,2026-07-16
2051803094,E132 Morganton Heights Blvd,,Morganton,NC,28655,+18283413758,35.7250231,-81.70321679999999,Mon-Sat 09:30-21:30; Sun 10:00-20:00,https://locations.fivebelow.com/nc/morganton/e132-morganton-heights-blvd,North Carolina,Five Below,2026-07-16
15648431,3009 Market Center Drive,,Morrisville,NC,27560,+19193750139,35.8049421,-78.8163898,Mon-Sat 09:30-21:30; Sun 10:00-20:00,https://locations.fivebelow.com/nc/morrisville/3009-market-center-drive,North Carolina,Five Below,2026-07-16
13539386,3561 Doctor Martin Luther King Junior Boulevard,,New Bern,NC,28562,+12526360772,35.0951765,-77.1020682,Mon-Sat 09:30-21:30; Sun 10:00-20:00,https://locations.fivebelow.com/nc/new-bern/3561-doctor-martin-luther-king-junior-boulevard,North Carolina,Five Below,2026-07-16
13539118,5900 Poyner Anchor Lane,Suite 137,Raleigh,NC,27616,+19199817371,35.86443053847477,-78.56750481747923,Mon-Sat 09:30-21:30; Sun 10:00-20:00,https://locations.fivebelow.com/nc/raleigh/5900-poyner-anchor-lane,North Carolina,Five Below,2026-07-16
13539451,6234 - 116 Glenwood Avenue,,Raleigh,NC,27612,+19842172417,35.8589315,-78.7012782,Mon-Sat 09:30-21:30; Sun 10:00-20:00,https://locations.fivebelow.com/nc/raleigh/6234-116-glenwood-avenue,North Carolina,Five Below,2026-07-16
2026303197,8081 Brier Creek Pkwy,Suite 115,Raleigh,NC,27617,+19842797574,35.9068523361986,-78.78334615889548,Mon-Sat 09:30-21:30; Sun 10:00-20:00,https://locations.fivebelow.com/nc/raleigh/8081-brier-creek-pkwy,North Carolina,Five Below,2026-07-16
58795323,1291 Cobb Corners Dr,,Rocky Mount,NC,27804,+12522483667,35.97767020258978,-77.80925186904508,Mon-Sat 09:30-21:30; Sun 10:00-20:00,https://locations.fivebelow.com/nc/rocky-mount/1291-cobb-corners-dr,North Carolina,Five Below,2026-07-16
13539343,125 Tingle Drive,#200,Salisbury,NC,28146,+17046397940,35.631073,-80.4892667,Mon-Sat 09:30-21:30; Sun 10:00-20:00,https://locations.fivebelow.com/nc/salisbury/125-tingle-drive,North Carolina,Five Below,2026-07-16
1080779252,610 Saint Mark Avenue,,Selma,NC,27576,+19198911022,35.5187949,-78.27808209999999,Mon-Sat 09:30-21:30; Sun 10:00-20:00,https://locations.fivebelow.com/nc/selma/610-saint-mark-avenue,North Carolina,Five Below,2026-07-16
24355359,135-11 Smith Ave,Building C,Shallotte,NC,28470,+19102948779,33.981786,-78.378176,Mon-Sat 09:30-21:30; Sun 10:00-20:00,https://locations.fivebelow.com/nc/shallotte/135-11-smith-ave,North Carolina,Five Below,2026-07-16
1080779272,1762 E Dixon Blvd,,Shelby,NC,28152,+19803251617,35.27012335446332,-81.49921486193062,Mon-Sat 09:30-21:30; Sun 10:00-20:00,https://locations.fivebelow.com/nc/shelby/1762-e-dixon-blvd,North Carolina,Five Below,2026-07-16
1035260037,355 Carolina Green Parkway,,Southern Pines,NC,28387,+19104902235,35.1668103,-79.4191271,Mon-Sat 09:30-21:30; Sun 10:00-20:00,https://locations.fivebelow.com/nc/southern-pines/355-carolina-green-parkway,North Carolina,Five Below,2026-07-16
2057047164,1038 Crossroads Dr,,Statesville,NC,28625,+19803774134,35.809856308958295,-80.87206977755858,Mon-Sat 09:30-21:30; Sun 10:00-20:00,https://locations.fivebelow.com/nc/statesville/1038-crossroads-dr,North Carolina,Five Below,2026-07-16
1080779264,322 Columbus Corners Dr,,Whiteville,NC,28472,+19105054912,34.30063800246738,-78.72438975829746,Mon-Sat 09:30-21:30; Sun 10:00-20:00,https://locations.fivebelow.com/nc/whiteville/322-columbus-corners-dr,North Carolina,Five Below,2026-07-16
17717558,3500 Oleander Drive,Space R050,Wilmington,NC,28403,+19102946097,34.21391878759743,-77.90606341958363,Mon-Sat 09:30-21:30; Sun 10:00-20:00,https://locations.fivebelow.com/nc/wilmington/3500-oleander-drive,North Carolina,Five Below,2026-07-16
13539112,3401 Raleigh Rd Pkwy West,Suite 5B,Wilson,NC,27896,+12522064963,35.74370599234462,-77.96589636816162,Mon-Sat 09:30-21:30; Sun 10:00-20:00,https://locations.fivebelow.com/nc/wilson/3401-raleigh-rd-pkwy-west,North Carolina,Five Below,2026-07-16
13539297,1048 Hanes Mall Blvd,,Winston Salem,NC,27103,+13367748642,36.0691767,-80.3208924,Mon-Sat 09:30-21:30; Sun 10:00-20:00,https://locations.fivebelow.com/nc/winston-salem/1048-hanes-mall-blvd,North Carolina,Five Below,2026-07-16
13539385,346 East Hanes Mill Road,,Winston Salem,NC,27105,+13362977979,36.1921900837941,-80.2726435424176,Mon-Sat 09:30-21:30; Sun 10:00-20:00,https://locations.fivebelow.com/nc/winston-salem/346-east-hanes-mill-road,North Carolina,Five Below,2026-07-16
1011095228,654 Kirkwood Mall,Suite 217,Bismarck,ND,58504,+17014103084,46.79793993436492,-100.78582259331793,Mon-Fri 10:00-20:00; Sat 10:00-19:00; Sun 11:00-18:00,https://locations.fivebelow.com/nd/bismarck/654-kirkwood-mall,North Dakota,Five Below,2026-07-16
1017894627,2400 8th Ave. SW,Suite F5,Jamestown,ND,58401,+17016661034,46.88367310521047,-98.72029430506468,Mon-Sat 10:00-20:00; Sun 11:00-18:00,https://locations.fivebelow.com/nd/jamestown/2400-8th-ave.-sw,North Dakota,Five Below,2026-07-16
62111769,2400 10th Street SW,Suite J-2,Minot,ND,58701,+17013145525,48.20625948756099,-101.31161644416294,Mon-Sat 09:30-21:30; Sun 10:00-20:00,https://locations.fivebelow.com/nd/minot/2400-10th-street-sw,North Dakota,Five Below,2026-07-16
52444311,1500 13th Avenue East,Suite G,West Fargo,ND,58078,+17012892079,46.86393658476386,-96.87584786923868,Mon-Sat 09:30-21:30; Sun 10:00-20:00,https://locations.fivebelow.com/nd/west-fargo/1500-13th-avenue-east,North Dakota,Five Below,2026-07-16
13539008,10515 S. 15th Street,Suite 102,Bellevue,NE,68123,+14022922511,41.15627810116996,-95.93319718986655,Mon-Sat 09:30-21:30; Sun 10:00-20:00,https://locations.fivebelow.com/ne/bellevue/10515-s.-15th-street,Nebraska,Five Below,2026-07-16
1080779255,110 E 24th Street,,Columbus,NE,68601,+14023560121,41.44028080728135,-97.32664323925209,Mon-Sat 09:30-21:30; Sun 10:00-20:00,https://locations.fivebelow.com/ne/columbus/110-e-24th-street,Nebraska,Five Below,2026-07-16
26828061,3420 State Street,,Grand Island,NE,68803,+13082700872,40.93995189512321,-98.38221068673309,Mon-Sat 09:30-21:30; Sun 10:00-20:00,https://locations.fivebelow.com/ne/grand-island/3420-state-street,Nebraska,Five Below,2026-07-16
13539055,4700 2nd Avenue,Suite 180,Kearney,NE,68847,+13082335953,40.72094858253186,-99.085978380705,Mon-Sat 09:30-21:30; Sun 10:00-20:00,https://locations.fivebelow.com/ne/kearney/4700-2nd-avenue,Nebraska,Five Below,2026-07-16
16077013,2901 Crescent Dr,Suite 101-O,Lincoln,NE,68516,+14023131799,40.7241096,-96.6795578,Mon-Sat 09:30-21:30; Sun 10:00-20:00,https://locations.fivebelow.com/ne/lincoln/2901-crescent-dr,Nebraska,Five Below,2026-07-16
13539445,400 N 48th Street,Unit A02,Lincoln,NE,68504,+14023033005,40.81888773132337,-96.65298048745484,Mon-Sat 09:30-21:30; Sun 10:00-20:00,https://locations.fivebelow.com/ne/lincoln/400-n-48th-street,Nebraska,Five Below,2026-07-16
1035260038,1001 South Dewey St.,103,North Platte,NE,69101,+13082661591,41.124705619892445,-100.76042765885457,Mon-Sat 09:30-21:30; Sun 10:00-20:00,https://locations.fivebelow.com/ne/north-platte/1001-south-dewey-st.,Nebraska,Five Below,2026-07-16
30824346,10000 California Street,Suite 2519,Omaha,NE,68114,+14023954441,41.26683447738019,-96.06820906409867,Mon-Sat 09:30-21:30; Sun 10:00-20:00,https://locations.fivebelow.com/ne/omaha/10000-california-street,Nebraska,Five Below,2026-07-16
13539009,12420 K Plaza,,Omaha,NE,68137,+14027781218,41.2146987,-96.1069132,Mon-Sat 09:30-21:30; Sun 10:00-20:00,https://locations.fivebelow.com/ne/omaha/12420-k-plaza,Nebraska,Five Below,2026-07-16
13539433,17019 Evans Plaza,,Omaha,NE,68116,+14023133170,41.2894973,-96.1809387,Mon-Sat 09:30-21:30; Sun 10:00-20:00,https://locations.fivebelow.com/ne/omaha/17019-evans-plaza,Nebraska,Five Below,2026-07-16
14542179,7825 Towne Center Parkway Suite,M103,Papillion,NE,68046,+14023033002,41.13545563029516,-96.03122686381334,Mon-Sat 09:30-21:30; Sun 10:00-20:00,https://locations.fivebelow.com/ne/papillion/7825-towne-center-parkway-suite,Nebraska,Five Below,2026-07-16
1083869684,2302 Frontage Road,Suite 69,Scottsbluff,NE,69361,+13082062006,41.87010406534752,-103.64913121039866,Mon-Sat 09:30-21:30; Sun 10:00-20:00,https://locations.fivebelow.com/ne/scottsbluff/2302-frontage-road,Nebraska,Five Below,2026-07-16
2040253774,80 Storrs St,Unit 160,Concord,NH,03301,+16034037342,43.20516262001701,-71.53312382948384,Mon-Sat 09:30-21:30; Sun 10:00-20:00,https://locations.fivebelow.com/nh/concord/80-storrs-st,New Hampshire,Five Below,2026-07-16
88016101,107 Quality Drive,,Hooksett,NH,03106,+16034033301,43.045171903803556,-71.4616630637185,Mon-Sat 09:30-21:30; Sun 10:00-20:00,https://locations.fivebelow.com/nh/hooksett/107-quality-drive,New Hampshire,Five Below,2026-07-16
1076890502,32 Ash Brook Rd.,,Keene,NH,03431,+16035064135,42.92775121457876,-72.30373648138544,Mon-Sat 09:30-21:30; Sun 10:00-20:00,https://locations.fivebelow.com/nh/keene/32-ash-brook-rd.,New Hampshire,Five Below,2026-07-16
13539372,777 South Willow Street,,Manchester,NH,03103,+16036239321,42.96314740512267,-71.4447170932541,Mon-Sat 09:30-21:30; Sun 10:00-20:00,https://locations.fivebelow.com/nh/manchester/777-south-willow-street,New Hampshire,Five Below,2026-07-16
13539332,266 Daniel Webster Highway,,Nashua,NH,03060,+16038880207,42.707614,-71.4383753,Mon-Sat 09:30-21:30; Sun 10:00-20:00,https://locations.fivebelow.com/nh/nashua/266-daniel-webster-highway,New Hampshire,Five Below,2026-07-16
13539336,45 Gosling Road,Suite 4A,Newington,NH,03801,+16034314784,43.09437562137887,-70.79970787926011,Mon-Sat 09:30-21:30; Sun 10:00-20:00,https://locations.fivebelow.com/nh/newington/45-gosling-road,New Hampshire,Five Below,2026-07-16
42115921,58 Plaistow Rd,Unit B3,Plaistow,NH,03865,+16036965407,42.82545326297616,-71.11120424761303,Mon-Sat 09:30-21:30; Sun 10:00-20:00,https://locations.fivebelow.com/nh/plaistow/58-plaistow-rd,New Hampshire,Five Below,2026-07-16
13539395,290 S Broadway,Unit 3B,Salem,NH,03079,+16032120092,42.75725300341629,-71.21375979644965,Mon-Sat 09:30-21:30; Sun 10:00-20:00,https://locations.fivebelow.com/nh/salem/290-s-broadway,New Hampshire,Five Below,2026-07-16
2018691452,99 Rockingham Park Blvd,Suite 167A,Salem,NH,03079,+16032558006,42.767845803793485,-71.23128433372953,Mon-Thu 10:00-20:00; Fri-Sat 10:00-21:00; Sun 11:00-18:00,https://locations.fivebelow.com/nh/salem/99-rockingham-park-blvd,New Hampshire,Five Below,2026-07-16
13539371,700 Lafayette Rd,Suite 209,Seabrook,NH,03874,+16034740852,42.89452374093093,-70.86697225492136,Mon-Sat 09:30-21:30; Sun 10:00-20:00,https://locations.fivebelow.com/nh/seabrook/700-lafayette-rd,New Hampshire,Five Below,2026-07-16
13538770,130 Black Horse Pike,Suite 506,Audubon,NJ,08106,+18563100145,39.89096504737239,-75.08695259435596,Mon-Sat 09:30-21:30; Sun 10:00-20:00,https://locations.fivebelow.com/nj/audubon/130-black-horse-pike,New Jersey,Five Below,2026-07-16
13538800,5851 Route 42,Suite 2,Blackwood,NJ,08012,+18562271946,39.76271635056849,-75.04961125514455,Mon-Sat 09:30-21:30; Sun 10:00-20:00,https://locations.fivebelow.com/nj/blackwood/5851-route-42,New Jersey,Five Below,2026-07-16
13539040,666 Route 70,,Brick,NJ,08723,+17324771225,40.0605721057351,-74.14424809325408,Mon-Sat 09:30-21:30; Sun 10:00-20:00,https://locations.fivebelow.com/nj/brick/666-route-70,New Jersey,Five Below,2026-07-16
13539427,2200 Mount Holly Road,Unit 6,Burlington,NJ,08016,+16096421209,40.04720326973443,-74.8395701326553,Mon-Sat 09:30-21:30; Sun 10:00-20:00,https://locations.fivebelow.com/nj/burlington/2200-mount-holly-road,New Jersey,Five Below,2026-07-16
13539063,110 East Hanover Ave,Space C2,Cedar Knolls,NJ,07927,+19735382521,40.809159703701454,-74.4623813527229,Mon-Sat 09:30-21:30; Sun 10:00-20:00,https://locations.fivebelow.com/nj/cedar-knolls/110-east-hanover-ave,New Jersey,Five Below,2026-07-16
13538799,1598 Kings Highway N,#14,Cherry Hill,NJ,08034,+18564284144,39.916324810337045,-75.01099772547587,Mon-Sat 09:30-21:30; Sun 10:00-20:00,https://locations.fivebelow.com/nj/cherry-hill/1598-kings-highway-n,New Jersey,Five Below,2026-07-16
1094544156,2232 Marlton Pike West,,Cherry Hill,NJ,08002,+18563029586,39.92541376330006,-75.04270023383924,Mon-Sat 09:30-21:30; Sun 10:00-20:00,https://locations.fivebelow.com/nj/cherry-hill/2232-marlton-pike-west,New Jersey,Five Below,2026-07-16
13539030,1255 Raritan Rd,Unit 120,Clark,NJ,07066,+17323810612,40.630524708744936,-74.30508502158803,Mon-Sat 09:30-21:30; Sun 10:00-20:00,https://locations.fivebelow.com/nj/clark/1255-raritan-rd,New Jersey,Five Below,2026-07-16
13539005,364 NJ-3 West,,Clifton,NJ,07014,+19734709920,40.8299092,-74.1369116,Mon-Sat 09:30-21:30; Sun 10:00-20:00,https://locations.fivebelow.com/nj/clifton/364-nj-3-west,New Jersey,Five Below,2026-07-16
13538901,1321 Fairview Blvd,Suite C,Delran,NJ,08075,+18564612386,40.02039237193384,-74.94235381071411,Mon-Sat 09:30-21:30; Sun 10:00-20:00,https://locations.fivebelow.com/nj/delran/1321-fairview-blvd,New Jersey,Five Below,2026-07-16
1015790275,1500 Almonesson Rd,Suite #: B-3A,Deptford,NJ,08096,+18564631314,39.82466862733307,-75.1029057275577,Mon-Sat 09:30-21:30; Sun 10:00-20:00,https://locations.fivebelow.com/nj/deptford/1500-almonesson-rd,New Jersey,Five Below,2026-07-16
13538900,2000 Clements Bridge Road,50A,Deptford,NJ,08096,+18566866024,39.838608692086694,-75.0971839126983,Mon-Sat 09:30-21:30; Sun 10:00-20:00,https://locations.fivebelow.com/nj/deptford/2000-clements-bridge-road,New Jersey,Five Below,2026-07-16
13539039,607 Route 18 South,,East Brunswick,NJ,08816,+17322541325,40.43453,-74.39072,Mon-Sat 09:30-21:30; Sun 10:00-20:00,https://locations.fivebelow.com/nj/east-brunswick/607-route-18-south,New Jersey,Five Below,2026-07-16
13539038,384 Route 10,,East Hanover,NJ,07936,+19735601100,40.8033634,-74.3616833,Mon-Sat 09:30-21:30; Sun 10:00-20:00,https://locations.fivebelow.com/nj/east-hanover/384-route-10,New Jersey,Five Below,2026-07-16
1003547301,493 River Road,,Edgewater,NJ,07020,+15512789931,40.811006593420025,-73.98249638815298,Mon-Sat 09:30-21:30; Sun 00:00-00:00,https://locations.fivebelow.com/nj/edgewater/493-river-road,New Jersey,Five Below,2026-07-16
2015068693,651 Kapkowski Rd,Suite 240,Elizabeth,NJ,07201,+19086506023,40.66073746126911,-74.17291861980402,Mon-Sat 10:00-21:00; Sun 11:00-19:00,https://locations.fivebelow.com/nj/elizabeth/651-kapkowski-rd,New Jersey,Five Below,2026-07-16
2018691453,100 Broadway,Suite 10,Elmwood Park,NJ,07407,+15512888835,40.9190525,-74.1233258,Mon-Sat 09:30-21:30; Sun 00:00-00:00,https://locations.fivebelow.com/nj/elmwood-park/100-broadway,New Jersey,Five Below,2026-07-16
25131128,30 International Dr S,Suite F2,Flanders,NJ,07836,+19737981636,40.88315647556619,-74.70617695287594,Mon-Sat 09:30-21:30; Sun 10:00-20:00,https://locations.fivebelow.com/nj/flanders/30-international-dr-s,New Jersey,Five Below,2026-07-16
13539034,100 Reaville Ave,Unit 236,Flemington,NJ,08822,+19088064954,40.5002422,-74.85180969999999,Mon-Sat 09:30-21:30; Sun 10:00-20:00,https://locations.fivebelow.com/nj/flemington/100-reaville-ave,New Jersey,Five Below,2026-07-16
14692756,3710 U.S. 9,Suite A120,Freehold,NJ,07728,+17328370083,40.253192592169654,-74.30026876380634,Mon-Thu 10:00-20:00; Fri-Sat 10:00-21:00; Sun 11:00-19:00,https://locations.fivebelow.com/nj/freehold/3710-u.s.-9,New Jersey,Five Below,2026-07-16
13539192,174 Passaic Street,,Garfield,NJ,07026,+18622047521,40.86660865944315,-74.10100726256564,Mon-Sat 09:30-21:30; Sun 00:00-00:00,https://locations.fivebelow.com/nj/garfield/174-passaic-street,New Jersey,Five Below,2026-07-16
50492728,767 Delsea Drive N.,,Glassboro,NJ,08028,+18562908350,39.721907,-75.11721,Mon-Sat 09:30-21:30; Sun 10:00-20:00,https://locations.fivebelow.com/nj/glassboro/767-delsea-drive-n.,New Jersey,Five Below,2026-07-16
13538999,2101 State Route 35,Unit 120,Holmdel,NJ,07733,+17326713282,40.414551303009624,-74.14293133911849,Mon-Sat 09:30-21:30; Sun 10:00-20:00,https://locations.fivebelow.com/nj/holmdel/2101-state-route-35,New Jersey,Five Below,2026-07-16
13539064,4921 US Rt. 9,,Howell,NJ,07731,+17327084479,40.132261560323386,-74.21979744547059,Mon-Sat 09:30-21:30; Sun 10:00-20:00,https://locations.fivebelow.com/nj/howell/4921-us-rt.-9,New Jersey,Five Below,2026-07-16
2019847481,537 Monmouth Rd,Suite 144,Jackson Township,NJ,08527,+18482898607,40.163359774185935,-74.41769121226845,Mon-Thu 10:00-20:00; Fri-Sat 10:00-21:00; Sun 10:00-19:00,https://locations.fivebelow.com/nj/jackson-township/537-monmouth-rd,New Jersey,Five Below,2026-07-16
25506226,125 18th St,,Jersey City,NJ,07310,+15512310758,40.73220444561406,-74.03768885423551,Mon-Sat 09:30-21:30; Sun 10:00-20:00,https://locations.fivebelow.com/nj/jersey-city/125-18th-st,New Jersey,Five Below,2026-07-16
13539062,160 Passaic Ave,Suite 2,Kearny,NJ,07032,+12019913491,40.75803230479987,-74.16071982654762,Mon-Sat 09:30-21:30; Sun 10:00-20:00,https://locations.fivebelow.com/nj/kearny/160-passaic-ave,New Jersey,Five Below,2026-07-16
25131122,2495 Brunswick Pike,Suite 23,Lawrence Township,NJ,08648,+16092514048,40.25872291003728,-74.73010657404143,Mon-Sat 09:30-21:30; Sun 10:00-20:00,https://locations.fivebelow.com/nj/lawrence-township/2495-brunswick-pike,New Jersey,Five Below,2026-07-16
20321059,461 NJ-10,Suite B500,Ledgewood,NJ,07852,+19733810313,40.875273752134255,-74.6507190555767,Mon-Sat 09:30-21:30; Sun 10:00-20:00,https://locations.fivebelow.com/nj/ledgewood/461-nj-10,New Jersey,Five Below,2026-07-16
2026303191,860 W Edgar Rd,Suite 860-G,Linden,NJ,07036,+19082911373,40.6185505,-74.2517841,Mon-Sat 09:30-21:30; Sun 10:00-20:00,https://locations.fivebelow.com/nj/linden/860-w-edgar-rd,New Jersey,Five Below,2026-07-16
1066166840,1638 Route 38,,Lumberton,NJ,08048,+16096077427,39.98183127050815,-74.78608832637194,Mon-Sat 09:30-21:30; Sun 10:00-20:00,https://locations.fivebelow.com/nj/lumberton/1638-route-38,New Jersey,Five Below,2026-07-16
13539035,231 Stafford Park Boulevard,,Manahawkin,NJ,08050,+16095970035,39.708293247796654,-74.28576959426158,Mon-Sat 09:30-21:30; Sun 10:00-20:00,https://locations.fivebelow.com/nj/manahawkin/231-stafford-park-boulevard,New Jersey,Five Below,2026-07-16
13539031,15 US Highway 9,,Manalapan,NJ,07726,+17325770326,40.28818277003262,-74.29854554232787,Mon-Sat 09:30-21:30; Sun 10:00-20:00,https://locations.fivebelow.com/nj/manalapan/15-us-highway-9,New Jersey,Five Below,2026-07-16
13538766,730 New Jersey Rte. 73 - South,Suite #748,Marlton,NJ,08053,+18569830697,39.867859,-74.92177,Mon-Sat 09:30-21:30; Sun 10:00-20:00,https://locations.fivebelow.com/nj/marlton/730-new-jersey-rte.-73-south,New Jersey,Five Below,2026-07-16
13538801,2271 Wrangleboro Road,Suite 278,Mays Landing,NJ,08330,+16096771740,39.4536404,-74.63308510000002,Mon-Sat 09:30-21:30; Sun 10:00-20:00,https://locations.fivebelow.com/nj/mays-landing/2271-wrangleboro-road,New Jersey,Five Below,2026-07-16
13538835,2108 N. 2nd Street,,Millville,NJ,08332,+18568251333,39.42080600858653,-75.04284205304833,Mon-Sat 09:30-21:30; Sun 10:00-20:00,https://locations.fivebelow.com/nj/millville/2108-n.-2nd-street,New Jersey,Five Below,2026-07-16
13539157,400 Route 38,Suite 1940,Moorestown,NJ,08057,+18562735981,39.94254778719208,-74.96596297972751,Mon-Sat 09:30-21:30; Sun 10:00-20:00,https://locations.fivebelow.com/nj/moorestown/400-route-38,New Jersey,Five Below,2026-07-16
13538802,64A Centerton Road,,Mt. Laurel,NJ,08054,+18562341605,39.96987913558024,-74.90974409032805,Mon-Sat 09:30-21:30; Sun 10:00-20:00,https://locations.fivebelow.com/nj/mt.-laurel/64a-centerton-road,New Jersey,Five Below,2026-07-16
92727800,13 Hampton House Rd,,Newton,NJ,07860,+19733634632,41.06996272851072,-74.74457163127659,Mon-Sat 09:30-21:30; Sun 10:00-20:00,https://locations.fivebelow.com/nj/newton/13-hampton-house-rd,New Jersey,Five Below,2026-07-16
35034660,2100 88th Street,Suite 3A,North Bergen,NJ,07047,+15512789041,40.8128108,-74.0160083,Mon-Sat 09:30-21:30; Sun 10:00-20:00,https://locations.fivebelow.com/nj/north-bergen/2100-88th-street,New Jersey,Five Below,2026-07-16
13539041,949 US Highway 1,,North Brunswick,NJ,08902,+17328281764,40.461286346734376,-74.46514396514283,Mon-Sat 09:30-21:30; Sun 10:00-20:00,https://locations.fivebelow.com/nj/north-brunswick/949-us-highway-1,New Jersey,Five Below,2026-07-16
13539131,2327 Nj-66,,Ocean Township,NJ,07712,+17324932708,40.23094070610479,-74.04575049681239,Mon-Sat 09:30-21:30; Sun 10:00-20:00,https://locations.fivebelow.com/nj/ocean-township/2327-nj-66,New Jersey,Five Below,2026-07-16
13539029,240 North Route 17,,Paramus,NJ,07652,+12012620893,40.936352790063246,-74.0692295509262,Mon-Sat 09:30-21:30; Sun 00:00-00:00,https://locations.fivebelow.com/nj/paramus/240-north-route-17,New Jersey,Five Below,2026-07-16
62111770,1064 US Route 9,,Parlin,NJ,08859,+18482170118,40.45235594254911,-74.29915508000596,Mon-Sat 09:30-21:30; Sun 10:00-20:00,https://locations.fivebelow.com/nj/parlin/1064-us-route-9,New Jersey,Five Below,2026-07-16
62111777,24 Barbour Avenue,Suite 250,Passaic,NJ,07055,+19733639602,40.875663848733694,-74.12041057723413,Mon-Sat 09:30-21:30; Sun 10:00-20:00,https://locations.fivebelow.com/nj/passaic/24-barbour-avenue,New Jersey,Five Below,2026-07-16
13539033,221 Nassau Park Blvd,,Princeton,NJ,08540,+16094522060,40.303302,-74.679105,Mon-Sat 09:30-21:30; Sun 10:00-20:00,https://locations.fivebelow.com/nj/princeton/221-nassau-park-blvd,New Jersey,Five Below,2026-07-16
13539032,106 Interstate Shopping Center,,Ramsey,NJ,07446,+12019341260,41.0679032,-74.1389749,Mon-Sat 09:30-21:30; Sun 10:00-20:00,https://locations.fivebelow.com/nj/ramsey/106-interstate-shopping-center,New Jersey,Five Below,2026-07-16
13539037,300 US Highway 202,Space 6A,Raritan,NJ,08869,+19087070400,40.57580842592399,-74.63297447632027,Mon-Sat 09:30-21:30; Sun 10:00-20:00,https://locations.fivebelow.com/nj/raritan/300-us-highway-202,New Jersey,Five Below,2026-07-16
13538836,3201 Route 9 South,,Rio Grande,NJ,08242,+16094657405,39.0181128,-74.8751426,Mon-Sat 09:30-21:30; Sun 10:00-20:00,https://locations.fivebelow.com/nj/rio-grande/3201-route-9-south,New Jersey,Five Below,2026-07-16
13539004,343 Mount Hope Avenue,Suite 1016,Rockaway,NJ,07866,+19733662027,40.903624362267266,-74.54835209597837,Mon-Sat 09:30-21:30; Sun 10:00-20:00,https://locations.fivebelow.com/nj/rockaway/343-mount-hope-avenue,New Jersey,Five Below,2026-07-16
1057552569,200 Shrewsbury Plaza,,Shrewsbury,NJ,07702,+18482756413,40.315318541455795,-74.06580303398039,Mon-Sat 09:30-21:30; Sun 10:00-20:00,https://locations.fivebelow.com/nj/shrewsbury/200-shrewsbury-plaza,New Jersey,Five Below,2026-07-16
13538798,27 Bethel Road,,Somers Point,NJ,08244,+16099274729,39.331632,-74.596103,Mon-Sat 09:30-21:30; Sun 10:00-20:00,https://locations.fivebelow.com/nj/somers-point/27-bethel-road,New Jersey,Five Below,2026-07-16
13539006,4920 Hadley Center Drive,,South Plainfield,NJ,07080,+19087915716,40.54887425753668,-74.42924195655257,Mon-Sat 09:30-21:30; Sun 10:00-20:00,https://locations.fivebelow.com/nj/south-plainfield/4920-hadley-center-drive,New Jersey,Five Below,2026-07-16
13539036,295 U.S. 22,,Springfield,NJ,07081,+19733797800,40.68448882931406,-74.32506953982906,Mon-Sat 09:30-21:30; Sun 10:00-20:00,https://locations.fivebelow.com/nj/springfield/295-u.s.-22,New Jersey,Five Below,2026-07-16
13539000,1 Route 37 West,#37 West,Tom's River,NJ,08753,+17322811110,39.9623289554544,-74.20280329760581,Mon-Sat 09:30-21:30; Sun 10:00-20:00,https://locations.fivebelow.com/nj/toms-river/1-route-37-west,New Jersey,Five Below,2026-07-16
15648434,1203 Hooper Ave.,Suite B01,Toms River,NJ,08753,+17323078448,39.983018902664504,-74.17709671049245,Mon-Sat 09:30-21:30; Sun 10:00-20:00,https://locations.fivebelow.com/nj/toms-river/1203-hooper-ave.,New Jersey,Five Below,2026-07-16
13538832,300 Marketplace Blvd,,Trenton,NJ,08691,+16095852652,40.19165161691955,-74.63932847631548,Mon-Sat 09:30-21:30; Sun 10:00-20:00,https://locations.fivebelow.com/nj/trenton/300-marketplace-blvd,New Jersey,Five Below,2026-07-16
13538897,3501 New Jersey 42,Suite 410,Turnersville,NJ,08012,+18562626234,39.7286112,-75.034903,Mon-Sat 09:30-21:30; Sun 10:00-20:00,https://locations.fivebelow.com/nj/turnersville/3501-new-jersey-42,New Jersey,Five Below,2026-07-16
2019847486,3149 John F. Kennedy Blvd,Suite B,Union City,NJ,07087,+15512317246,40.774688055192286,-74.03543379128577,Mon-Sat 09:30-21:30; Sun 10:00-20:00,https://locations.fivebelow.com/nj/union-city/3149-john-f.-kennedy-blvd,New Jersey,Five Below,2026-07-16
1011095238,301 S Main Rd,Suite # A1-A2,Vineland,NJ,08360,+18564635508,39.48050411948458,-75.0001735853581,Mon-Sat 09:30-21:30; Sun 10:00-20:00,https://locations.fivebelow.com/nj/vineland/301-s-main-rd,New Jersey,Five Below,2026-07-16
1053673497,700 Haddonfield-Berlin Rd,,Voorhees,NJ,08043,+18563029164,39.85312797522589,-74.98233622701837,Mon-Sat 09:30-21:30; Sun 10:00-20:00,https://locations.fivebelow.com/nj/voorhees/700-haddonfield-berlin-rd,New Jersey,Five Below,2026-07-16
2040253759,1701 Route 22,,Watchung,NJ,07069,+19082743424,40.649765061819174,-74.40766749591359,Mon-Sat 09:30-21:30; Sun 10:00-20:00,https://locations.fivebelow.com/nj/watchung/1701-route-22,New Jersey,Five Below,2026-07-16
13539001,1640 State Route 23,,Wayne,NJ,07470,+19733056668,40.939802337632344,-74.26909096017846,Mon-Sat 09:30-21:30; Sun 10:00-20:00,https://locations.fivebelow.com/nj/wayne/1640-state-route-23,New Jersey,Five Below,2026-07-16
2026303210,625 Hamburg Tpke,Unit 3,Wayne,NJ,07470,+18623664507,40.95438345533207,-74.2207912259985,Mon-Sat 09:30-21:30; Sun 10:00-20:00,https://locations.fivebelow.com/nj/wayne/625-hamburg-tpke,New Jersey,Five Below,2026-07-16
13539065,76 Willowbrook Blvd,,Wayne,NJ,07470,+19737852309,40.88910797548297,-74.25500074355125,Mon-Sat 09:30-21:30; Sun 10:00-20:00,https://locations.fivebelow.com/nj/wayne/76-willowbrook-blvd,New Jersey,Five Below,2026-07-16
79588096,200 Route 73 N,Suite N-4F,West Berlin,NJ,08091,+18562908202,39.80645738882434,-74.93735680374003,Mon-Sat 09:30-21:30; Sun 10:00-20:00,https://locations.fivebelow.com/nj/west-berlin/200-route-73-n,New Jersey,Five Below,2026-07-16
13539003,310 New Jersey 36,#24,West Long Branch,NJ,07764,+17323892589,40.28996622606393,-74.0362562613376,Mon-Sat 09:30-21:30; Sun 10:00-20:00,https://locations.fivebelow.com/nj/west-long-branch/310-new-jersey-36,New Jersey,Five Below,2026-07-16
63653443,495 Prospect Ave,,West Orange,NJ,07052,+19739577214,40.79406270113689,-74.25554903047973,Mon-Sat 09:30-21:30; Sun 10:00-20:00,https://locations.fivebelow.com/nj/west-orange/495-prospect-ave,New Jersey,Five Below,2026-07-16
13539002,25 Woodbridge Center Drive,,Woodbridge,NJ,07095,+17325961616,40.55063443449749,-74.29700765668889,Mon-Sat 09:30-21:30; Sun 10:00-20:00,https://locations.fivebelow.com/nj/woodbridge/25-woodbridge-center-drive,New Jersey,Five Below,2026-07-16
30824344,3550 NM 528 NW,Suite 102A,Albuquerque,NM,87114,+15052956673,35.20517232112839,-106.65320863200749,Mon-Sat 09:30-21:30; Sun 10:00-20:00,https://locations.fivebelow.com/nm/albuquerque/3550-nm-528-nw,New Mexico,Five Below,2026-07-16
28049895,4201 Central Ave NW,Suite D-3,Albuquerque,NM,87105,+15052956642,35.0869785725509,-106.68762220408254,Mon-Sat 09:30-21:30; Sun 10:00-20:00,https://locations.fivebelow.com/nm/albuquerque/4201-central-ave-nw,New Mexico,Five Below,2026-07-16
2011111075,8102 Wyoming Blvd NE,,Albuquerque,NM,87113,+15052956683,35.175940022167325,-106.55751635276125,Mon-Sat 09:30-21:30; Sun 10:00-20:00,https://locations.fivebelow.com/nm/albuquerque/8102-wyoming-blvd-ne,New Mexico,Five Below,2026-07-16
63653430,1300 West Maloney Ave,Suite 314,Gallup,NM,87301,+15054163650,35.53145323618349,-108.76321310792837,Mon-Sat 10:00-21:00; Sun 11:00-20:00,https://locations.fivebelow.com/nm/gallup/1300-west-maloney-ave,New Mexico,Five Below,2026-07-16
2040253764,2220 N Grimes St,,Hobbs,NM,88240,+15752187139,32.72455812365043,-103.14292609167947,Mon-Sat 09:30-21:30; Sun 10:00-20:00,https://locations.fivebelow.com/nm/hobbs/2220-n-grimes-st,New Mexico,Five Below,2026-07-16
26128920,3020 E. Lohman Ave.,,Las Cruces,NM,88011,+15753007481,32.316003,-106.742046,Mon-Sat 09:30-21:30; Sun 10:00-20:00,https://locations.fivebelow.com/nm/las-cruces/3020-e.-lohman-ave.,New Mexico,Five Below,2026-07-16
1004710855,3575 NM Hwy 528 NE,Suite F100,Rio Rancho,NM,87144,+15053901985,35.31997935251969,-106.57725646768374,Mon-Sat 09:30-21:30; Sun 10:00-20:00,https://locations.fivebelow.com/nm/rio-rancho/3575-nm-hwy-528-ne,New Mexico,Five Below,2026-07-16
28049894,3513 Zafarano Drive,Suite A3,Santa Fe,NM,87507,+15052956679,35.642653,-106.011082,Mon-Sat 09:30-21:30; Sun 10:00-20:00,https://locations.fivebelow.com/nm/santa-fe/3513-zafarano-drive,New Mexico,Five Below,2026-07-16
47940859,490 N Stephanie St,#110,Henderson,NV,89014,+17026080789,36.058607033018035,-115.04405791295478,Mon-Sat 09:30-21:30; Sun 10:00-20:00,https://locations.fivebelow.com/nv/henderson/490-n-stephanie-st,Nevada,Five Below,2026-07-16
16664966,2152 N Rainbow Blvd,,Las Vegas,NV,89108,+17252099092,36.198773,-115.23845,Mon-Sun 00:00-00:00,https://locations.fivebelow.com/nv/las-vegas/2152-n-rainbow-blvd,Nevada,Five Below,2026-07-16
16196183,2540 E Desert Inn Rd,,Las Vegas,NV,89121,+17252095975,36.130893264953905,-115.11511085139654,Mon-Sat 09:30-21:30; Sun 10:00-20:00,https://locations.fivebelow.com/nv/las-vegas/2540-e-desert-inn-rd,Nevada,Five Below,2026-07-16
2026303196,3635 S Rainbow Blvd,Space 103,Las Vegas,NV,89117,+17252099476,36.12255427625294,-115.24474497703508,Mon-Sat 09:30-21:30; Sun 10:00-20:00,https://locations.fivebelow.com/nv/las-vegas/3635-s-rainbow-blvd,Nevada,Five Below,2026-07-16
22747241,3840 S Maryland Pkwy,Suite B,Las Vegas,NV,89119,+17252099474,36.11929282421298,-115.13564504358733,Mon-Sat 09:30-21:30; Sun 10:00-20:00,https://locations.fivebelow.com/nv/las-vegas/3840-s-maryland-pkwy,Nevada,Five Below,2026-07-16
1029180212,4700 West Sahara Avenue,,Las Vegas,NV,89102,+17252461881,36.147633069977694,-115.2058832608692,Mon-Sat 09:30-21:30; Sun 10:00-20:00,https://locations.fivebelow.com/nv/las-vegas/4700-west-sahara-avenue,Nevada,Five Below,2026-07-16
2026303206,5051 East Bonanza Rd,Suite 170,Las Vegas,NV,89110,+17252461883,36.172584259323145,-115.06344561361043,Mon-Sat 09:30-21:30; Sun 10:00-20:00,https://locations.fivebelow.com/nv/las-vegas/5051-east-bonanza-rd,Nevada,Five Below,2026-07-16
1029180211,7060 North Durango Drive,Suite 110,Las Vegas,NV,89149,+17252461320,36.289278980350765,-115.28566162576027,Mon-Sat 09:30-21:30; Sun 10:00-20:00,https://locations.fivebelow.com/nv/las-vegas/7060-north-durango-drive,Nevada,Five Below,2026-07-16
1066166845,7400 Las Vegas Blvd S,Suite 0210A,Las Vegas,NV,89123,+17024890283,36.05461196310329,-115.16959036445172,Mon-Sat 09:30-21:30; Sun 10:00-20:00,https://locations.fivebelow.com/nv/las-vegas/7400-las-vegas-blvd-s,Nevada,Five Below,2026-07-16
16196175,7971 W Tropical Pkwy,,Las Vegas,NV,89149,+17252094587,36.26928,-115.26898,Mon-Sat 09:30-21:30; Sun 10:00-20:00,https://locations.fivebelow.com/nv/las-vegas/7971-w-tropical-pkwy,Nevada,Five Below,2026-07-16
16196178,9833 S. Eastern Ave,,Las Vegas,NV,89183,+17252094577,36.01138915530053,-115.1227465504463,Mon-Sat 09:30-21:30; Sun 10:00-20:00,https://locations.fivebelow.com/nv/las-vegas/9833-s.-eastern-ave,Nevada,Five Below,2026-07-16
1021146756,2025 E Lake Mead Blvd,,North Las Vegas,NV,89030,+17252386864,36.19454296118852,-115.11896922944774,Mon-Sat 09:30-21:30; Sun 10:00-20:00,https://locations.fivebelow.com/nv/north-las-vegas/2025-e-lake-mead-blvd,Nevada,Five Below,2026-07-16
47940858,13921 S Virginia St,Space 118,Reno,NV,89511,+17752345056,39.406668227971494,-119.75071849198979,Mon-Sat 09:30-21:30; Sun 10:00-20:00,https://locations.fivebelow.com/nv/reno/13921-s-virginia-st,Nevada,Five Below,2026-07-16
2026303195,2825 Northtowne Lane,Unit B,Reno,NV,89512,+17752048959,39.5536057,-119.7829630441803,Mon-Sat 09:30-21:30; Sun 10:00-20:00,https://locations.fivebelow.com/nv/reno/2825-northtowne-lane,Nevada,Five Below,2026-07-16
28049899,6137-D S. Virginia St,,Reno,NV,89502,+17752452365,39.4695616,-119.7872582,Mon-Sat 09:30-21:30; Sun 10:00-20:00,https://locations.fivebelow.com/nv/reno/6137-d-s.-virginia-st,Nevada,Five Below,2026-07-16
28049896,1350 Scheels Drive,Suite D100,Sparks,NV,89434,+17752450876,39.53174568406107,-119.71993252023773,Mon-Sat 09:30-21:30; Sun 10:00-20:00,https://locations.fivebelow.com/nv/sparks/1350-scheels-drive,Nevada,Five Below,2026-07-16
26128922,205 Los Altos Pkwy,#101,Sparks,NV,89436,+17752452367,39.58115648199337,-119.74042171203408,Mon-Sat 09:30-21:30; Sun 10:00-20:00,https://locations.fivebelow.com/nv/sparks/205-los-altos-pkwy,Nevada,Five Below,2026-07-16
13539257,120 Washington Avenue Ext,P106,Albany,NY,12203,+15188691292,42.69008409915557,-73.85139218956662,Mon-Thu 10:00-20:00; Fri-Sat 10:00-21:00; Sun 11:00-18:00,https://locations.fivebelow.com/ny/albany/120-washington-avenue-ext,New York,Five Below,2026-07-16
13539430,131 Colonie Center,Suite 104,Albany,NY,12205,+15182820300,42.71094666528214,-73.81601100859831,Mon-Sat 10:00-21:00; Sun 10:00-19:00,https://locations.fivebelow.com/ny/albany/131-colonie-center,New York,Five Below,2026-07-16
97211930,107 Sanford Farms Shopping Center,,Amsterdam,NY,12010,+15182901979,42.96461663722724,-74.18366990552255,Mon-Sat 09:30-21:30; Sun 10:00-20:00,https://locations.fivebelow.com/ny/amsterdam/107-sanford-farms-shopping-center,New York,Five Below,2026-07-16
1015790260,22-23 31st Street,,Astoria,NY,11105,+19294817160,40.77550666010122,-73.91115014293955,Mon-Sat 09:30-21:30; Sun 10:00-20:00,https://locations.fivebelow.com/ny/astoria/22-23-31st-street,New York,Five Below,2026-07-16
13539234,217 Grant Avenue,,Auburn,NY,13021,+13152534579,42.949694470097214,-76.54988732275388,Mon-Sat 09:30-21:30; Sun 10:00-20:00,https://locations.fivebelow.com/ny/auburn/217-grant-avenue,New York,Five Below,2026-07-16
13539244,4212 Veterans Memorial Drive,,Batavia,NY,14020,+15853445613,43.014258057111554,-78.2030525688765,Mon-Sat 09:30-21:30; Sun 10:00-20:00,https://locations.fivebelow.com/ny/batavia/4212-veterans-memorial-drive,New York,Five Below,2026-07-16
13538775,1851 Sunrise Highway,Suite 7,Bay Shore,NY,11706,+16316650497,40.740266,-73.2368928,Mon-Sat 09:30-21:30; Sun 10:00-20:00,https://locations.fivebelow.com/ny/bay-shore/1851-sunrise-highway,New York,Five Below,2026-07-16
17183339,6660 4th Section Rd.,Suite #4,Brockport,NY,14420,+15854402956,43.2002227,-77.94609,Mon-Sat 09:30-21:30; Sun 10:00-20:00,https://locations.fivebelow.com/ny/brockport/6660-4th-section-rd.,New York,Five Below,2026-07-16
25506231,1043 Southern Blvd,,Bronx,NY,10459,+17185409598,40.82410480994216,-73.892117746015,Mon-Sat 09:30-21:30; Sun 10:00-20:00,https://locations.fivebelow.com/ny/bronx/1043-southern-blvd,New York,Five Below,2026-07-16
1017894676,1451 Metropolitan Ave,,Bronx,NY,10462,+19295094746,40.83699204101589,-73.86103702914426,Mon-Sat 09:30-21:30; Sun 10:00-20:00,https://locations.fivebelow.com/ny/bronx/1451-metropolitan-ave,New York,Five Below,2026-07-16
13538807,171 W 230th Street,Unit 103,Bronx,NY,10463,+17188842316,40.87745060873134,-73.9051704920654,Mon-Sat 09:30-21:30; Sun 10:00-20:00,https://locations.fivebelow.com/ny/bronx/171-w-230th-street,New York,Five Below,2026-07-16
33252874,215 East Fordham Rd,,Bronx,NY,10458,+19293790807,40.8624868,-73.8961046,Mon-Sat 09:30-21:30; Sun 10:00-20:00,https://locations.fivebelow.com/ny/bronx/215-east-fordham-rd,New York,Five Below,2026-07-16
13538810,2156 Bartow Avenue,Space 156,Bronx,NY,10475,+17186711694,40.86826210150015,-73.82481112912296,Mon-Sat 09:30-21:30; Sun 10:00-20:00,https://locations.fivebelow.com/ny/bronx/2156-bartow-avenue,New York,Five Below,2026-07-16
17792932,2952 3rd Avenue,,Bronx,NY,10455,+19292984498,40.81773451057425,-73.91451819760148,Mon-Sat 09:30-21:30; Sun 10:00-20:00,https://locations.fivebelow.com/ny/bronx/2952-3rd-avenue,New York,Five Below,2026-07-16
62111782,845 White Plains Road,,Bronx,NY,10473,+16462228974,40.822839347948516,-73.85875996873455,Mon-Sat 09:30-21:30; Sun 10:00-20:00,https://locations.fivebelow.com/ny/bronx/845-white-plains-road,New York,Five Below,2026-07-16
13538847,2165 Ralph Avenue,,Brooklyn,NY,11234,+17182415470,40.626569713569715,-73.91639131582266,Mon-Sat 09:30-21:30; Sun 10:00-20:00,https://locations.fivebelow.com/ny/brooklyn/2165-ralph-avenue,New York,Five Below,2026-07-16
20321044,262 Atlantic Ave,,Brooklyn,NY,11201,+19173989782,40.688722466186924,-73.99014126817582,Mon-Sat 09:30-21:30; Sun 10:00-20:00,https://locations.fivebelow.com/ny/brooklyn/262-atlantic-ave,New York,Five Below,2026-07-16
1004710844,399 Knickerbocker Ave,,Brooklyn,NY,11237,+19294194918,40.700183632406656,-73.9202136082166,Mon-Sat 10:00-20:00; Sun 10:00-19:00,https://locations.fivebelow.com/ny/brooklyn/399-knickerbocker-ave,New York,Five Below,2026-07-16
30824347,408 Fulton Street,,Brooklyn,NY,11201,+13477900596,40.690837019854186,-73.98631992470007,Mon-Sat 09:30-21:00; Sun 10:00-20:00,https://locations.fivebelow.com/ny/brooklyn/408-fulton-street,New York,Five Below,2026-07-16
13538820,470 Gateway Drive,Unit 5,Brooklyn,NY,11239,+17188272507,40.65401633865159,-73.87270142487968,Mon-Sat 09:30-21:30; Sun 10:00-20:00,https://locations.fivebelow.com/ny/brooklyn/470-gateway-drive,New York,Five Below,2026-07-16
13539159,5100 Avenue U,,Brooklyn,NY,11234,+17183770148,40.6099996,-73.9191133,Mon-Sat 10:00-21:00; Sun 11:00-19:00,https://locations.fivebelow.com/ny/brooklyn/5100-avenue-u,New York,Five Below,2026-07-16
20321071,5200 Kings Highway,Suite B,Brooklyn,NY,11234,+19294902842,40.63627040000001,-73.92707349999999,Mon-Sat 09:30-21:30; Sun 10:00-20:00,https://locations.fivebelow.com/ny/brooklyn/5200-kings-highway,New York,Five Below,2026-07-16
28049901,5308 5th Avenue,,Brooklyn,NY,11220,+13477900497,40.6433444,-74.0123594,Mon-Sat 09:30-21:30; Sun 10:00-20:00,https://locations.fivebelow.com/ny/brooklyn/5308-5th-avenue,New York,Five Below,2026-07-16
79588103,65-02 18th Ave,,Brooklyn,NY,11204,+19174518422,40.61902343849643,-73.99052210362261,Mon-Sat 09:30-21:30; Sun 10:00-20:00,https://locations.fivebelow.com/ny/brooklyn/65-02-18th-ave,New York,Five Below,2026-07-16
2027253810,747 Broadway,,Brooklyn,NY,11206,+13475808573,40.7012083,-73.94286,Mon-Sun 11:00-19:00,https://locations.fivebelow.com/ny/brooklyn/747-broadway,New York,Five Below,2026-07-16
42115918,89-59 Bay Pkwy,,Brooklyn,NY,11214,+13472021308,40.59311507597513,-73.99993448682659,Mon-Sat 09:30-21:30; Sun 10:00-20:00,https://locations.fivebelow.com/ny/brooklyn/89-59-bay-pkwy,New York,Five Below,2026-07-16
13538831,949 Flatbush Avenue,,Brooklyn,NY,11226,+13474350636,40.6483842,-73.9580131,Mon-Sat 10:00-20:00; Sun 10:00-19:00,https://locations.fivebelow.com/ny/brooklyn/949-flatbush-avenue,New York,Five Below,2026-07-16
1035260053,954 Pennsylvania Ave,,Brooklyn,NY,11207,+13475087739,40.65435540703816,-73.88856883633251,Mon-Sun 11:00-20:00,https://locations.fivebelow.com/ny/brooklyn/954-pennsylvania-ave,New York,Five Below,2026-07-16
42115920,1 Walden Galleria,Space G206,Buffalo,NY,14225,+17163793865,42.913607404585555,-78.7633106259368,Mon-Thu 10:00-20:00; Fri-Sat 10:00-21:00; Sun 11:00-18:00,https://locations.fivebelow.com/ny/buffalo/1-walden-galleria,New York,Five Below,2026-07-16
13539272,1730 Walden Avenue,Unit 2A,Buffalo,NY,14225,+17168951563,42.90908164463048,-78.77405402383727,Mon-Sat 09:30-21:30; Sun 10:00-20:00,https://locations.fivebelow.com/ny/buffalo/1730-walden-avenue,New York,Five Below,2026-07-16
13539139,2141 Elmwood Avenue,Suite #800,Buffalo,NY,14207,+17164478952,42.9560900605549,-78.87718897125615,Mon-Sat 09:30-21:30; Sun 10:00-20:00,https://locations.fivebelow.com/ny/buffalo/2141-elmwood-avenue,New York,Five Below,2026-07-16
13539237,3050 Sheridan Drive,Unit 7,Buffalo,NY,14226,+17168333183,42.98257656701194,-78.81953175430993,Mon-Sat 09:30-21:30; Sun 10:00-20:00,https://locations.fivebelow.com/ny/buffalo/3050-sheridan-drive,New York,Five Below,2026-07-16
13539243,3540 McKinley Pkwy,Suite 10,Buffalo,NY,14219,+17168222169,42.788383797633706,-78.81244668163204,Mon-Sat 09:30-21:30; Sun 10:00-20:00,https://locations.fivebelow.com/ny/buffalo/3540-mckinley-pkwy,New York,Five Below,2026-07-16
13539248,5041 Transit Rd,,Buffalo,NY,14221,+17166340416,42.98420399195814,-78.69401353959722,Mon-Sat 09:30-21:30; Sun 10:00-20:00,https://locations.fivebelow.com/ny/buffalo/5041-transit-rd,New York,Five Below,2026-07-16
50492729,3225 State Route 364,Suite 205,Canandaigua,NY,14424,+15853718682,42.87472175462733,-77.25002911842003,Mon-Sat 09:30-21:30; Sun 10:00-20:00,https://locations.fivebelow.com/ny/canandaigua/3225-state-route-364,New York,Five Below,2026-07-16
2040253760,1844-1936 US-6,,Carmel Hamlet,NY,10512,+18453074841,41.414693705422735,-73.66833301185213,Mon-Sat 09:30-21:30; Sun 10:00-20:00,https://locations.fivebelow.com/ny/carmel-hamlet/1844-1936-us-6,New York,Five Below,2026-07-16
13539224,7954 Brewerton Road,Suite 300,Cicero,NY,13039,+13156997815,43.156650265914244,-76.11930483355877,Mon-Sat 09:30-21:30; Sun 10:00-20:00,https://locations.fivebelow.com/ny/cicero/7954-brewerton-road,New York,Five Below,2026-07-16
2040253773,22 Clifton Country Rd,Suite 8,Clifton Park,NY,12065,+15182463793,42.85775715827836,-73.78012047071292,Mon-Sat 09:30-21:30; Sun 10:00-20:00,https://locations.fivebelow.com/ny/clifton-park/22-clifton-country-rd,New York,Five Below,2026-07-16
13539426,108 Veterans Memorial Hwy,Suite B,Commack,NY,11725,+16312021194,40.83845030706752,-73.28558726949808,Mon-Sat 09:30-21:30; Sun 10:00-20:00,https://locations.fivebelow.com/ny/commack/108-veterans-memorial-hwy,New York,Five Below,2026-07-16
13538859,6 Garet Place,,Commack,NY,11725,+16318580121,40.80793422565372,-73.2858095780233,Mon-Sat 09:30-21:30; Sun 10:00-20:00,https://locations.fivebelow.com/ny/commack/6-garet-place,New York,Five Below,2026-07-16
2002504414,4779 Transit Rd,Suite 15,Depew,NY,14043,+17164020977,42.8685819,-78.69438439999999,Mon-Sat 09:30-21:30; Sun 10:00-20:00,https://locations.fivebelow.com/ny/depew/4779-transit-rd,New York,Five Below,2026-07-16
1011095237,3956 Vineyard Dr,,Dunkirk,NY,14048,+17162666315,42.45976853689881,-79.31794474651113,Mon-Sat 09:30-21:30; Sun 10:00-20:00,https://locations.fivebelow.com/ny/dunkirk/3956-vineyard-dr,New York,Five Below,2026-07-16
1047114456,123 Grey St,Suite 10,East Aurora,NY,14052,+17163096277,42.76636466908638,-78.63446358834322,Mon-Sat 09:30-21:30; Sun 10:00-20:00,https://locations.fivebelow.com/ny/east-aurora/123-grey-st,New York,Five Below,2026-07-16
1094544175,1958 Hempstead Tpke,,East Meadow,NY,11554,+15167380286,40.72261156093726,-73.56446738037396,Mon-Sat 09:30-21:30; Sun 10:00-20:00,https://locations.fivebelow.com/ny/east-meadow/1958-hempstead-tpke,New York,Five Below,2026-07-16
47940850,4054 Nesconset Highway,Suite 2A,East Setauket,NY,11733,+16313713257,40.90644248783287,-73.0733419776696,Mon-Sat 09:30-21:30; Sun 10:00-20:00,https://locations.fivebelow.com/ny/east-setauket/4054-nesconset-highway,New York,Five Below,2026-07-16
1015790274,74-17 Grand Ave,,Elmhurst,NY,11373,+19295094146,40.73102669989752,-73.88719617893399,Mon-Sat 09:30-21:30; Sun 10:00-20:00,https://locations.fivebelow.com/ny/elmhurst/74-17-grand-ave,New York,Five Below,2026-07-16
13538848,230 Airport Plaza Blvd,,Farmingdale,NY,11735,+16314546934,40.73750529096706,-73.41756704662703,Mon-Sat 09:30-21:30; Sun 10:00-20:00,https://locations.fivebelow.com/ny/farmingdale/230-airport-plaza-blvd,New York,Five Below,2026-07-16
62111783,2280 North Ocean Ave,Suite C,Farmingville,NY,11738,+16314004252,40.826124555570644,-73.02131598711986,Mon-Sat 09:30-21:30; Sun 10:00-20:00,https://locations.fivebelow.com/ny/farmingville/2280-north-ocean-ave,New York,Five Below,2026-07-16
50492730,107-16 71st Ave,,Forest Hills,NY,11375,+19293790348,40.7204998,-73.8443709,Mon-Sat 09:30-21:30; Sun 10:00-20:00,https://locations.fivebelow.com/ny/forest-hills/107-16-71st-ave,New York,Five Below,2026-07-16
13539441,254 E Sunrise Hwy,,Freeport,NY,11520,+15165481633,40.6558264,-73.5712531,Mon-Sat 09:30-21:30; Sun 10:00-20:00,https://locations.fivebelow.com/ny/freeport/254-e-sunrise-hwy,New York,Five Below,2026-07-16
22747238,4319 Genesee Valley Plaza,,Geneseo,NY,14454,+15853763604,42.797761709132175,-77.7832390775597,Mon-Sat 09:30-21:30; Sun 10:00-20:00,https://locations.fivebelow.com/ny/geneseo/4319-genesee-valley-plaza,New York,Five Below,2026-07-16
13538827,8016 Cooper Avenue,Space 3110,Glendale,NY,11385,+17183262052,40.709177581296174,-73.86953046256374,Mon-Sat 09:30-21:30; Sun 10:00-20:00,https://locations.fivebelow.com/ny/glendale/8016-cooper-avenue,New York,Five Below,2026-07-16
80226381,388 Feura Bush Rd,Suite 300,Glenmont,NY,12077,+15182456234,42.59987795761216,-73.7940054227139,Mon-Sat 09:30-21:30; Sun 10:00-20:00,https://locations.fivebelow.com/ny/glenmont/388-feura-bush-rd,New York,Five Below,2026-07-16
1021146763,371 Smithtown Bypass,,Hauppauge,NY,11788,+16314898247,40.82764981099554,-73.20172168996483,Mon-Sat 09:30-21:30; Sun 10:00-20:00,https://locations.fivebelow.com/ny/hauppauge/371-smithtown-bypass,New York,Five Below,2026-07-16
13539136,142 Fulton Ave,,Hempstead,NY,11550,+15165652670,40.70519350106948,-73.63035055117302,Mon-Sat 09:30-21:30; Sun 10:00-20:00,https://locations.fivebelow.com/ny/hempstead/142-fulton-ave,New York,Five Below,2026-07-16
1021146758,410 S Oyster Bay Road,,Hicksville,NY,11801,+15167030262,40.780743330697376,-73.50429570864857,Mon-Sat 09:30-21:30; Sun 10:00-20:00,https://locations.fivebelow.com/ny/hicksville/410-s-oyster-bay-road,New York,Five Below,2026-07-16
1017894669,"Plaza 1000, NY-36",Suite #102,Hornell,NY,14843,+16072049251,42.34688531461348,-77.66919500183505,Mon-Sat 09:30-21:30; Sun 10:00-20:00,https://locations.fivebelow.com/ny/hornell/plaza-1000-ny-36,New York,Five Below,2026-07-16
13539171,1501 County Rte 64,,Horseheads,NY,14845,+16077391940,42.15752000000001,-76.856881635582,Mon-Sat 09:30-21:30; Sun 10:00-20:00,https://locations.fivebelow.com/ny/horseheads/1501-county-rte-64,New York,Five Below,2026-07-16
1057552574,135-25 79th Street,Unit C,Howard Beach,NY,11414,+13477962372,40.67126773129719,-73.85595745337245,Mon-Sat 10:00-20:00; Sun 10:00-19:00,https://locations.fivebelow.com/ny/howard-beach/135-25-79th-street,New York,Five Below,2026-07-16
13539214,424 Fairview Ave,Suite 200,Hudson,NY,12534,+15188284268,42.27828069224801,-73.75606230848797,Mon-Sat 09:30-21:30; Sun 10:00-20:00,https://locations.fivebelow.com/ny/hudson/424-fairview-ave,New York,Five Below,2026-07-16
2022916355,2255 E Ridge Rd,Unit 8C,Irondequoit,NY,14622,+15855595542,43.203474375110275,-77.56008628220901,Mon-Sat 09:30-21:30; Sun 10:00-20:00,https://locations.fivebelow.com/ny/irondequoit/2255-e-ridge-rd,New York,Five Below,2026-07-16
13539253,744 South Meadow Street,Suite 250,Ithaca,NY,14850,+16072770248,42.42926534396134,-76.51034231779101,Mon-Sat 09:30-21:30; Sun 10:00-20:00,https://locations.fivebelow.com/ny/ithaca/744-south-meadow-street,New York,Five Below,2026-07-16
62111784,163-34 Jamaica Avenue,,Jamaica,NY,11432,+19293790965,40.70495026679813,-73.79579470183506,Mon-Sat 10:00-20:00; Sun 10:00-19:00,https://locations.fivebelow.com/ny/jamaica/163-34-jamaica-avenue,New York,Five Below,2026-07-16
13539181,601 Harry L Drive,,Johnson City,NY,13790,+16077290614,42.12684881147518,-75.97408179026507,Mon-Sat 09:30-21:30; Sun 10:00-20:00,https://locations.fivebelow.com/ny/johnson-city/601-harry-l-drive,New York,Five Below,2026-07-16
13539225,1165 Ulster Ave,,Kingston,NY,12401,+18453365123,41.96443796819733,-73.99111158050783,Mon-Sat 09:30-21:30; Sun 10:00-20:00,https://locations.fivebelow.com/ny/kingston/1165-ulster-ave,New York,Five Below,2026-07-16
52444313,130 New Moriches Rd,Suite A,Lake Grove,NY,11755,+16312403874,40.87021252192412,-73.12614173792028,Mon-Sat 09:30-21:30; Sun 10:00-20:00,https://locations.fivebelow.com/ny/lake-grove/130-new-moriches-rd,New York,Five Below,2026-07-16
13539217,873 New Loudon Rd,Suite 6,Latham,NY,12110,+15186913850,42.75496737518778,-73.75639496529848,Mon-Sat 09:30-21:30; Sun 10:00-20:00,https://locations.fivebelow.com/ny/latham/873-new-loudon-rd,New York,Five Below,2026-07-16
13538787,3565 Hempstead Turnpike,,Levittown,NY,11756,+15167312962,40.7281995,-73.5036929,Mon-Sat 09:30-21:30; Sun 10:00-20:00,https://locations.fivebelow.com/ny/levittown/3565-hempstead-turnpike,New York,Five Below,2026-07-16
1083869668,600 N Wellwood Ave,,Lindenhurst,NY,11757,+16313053050,40.700789874421226,-73.3819491435339,Mon-Sat 09:30-21:30; Sun 10:00-20:00,https://locations.fivebelow.com/ny/lindenhurst/600-n-wellwood-ave,New York,Five Below,2026-07-16
16796703,5837 S Transit Road,,Lockport,NY,14094,+17162963865,43.140660134422404,-78.69476870129776,Mon-Sat 09:30-21:30; Sun 10:00-20:00,https://locations.fivebelow.com/ny/lockport/5837-s-transit-road,New York,Five Below,2026-07-16
13538814,34-41 48th Street,,Long Island City,NY,11101,+17182781940,40.75235123633039,-73.91453985200133,Mon-Sat 09:30-21:30; Sun 10:00-20:00,https://locations.fivebelow.com/ny/long-island-city/34-41-48th-street,New York,Five Below,2026-07-16
1083869673,1310 Hicksville Rd,,Massapequa,NY,11758,+15165457470,40.69237428811989,-73.48025733871434,Mon-Sat 09:30-21:30; Sun 10:00-20:00,https://locations.fivebelow.com/ny/massapequa/1310-hicksville-rd,New York,Five Below,2026-07-16
30824354,5220 Sunrise Hwy,,Massapequa Park,NY,11762,+15164648469,40.676011647527055,-73.44307547288562,Mon-Sat 09:30-21:30; Sun 10:00-20:00,https://locations.fivebelow.com/ny/massapequa-park/5220-sunrise-hwy,New York,Five Below,2026-07-16
13539256,1 N Galleria Drive,Suite D113,Middletown,NY,10941,+18456924756,41.453221072191546,-74.36873403203876,Mon-Thu 10:00-20:00; Fri-Sat 10:00-21:00; Sun 11:00-18:00,https://locations.fivebelow.com/ny/middletown/1-n-galleria-drive,New York,Five Below,2026-07-16
13538782,3123 E Main Street,,Mohegan Lake,NY,10547,+19145280117,41.3103308,-73.8677888,Mon-Sat 09:30-21:30; Sun 10:00-20:00,https://locations.fivebelow.com/ny/mohegan-lake/3123-e-main-street,New York,Five Below,2026-07-16
1015790280,128 Bailey Farm Rd,Suite 107a,Monroe,NY,10950,+18453790903,41.317216246881664,-74.15338484905352,Mon-Sat 09:30-21:30; Sun 10:00-20:00,https://locations.fivebelow.com/ny/monroe/128-bailey-farm-rd,New York,Five Below,2026-07-16
2015068695,4388 Route 42 North,Unit 22,Monticello,NY,12701,+18453936134,41.66722499999999,-74.67192600000001,Mon-Sat 09:30-21:30; Sun 10:00-20:00,https://locations.fivebelow.com/ny/monticello/4388-route-42-north,New York,Five Below,2026-07-16
13539059,56 Rockland Plaza,,Nanuet,NY,10954,+18456231942,41.0986534,-74.0130647,Mon-Sat 09:30-21:30; Sun 10:00-20:00,https://locations.fivebelow.com/ny/nanuet/56-rockland-plaza,New York,Five Below,2026-07-16
13539215,4785 Commercial Drive,,New Hartford,NY,13413,+13157361326,43.09528089199135,-75.3095932090149,Mon-Sat 09:30-21:30; Sun 10:00-20:00,https://locations.fivebelow.com/ny/new-hartford/4785-commercial-drive,New York,Five Below,2026-07-16
13538825,697 Hillside Ave,,New Hyde Park,NY,11040,+15163262080,40.74294216215932,-73.6979053556554,Mon-Sat 09:30-21:30; Sun 10:00-20:00,https://locations.fivebelow.com/ny/new-hyde-park/697-hillside-ave,New York,Five Below,2026-07-16
58795314,259 W 42nd Street,,New York,NY,10036,+13322086773,40.75725592071052,-73.98928603546605,Mon 10:00-09:00; Tue-Sat 10:00-21:00; Sun 10:00-19:00,https://locations.fivebelow.com/ny/new-york/259-w-42nd-street,New York,Five Below,2026-07-16
30824350,40 E 14th Street,,New York,NY,10003,+13322086626,40.73475819947792,-73.99148772777512,Mon-Sat 09:30-21:30; Sun 10:00-20:00,https://locations.fivebelow.com/ny/new-york/40-e-14th-street,New York,Five Below,2026-07-16
13539149,530 Fifth Avenue,,New York,NY,10036,+13322086937,40.755130076766804,-73.97991303554727,Mon-Sat 09:00-21:00; Sun 10:00-19:00,https://locations.fivebelow.com/ny/new-york/530-fifth-avenue,New York,Five Below,2026-07-16
1017894683,607 6th Avenue,,New York,NY,10011,+16467131568,40.739774351609974,-73.9955211417162,Mon-Sat 09:30-21:30; Sun 10:00-20:00,https://locations.fivebelow.com/ny/new-york/607-6th-avenue,New York,Five Below,2026-07-16
58795326,805 Columbus Ave,,New York,NY,10025,+16462226812,40.79496975998818,-73.965603484965,Mon-Sat 09:30-21:30; Sun 10:00-20:00,https://locations.fivebelow.com/ny/new-york/805-columbus-ave,New York,Five Below,2026-07-16
13539204,1520 Military Road,Suite 186,Niagara Falls,NY,14304,+17162970191,43.09355840262401,-78.97574783117865,Mon-Sat 09:30-21:30; Sun 10:00-20:00,https://locations.fivebelow.com/ny/niagara-falls/1520-military-road,New York,Five Below,2026-07-16
26828062,2859 Long Beach Rd,,Oceanside,NY,11572,+15163660892,40.641923331161124,-73.63999070185432,Mon-Sat 09:30-21:30; Sun 10:00-20:00,https://locations.fivebelow.com/ny/oceanside/2859-long-beach-rd,New York,Five Below,2026-07-16
1083869691,"Southside Mall, 5006 NY-23",Suite 12A,Oneonta,NY,13820,+16072043051,42.44690239305943,-75.04668489381078,Mon-Sat 09:30-21:30; Sun 10:00-20:00,https://locations.fivebelow.com/ny/oneonta/southside-mall-5006-ny-23,New York,Five Below,2026-07-16
2051803095,140 State Rte 104,Suite 1B,Oswego,NY,13126,+13155472949,43.459197968101,-76.4858610139791,Mon-Sat 09:30-21:30; Sun 10:00-20:00,https://locations.fivebelow.com/ny/oswego/140-state-rte-104,New York,Five Below,2026-07-16
30824349,499-15 Sunrise Hwy,,Patchogue,NY,11772,+16313152078,40.7775493,-73.0385292,Mon-Sat 09:30-21:30; Sun 10:00-20:00,https://locations.fivebelow.com/ny/patchogue/499-15-sunrise-hwy,New York,Five Below,2026-07-16
13538795,846 Pelham Parkway,,Pelham,NY,10803,+19147383492,40.8927458,-73.8184962,Mon-Sat 09:30-21:30; Sun 10:00-20:00,https://locations.fivebelow.com/ny/pelham/846-pelham-parkway,New York,Five Below,2026-07-16
20321060,60 Smithfield Blvd,Space D115,Plattsburgh,NY,12901,+15186913058,44.702033290694324,-73.49092283941108,Mon-Thu 10:00-19:00; Fri-Sat 10:00-21:00; Sun 11:00-17:00,https://locations.fivebelow.com/ny/plattsburgh/60-smithfield-blvd,New York,Five Below,2026-07-16
50492726,23 Soundview Market Pl,,Port Washington,NY,11050,+15162466803,40.8417708,-73.70443999999999,Mon-Sat 09:30-21:30; Sun 10:00-20:00,https://locations.fivebelow.com/ny/port-washington/23-soundview-market-pl,New York,Five Below,2026-07-16
13539163,2001 South Road,Suite A113,Poughkeepsie,NY,12601,+18452972528,41.62597272029445,-73.92082470924029,Mon-Thu 10:00-20:00; Fri-Sat 10:00-21:00; Sun 11:00-18:00,https://locations.fivebelow.com/ny/poughkeepsie/2001-south-road,New York,Five Below,2026-07-16
26128932,763 Glen Street,Suite B,Queensbury,NY,12804,+15186338820,43.32886436328706,-73.67211307287845,Mon-Sat 09:30-21:30; Sun 10:00-20:00,https://locations.fivebelow.com/ny/queensbury/763-glen-street,New York,Five Below,2026-07-16
52444307,61-35 Junction Boulevard,,Rego Park,NY,11374,+13476145277,40.733509428301225,-73.86321043809582,Mon-Sat 09:30-21:30; Sun 10:00-20:00,https://locations.fivebelow.com/ny/rego-park/61-35-junction-boulevard,New York,Five Below,2026-07-16
13539227,102 Van Rensselaer Square,Suite H,Rensselaer,NY,12144,+15182830970,42.65605809661457,-73.68997769829622,Mon-Sat 09:30-21:30; Sun 10:00-20:00,https://locations.fivebelow.com/ny/rensselaer/102-van-rensselaer-square,New York,Five Below,2026-07-16
13538774,1785 Old Country Rd,,Riverhead,NY,11901,+16313692538,40.92258954747771,-72.70270723030586,Mon-Sat 09:30-21:30; Sun 10:00-20:00,https://locations.fivebelow.com/ny/riverhead/1785-old-country-rd,New York,Five Below,2026-07-16
13539210,2833 Ridge Road West,Unit 16A,Rochester,NY,14626,+15857230165,43.20899037057873,-77.70643945991672,Mon-Sat 09:30-21:30; Sun 10:00-20:00,https://locations.fivebelow.com/ny/rochester/2833-ridge-road-west,New York,Five Below,2026-07-16
1043343247,3170 Chili Ave,,Rochester,NY,14624,+15855043073,43.10833547841389,-77.74700381830665,Mon-Sat 09:30-21:30; Sun 10:00-20:00,https://locations.fivebelow.com/ny/rochester/3170-chili-ave,New York,Five Below,2026-07-16
16796697,3349 Monroe Ave,Space 40A,Rochester,NY,14618,+15853781438,43.1012522,-77.5393752,Mon-Sat 09:30-21:30; Sun 10:00-20:00,https://locations.fivebelow.com/ny/rochester/3349-monroe-ave,New York,Five Below,2026-07-16
13539223,720 Jefferson Road,Suite 300,Rochester,NY,14623,+15854245834,43.088579528096496,-77.62267320722432,Mon-Sat 09:30-21:30; Sun 10:00-20:00,https://locations.fivebelow.com/ny/rochester/720-jefferson-road,New York,Five Below,2026-07-16
1017894652,253-01 Rockaway Blvd,,Rosedale,NY,11422,+15167030153,40.637663499623194,-73.73860706171031,Mon-Sat 09:30-21:30; Sun 10:00-20:00,https://locations.fivebelow.com/ny/rosedale/253-01-rockaway-blvd,New York,Five Below,2026-07-16
13539212,3072 Route 50,,Saratoga Springs,NY,12866,+15185846375,43.10738750880116,-73.74070862239085,Mon-Sat 09:30-21:30; Sun 10:00-20:00,https://locations.fivebelow.com/ny/saratoga-springs/3072-route-50,New York,Five Below,2026-07-16
62111785,424 Balltown Rd.,,Schenectady,NY,12304,+15182908152,42.774512669215696,-73.88974369128069,Mon-Sat 09:30-21:30; Sun 10:00-20:00,https://locations.fivebelow.com/ny/schenectady/424-balltown-rd.,New York,Five Below,2026-07-16
1015790276,787 Middle Country Rd 17C,,Selden,NY,11784,+16314004725,40.866172870809365,-73.04722597963715,Mon-Sat 09:30-21:30; Sun 10:00-20:00,https://locations.fivebelow.com/ny/selden/787-middle-country-rd-17c,New York,Five Below,2026-07-16
13539164,1017 Montauk Highway,Suite 3,Shirley,NY,11967,+16312810412,40.80308,-72.859582,Mon-Sat 09:30-21:30; Sun 10:00-20:00,https://locations.fivebelow.com/ny/shirley/1017-montauk-highway,New York,Five Below,2026-07-16
88016099,1501 Forest Avenue,,Staten Island,NY,10302,+19293790871,40.626030493300185,-74.13740514783308,Mon-Sat 09:30-21:30; Sun 10:00-20:00,https://locations.fivebelow.com/ny/staten-island/1501-forest-avenue,New York,Five Below,2026-07-16
1057552560,165 Bricktown Way,Suite # 1B,Staten Island,NY,10309,+13477962375,40.52819932689576,-74.22847568465578,Mon-Sat 09:30-21:30; Sun 10:00-20:00,https://locations.fivebelow.com/ny/staten-island/165-bricktown-way,New York,Five Below,2026-07-16
13538779,2626 Hylan Blvd.,,Staten Island,NY,10306,+17189872708,40.567464718795456,-74.1114288451949,Mon-Sat 09:30-21:30; Sun 10:00-20:00,https://locations.fivebelow.com/ny/staten-island/2626-hylan-blvd.,New York,Five Below,2026-07-16
13538812,2845 Richmond Avenue,#3,Staten Island,NY,10314,+17186981631,40.575823444747385,-74.16797210200878,Mon-Sat 09:30-21:30; Sun 10:00-20:00,https://locations.fivebelow.com/ny/staten-island/2845-richmond-avenue,New York,Five Below,2026-07-16
13539193,306 Hiawatha Boulevard W,,Syracuse,NY,13204,+13154240583,43.068579559120614,-76.17179418353282,Mon-Thu 10:00-20:00; Fri-Sat 10:00-21:00; Sun 11:00-18:00,https://locations.fivebelow.com/ny/syracuse/306-hiawatha-boulevard-w,New York,Five Below,2026-07-16
13539240,3409 Erie Blvd E,Suite 240,Syracuse,NY,13214,+13154454028,43.04641272187961,-76.06482594974858,Mon-Sat 09:30-21:30; Sun 10:00-20:00,https://locations.fivebelow.com/ny/syracuse/3409-erie-blvd-e,New York,Five Below,2026-07-16
13539178,3587 W Genesee Street,,Syracuse,NY,13219,+13154885607,43.04683469084757,-76.23422072882032,Mon-Sat 09:30-21:30; Sun 10:00-20:00,https://locations.fivebelow.com/ny/syracuse/3587-w-genesee-street,New York,Five Below,2026-07-16
13538826,750 Sunrise Highway,Unit 130,Valley Stream,NY,11581,+15165992835,40.66371992618357,-73.72720442075087,Mon-Sat 09:30-21:30; Sun 10:00-20:00,https://locations.fivebelow.com/ny/valley-stream/750-sunrise-highway,New York,Five Below,2026-07-16
13539235,2505 Vestal Parkway East,Suite 3A,Vestal,NY,13850,+16077972583,42.09701762706848,-76.01188972995595,Mon-Sat 09:30-21:30; Sun 10:00-20:00,https://locations.fivebelow.com/ny/vestal/2505-vestal-parkway-east,New York,Five Below,2026-07-16
13539213,423 Commerce Drive,,Victor,NY,14564,+15859248444,43.01894660693397,-77.43593288512659,Mon-Sat 09:30-21:30; Sun 10:00-20:00,https://locations.fivebelow.com/ny/victor/423-commerce-drive,New York,Five Below,2026-07-16
13539208,21854 Towne Center Drive,,Watertown,NY,13601,+13157797426,43.97209904643482,-75.96148575237464,Mon-Sat 09:30-21:30; Sun 10:00-20:00,https://locations.fivebelow.com/ny/watertown/21854-towne-center-drive,New York,Five Below,2026-07-16
13539255,913 Holt Road,Suite 120,Webster,NY,14580,+15852179546,43.21365603579934,-77.45317236787656,Mon-Sat 09:30-21:30; Sun 10:00-20:00,https://locations.fivebelow.com/ny/webster/913-holt-road,New York,Five Below,2026-07-16
13538794,943 West Montauk Hwy,,West Babylon,NY,11704,+16316611201,40.68553553741417,-73.35158555440188,Mon-Sat 09:30-21:30; Sun 10:00-20:00,https://locations.fivebelow.com/ny/west-babylon/943-west-montauk-hwy,New York,Five Below,2026-07-16
13539093,3690 Palisades Center Drive,Space C303,West Nyack,NY,10994,+18453580341,41.097241330679665,-73.95591440873716,Mon-Thu 10:00-20:00; Fri-Sat 10:00-21:30; Sun 11:00-19:00,https://locations.fivebelow.com/ny/west-nyack/3690-palisades-center-drive,New York,Five Below,2026-07-16
13538769,1260 Old Country Road,,Westbury,NY,11590,+15162222431,40.7451590946331,-73.59737076190186,Mon-Sat 09:30-21:30; Sun 10:00-20:00,https://locations.fivebelow.com/ny/westbury/1260-old-country-road,New York,Five Below,2026-07-16
13538817,389 Tarrytown Road,,White Plains,NY,10607,+19142876438,41.04179304535688,-73.79768683680533,Mon-Sat 09:30-21:30; Sun 10:00-20:00,https://locations.fivebelow.com/ny/white-plains/389-tarrytown-road,New York,Five Below,2026-07-16
13539141,2642 Central Park Avenue,,Yonkers,NY,10710,+19143704526,40.98580291151324,-73.8244175030988,Mon-Sat 09:30-21:30; Sun 10:00-20:00,https://locations.fivebelow.com/ny/yonkers/2642-central-park-avenue,New York,Five Below,2026-07-16
1094544158,335 Downing Dr,Suite A,Yorktown Heights,NY,10598,+19144290907,41.27174610000001,-73.78275595031452,Mon-Sat 09:30-21:30; Sun 10:00-20:00,https://locations.fivebelow.com/ny/yorktown-heights/335-downing-dr,New York,Five Below,2026-07-16
1011095230,392 E. Waterloo Rd,,Akron,OH,44319,+12342596689,41.0287733,-81.5129319,Mon-Sat 09:30-21:30; Sun 10:00-20:00,https://locations.fivebelow.com/oh/akron/392-e.-waterloo-rd,Ohio,Five Below,2026-07-16
2040257732,206 W Main St,,Amelia,OH,45102,+15138457647,39.03604900000001,-84.23056690000001,Mon-Sat 09:30-21:30; Sun 10:00-20:00,https://locations.fivebelow.com/oh/amelia/206-w-main-st,Ohio,Five Below,2026-07-16
1066166843,2102 Metcalf Drive,Unit 9,Ashtabula,OH,44004,+14402970914,41.88332464041291,-80.74672794666867,Mon-Sat 09:30-21:30; Sun 10:00-20:00,https://locations.fivebelow.com/oh/ashtabula/2102-metcalf-drive,Ohio,Five Below,2026-07-16
13538955,7145 Market Place,,Aurora,OH,44202,+13309950017,41.3521422,-81.3896332,Mon-Sat 09:30-21:30; Sun 10:00-20:00,https://locations.fivebelow.com/oh/aurora/7145-market-place,Ohio,Five Below,2026-07-16
1083869689,6000 Mahoning Avenue,Suite 400A,Austintown,OH,44515,+12342175876,41.10140622808175,-80.7767370672525,Mon-Sat 09:30-21:30; Sun 10:00-20:00,https://locations.fivebelow.com/oh/austintown/6000-mahoning-avenue,Ohio,Five Below,2026-07-16
13538980,35852 Detroit Road,Suite 101,Avon,OH,44011,+14409370098,41.463333739633576,-82.01252932275389,Mon-Sat 09:30-21:30; Sun 10:00-20:00,https://locations.fivebelow.com/oh/avon/35852-detroit-road,Ohio,Five Below,2026-07-16
2019847485,171 Wooster Rd N,,Barberton,OH,44203,+12342875958,41.0149233,-81.60566829999999,Mon-Sat 09:30-21:30; Sun 10:00-20:00,https://locations.fivebelow.com/oh/barberton/171-wooster-rd-n,Ohio,Five Below,2026-07-16
13538972,2500 N Fairfield Road,Suite E-1,Beavercreek,OH,45431,+19374299126,39.76512786174163,-84.05014441165676,Mon-Sat 09:30-21:30; Sun 10:00-20:00,https://locations.fivebelow.com/oh/beavercreek/2500-n-fairfield-road,Ohio,Five Below,2026-07-16
13538983,411 Boardman Poland Rd,Unit 124,Boardman,OH,44512,+13307583465,41.02083995951907,-80.64708831779097,Mon-Sat 09:30-21:30; Sun 10:00-20:00,https://locations.fivebelow.com/oh/boardman/411-boardman-poland-rd,Ohio,Five Below,2026-07-16
15213214,1111 South Main St,Suite 110,Bowling Green,OH,43402,+12162820231,41.355298,-83.649722,Mon-Sat 09:30-21:30; Sun 10:00-20:00,https://locations.fivebelow.com/oh/bowling-green/1111-south-main-st,Ohio,Five Below,2026-07-16
13538949,4816 Ridge Road,,Brooklyn,OH,44144,+12167411452,41.42421002874608,-81.73548462933275,Mon-Sat 09:30-21:30; Sun 10:00-20:00,https://locations.fivebelow.com/oh/brooklyn/4816-ridge-road,Ohio,Five Below,2026-07-16
2061807008,61275 Southgate Rd,,Cambridge,OH,43725,+17404373433,39.991511363790956,-81.57611862025509,Mon-Sat 09:30-21:30; Sun 10:00-20:00,https://locations.fivebelow.com/oh/cambridge/61275-southgate-rd,Ohio,Five Below,2026-07-16
1094544171,3020 Atlantic Blvd NE,,Canton,OH,44705,+12342175807,40.835055269709635,-81.33124011364094,Mon-Sat 09:30-21:30; Sun 10:00-20:00,https://locations.fivebelow.com/oh/canton/3020-atlantic-blvd-ne,Ohio,Five Below,2026-07-16
1066166825,4110 Tuscarawas St. W.,,Canton,OH,44708,+13309157391,40.79467157932181,-81.42458538182218,Mon-Sat 09:30-21:30; Sun 10:00-20:00,https://locations.fivebelow.com/oh/canton/4110-tuscarawas-st.-w.,Ohio,Five Below,2026-07-16
24355363,255 Meadowlands Drive,Suite 170,Chardon,OH,44024,+14403064417,41.58789140982484,-81.22562791139384,Mon-Sat 09:30-21:30; Sun 10:00-20:00,https://locations.fivebelow.com/oh/chardon/255-meadowlands-drive,Ohio,Five Below,2026-07-16
13539010,1251 N Bridge St,Suite E,Chillicothe,OH,45601,+17407755515,39.36235622681543,-82.97467117958053,Mon-Sat 09:30-21:30; Sun 10:00-20:00,https://locations.fivebelow.com/oh/chillicothe/1251-n-bridge-st,Ohio,Five Below,2026-07-16
1083869670,3866 Paxton Ave,Suite B,Cincinnati,OH,45209,+15134962712,39.14590837574683,-84.42600268261828,Mon-Sat 09:30-21:30; Sun 10:00-20:00,https://locations.fivebelow.com/oh/cincinnati/3866-paxton-ave,Ohio,Five Below,2026-07-16
1017894675,454 Ohio Pike,Suite 54,Cincinnati,OH,45255,+15137883298,39.07313165804542,-84.30993458956814,Mon-Sat 09:30-21:30; Sun 10:00-20:00,https://locations.fivebelow.com/oh/cincinnati/454-ohio-pike,Ohio,Five Below,2026-07-16
2027253817,5555 Glenway Ave,,Cincinnati,OH,45238,+15138122031,39.131175999999975,-84.61087529447748,Mon-Sat 09:30-21:30; Sun 10:00-20:00,https://locations.fivebelow.com/oh/cincinnati/5555-glenway-ave,Ohio,Five Below,2026-07-16
13538988,700 Eastgate S Drive,Unit 230,Cincinnati,OH,45245,+15137523121,39.096385159154416,-84.27315239910246,Mon-Sat 09:30-21:30; Sun 10:00-20:00,https://locations.fivebelow.com/oh/cincinnati/700-eastgate-s-drive,Ohio,Five Below,2026-07-16
13538987,7800 Montgomery Rd.,Unit #271,Cincinnati,OH,45236,+15137910584,39.19834769194322,-84.37777991978436,Mon-Sat 09:30-21:30; Sun 10:00-20:00,https://locations.fivebelow.com/oh/cincinnati/7800-montgomery-rd.,Ohio,Five Below,2026-07-16
1083869680,8555 Winton Road,,Cincinnati,OH,45231,+15134962714,39.223306027443655,-84.51906480368747,Mon-Sat 09:30-21:30; Sun 10:00-20:00,https://locations.fivebelow.com/oh/cincinnati/8555-winton-road,Ohio,Five Below,2026-07-16
1076890515,14671 Lorain Avenue,,Cleveland,OH,44111,+12164357487,41.45299376959677,-81.79841368098623,Mon-Sat 09:30-21:30; Sun 10:00-20:00,https://locations.fivebelow.com/oh/cleveland/14671-lorain-avenue,Ohio,Five Below,2026-07-16
13538966,1355 Polaris Parkway,,Columbus,OH,43240,+16144363328,40.139692212395225,-82.98302390907031,Mon-Sat 09:30-21:30; Sun 10:00-20:00,https://locations.fivebelow.com/oh/columbus/1355-polaris-parkway,Ohio,Five Below,2026-07-16
13538981,3624 W. Dublin Granville Rd.,,Columbus,OH,43235,+16147982173,40.09659548933917,-83.0847323658756,Mon-Sat 09:30-21:30; Sun 10:00-20:00,https://locations.fivebelow.com/oh/columbus/3624-w.-dublin-granville-rd.,Ohio,Five Below,2026-07-16
13538945,3744 Easton Market,,Columbus,OH,43219,+16144140135,40.052807890147264,-82.92360341196883,Mon-Sat 09:30-21:30; Sun 10:00-20:00,https://locations.fivebelow.com/oh/columbus/3744-easton-market,Ohio,Five Below,2026-07-16
13538982,375 Howe Ave.,,Cuyahoga Falls,OH,44221,+13309224039,41.12113960929834,-81.47956503802868,Mon-Sat 09:30-21:30; Sun 10:00-20:00,https://locations.fivebelow.com/oh/cuyahoga-falls/375-howe-ave.,Ohio,Five Below,2026-07-16
1083869672,172 E Stroop Rd,,Dayton,OH,45429,+19375953278,39.68848082913048,-84.16700343067112,Mon-Sat 09:30-21:30; Sun 10:00-20:00,https://locations.fivebelow.com/oh/dayton/172-e-stroop-rd,Ohio,Five Below,2026-07-16
13538992,8250 Kingsridge Road,,Dayton,OH,45459,+19374392954,39.63281036134085,-84.21208315459631,Mon-Sat 09:30-21:30; Sun 10:00-20:00,https://locations.fivebelow.com/oh/dayton/8250-kingsridge-road,Ohio,Five Below,2026-07-16
13538946,3879 Medina Road,#30,Fairlawn,OH,44333,+13306653064,41.137663,-81.637983,Mon-Sat 09:30-21:30; Sun 10:00-20:00,https://locations.fivebelow.com/oh/fairlawn/3879-medina-road,Ohio,Five Below,2026-07-16
13538944,3040 Westgate Mall,,Fairview Park,OH,44126,+14403313624,41.461085392163724,-81.85113424692804,Mon-Sat 09:30-21:30; Sun 10:00-20:00,https://locations.fivebelow.com/oh/fairview-park/3040-westgate-mall,Ohio,Five Below,2026-07-16
1007103752,1345 Wagner Avenue,,Greenville,OH,45331,+19373681294,40.12278489979883,-84.61917125885458,Mon-Sat 09:30-21:30; Sun 10:00-20:00,https://locations.fivebelow.com/oh/greenville/1345-wagner-avenue,Ohio,Five Below,2026-07-16
24355361,1715 Stringtown Rd,,Grove City,OH,43123,+16148267072,39.87729359770436,-83.04478429778675,Mon-Sat 09:30-21:30; Sun 10:00-20:00,https://locations.fivebelow.com/oh/grove-city/1715-stringtown-rd,Ohio,Five Below,2026-07-16
13539014,3385 Princeton Road,Suite 140,Hamilton,OH,45011,+15137371563,39.388592967547936,-84.50252993417621,Mon-Sat 09:30-21:30; Sun 10:00-20:00,https://locations.fivebelow.com/oh/hamilton/3385-princeton-road,Ohio,Five Below,2026-07-16
13539022,5432 Westpointe Plaza Drive,,Hilliard,OH,43026,+16145296929,39.982714308264676,-83.14934557163683,Mon-Sat 09:30-21:30; Sun 10:00-20:00,https://locations.fivebelow.com/oh/hilliard/5432-westpointe-plaza-drive,Ohio,Five Below,2026-07-16
1029180223,104 Careytown Road,,Hillsboro,OH,45133,+13262221512,39.2341343,-83.6268824,Mon-Sat 09:30-21:30; Sun 10:00-20:00,https://locations.fivebelow.com/oh/hillsboro/104-careytown-road,Ohio,Five Below,2026-07-16
13539043,1430 S. Holland Sylvania Rd,,Holland,OH,43528,+14198655608,41.61415997875803,-83.68608569080732,Mon-Sat 09:30-21:30; Sun 10:00-20:00,https://locations.fivebelow.com/oh/holland/1430-s.-holland-sylvania-rd,Ohio,Five Below,2026-07-16
13538990,8242 Old Troy Pike,,Huber Heights,OH,45424,+19372360196,39.874867947575886,-84.13369573986154,Mon-Sat 09:30-21:30; Sun 10:00-20:00,https://locations.fivebelow.com/oh/huber-heights/8242-old-troy-pike,Ohio,Five Below,2026-07-16
16796702,3975 Cascades Boulevard,Unit 26,Kent,OH,44240,+13305978006,41.09740828514113,-81.3882903366243,Mon-Sat 09:30-21:30; Sun 10:00-20:00,https://locations.fivebelow.com/oh/kent/3975-cascades-boulevard,Ohio,Five Below,2026-07-16
14692761,1356 River Valley Blvd,,Lancaster,OH,43130,+17403713016,39.730085,-82.623298,Mon-Sat 09:30-21:30; Sun 10:00-20:00,https://locations.fivebelow.com/oh/lancaster/1356-river-valley-blvd,Ohio,Five Below,2026-07-16
13538975,2720 Elida Road,Suite 128A,Lima,OH,45805,+14192230013,40.767221449329185,-84.15526738646199,Mon-Sat 09:30-21:30; Sun 10:00-20:00,https://locations.fivebelow.com/oh/lima/2720-elida-road,Ohio,Five Below,2026-07-16
2026303212,4415 N Leavitt Rd,,Lorain,OH,44053,+14405402028,41.43022062073815,-82.20142037708976,Mon-Sat 09:30-21:30; Sun 10:00-20:00,https://locations.fivebelow.com/oh/lorain/4415-n-leavitt-rd,Ohio,Five Below,2026-07-16
13538959,8210 Macedonia Commons Blvd,Unit 2,Macedonia,OH,44056,+13309322632,41.31076102296931,-81.51900101623093,Mon-Sat 09:30-21:30; Sun 10:00-20:00,https://locations.fivebelow.com/oh/macedonia/8210-macedonia-commons-blvd,Ohio,Five Below,2026-07-16
2040253769,2525 Possum Run Rd,,Mansfield,OH,44903,+15672137981,40.69299,-82.5117283,Mon-Sat 09:30-21:30; Sun 10:00-20:00,https://locations.fivebelow.com/oh/mansfield/2525-possum-run-rd,Ohio,Five Below,2026-07-16
1047114453,328 McMahan Blvd,,Marion,OH,43302,+17404373090,40.58406001850497,-83.08170767055225,Mon-Sat 09:30-21:30; Sun 10:00-20:00,https://locations.fivebelow.com/oh/marion/328-mcmahan-blvd,Ohio,Five Below,2026-07-16
13539021,5125 Deerfield Blvd,,Mason,OH,45040,+15133390064,39.3053663,-84.3165257,Mon-Sat 09:30-21:30; Sun 10:00-20:00,https://locations.fivebelow.com/oh/mason/5125-deerfield-blvd,Ohio,Five Below,2026-07-16
27127428,41 Massillon Marketplace Drive SW,,Massillon,OH,44646,+13303684875,40.7656517,-81.524105,Mon-Sat 09:30-21:30; Sun 10:00-20:00,https://locations.fivebelow.com/oh/massillon/41-massillon-marketplace-drive-sw,Ohio,Five Below,2026-07-16
13538935,1471 Som Center Road,,Mayfield Heights,OH,44124,+14406842755,41.52093574177786,-81.43714196257406,Mon-Sat 09:30-21:30; Sun 10:00-20:00,https://locations.fivebelow.com/oh/mayfield-heights/1471-som-center-road,Ohio,Five Below,2026-07-16
63653437,7333 Mentor Ave,,Mentor,OH,44060,+14403250355,41.65291045993542,-81.380136271123,Mon-Sat 09:30-21:30; Sun 10:00-20:00,https://locations.fivebelow.com/oh/mentor/7333-mentor-ave,Ohio,Five Below,2026-07-16
13539025,9559 Mentor Avenue,,Mentor,OH,44060,+14403541433,41.683154,-81.298354,Mon-Sat 09:30-21:30; Sun 10:00-20:00,https://locations.fivebelow.com/oh/mentor/9559-mentor-avenue,Ohio,Five Below,2026-07-16
1057552554,6845 Pearl Road,,Middleburg Heights,OH,44130,+14403064145,41.378963298315206,-81.78623533680535,Mon-Sat 09:30-21:30; Sun 10:00-20:00,https://locations.fivebelow.com/oh/middleburg-heights/6845-pearl-road,Ohio,Five Below,2026-07-16
20321047,909 Coshocton Ave,,Mount Vernon,OH,43050,+17402181716,40.40160027267574,-82.45633813162726,Mon-Sat 09:30-21:30; Sun 10:00-20:00,https://locations.fivebelow.com/oh/mount-vernon/909-coshocton-ave,Ohio,Five Below,2026-07-16
13538985,5551 Dressler Rd NW,Unit 6,North Canton,OH,44720,+13303059418,40.86222277188646,-81.43409679017827,Mon-Sat 09:30-21:30; Sun 10:00-20:00,https://locations.fivebelow.com/oh/north-canton/5551-dressler-rd-nw,Ohio,Five Below,2026-07-16
13538973,25931 Great Northern Shop Center,20 & 24,North Olmsted,OH,44070,+14407168215,41.416677,-81.9106283,Mon-Sat 09:30-21:30; Sun 10:00-20:00,https://locations.fivebelow.com/oh/north-olmsted/25931-great-northern-shop-center,Ohio,Five Below,2026-07-16
13538971,2263 Walker Lake Road,,Ontario,OH,44903,+14197470000,40.78591509839808,-82.59615403812734,Mon-Sat 09:30-21:30; Sun 10:00-20:00,https://locations.fivebelow.com/oh/ontario/2263-walker-lake-road,Ohio,Five Below,2026-07-16
1021146770,3363 Navarre Ave,,Oregon,OH,43616,+14196659161,41.6377395,-83.46798439999999,Mon-Sat 09:30-21:30; Sun 10:00-20:00,https://locations.fivebelow.com/oh/oregon/3363-navarre-ave,Ohio,Five Below,2026-07-16
1094544160,1091 West Pleasant Valley Rd,,Parma,OH,44134,+14403743415,41.360073044315996,-81.68667236760824,Mon-Sat 09:30-21:30; Sun 10:00-20:00,https://locations.fivebelow.com/oh/parma/1091-west-pleasant-valley-rd,Ohio,Five Below,2026-07-16
1066166850,1720 Snow Road,,Parma,OH,44134,+14402970923,41.4060904,-81.69340059999999,Mon-Sat 09:30-21:30; Sun 10:00-20:00,https://locations.fivebelow.com/oh/parma/1720-snow-road,Ohio,Five Below,2026-07-16
13538761,7831 W Ridgewood Dr,,Parma,OH,44129,+14408426608,41.38203076803835,-81.74059952378856,Mon-Sat 09:30-21:30; Sun 10:00-20:00,https://locations.fivebelow.com/oh/parma/7831-w-ridgewood-dr,Ohio,Five Below,2026-07-16
13538965,10701 Blacklick Eastern Rd,Ste 100,Pickerington,OH,43147,+16147518635,39.928794800000006,-82.78637049999998,Mon-Sat 09:30-21:30; Sun 10:00-20:00,https://locations.fivebelow.com/oh/pickerington/10701-blacklick-eastern-rd,Ohio,Five Below,2026-07-16
13539456,9874 US-20,,Rossford,OH,43460,+14194639861,41.54421735034069,-83.58205883,Mon-Sat 09:30-21:30; Sun 10:00-20:00,https://locations.fivebelow.com/oh/rossford/9874-us-20,Ohio,Five Below,2026-07-16
24051879,4314 Milan Rd,Unit 585,Sandusky,OH,44870,+14195002028,41.41811573357536,-82.66896639664833,Mon-Sat 09:30-21:30; Sun 10:00-20:00,https://locations.fivebelow.com/oh/sandusky/4314-milan-rd,Ohio,Five Below,2026-07-16
1007103746,2250 W Michigan Street,Suite #11,Sidney,OH,45365,+19373681274,40.29000743863451,-84.18942148731298,Mon-Sat 09:30-21:30; Sun 10:00-20:00,https://locations.fivebelow.com/oh/sidney/2250-w-michigan-street,Ohio,Five Below,2026-07-16
13539020,494 Corwin Nixon Boulevard,,South Lebanon,OH,45065,+15137884290,39.3801536,-84.2189178,Mon-Sat 09:30-21:30; Sun 10:00-20:00,https://locations.fivebelow.com/oh/south-lebanon/494-corwin-nixon-boulevard,Ohio,Five Below,2026-07-16
24051876,473 East Kemper Rd,,Springdale,OH,45246,+15137884120,39.285293,-84.462938,Mon-Sat 09:30-21:30; Sun 10:00-20:00,https://locations.fivebelow.com/oh/springdale/473-east-kemper-rd,Ohio,Five Below,2026-07-16
13539012,1680 N. Bechtle Avenue,,Springfield,OH,45504,+19373279383,39.9468922074151,-83.8315948467079,Mon-Sat 09:30-21:30; Sun 10:00-20:00,https://locations.fivebelow.com/oh/springfield/1680-n.-bechtle-avenue,Ohio,Five Below,2026-07-16
16077012,67800 Mall Road,Unit # 825,St. Clairesville,OH,43950,+17402183314,40.0683227,-80.86761539999999,Mon-Sat 09:30-21:30; Sun 10:00-20:00,https://locations.fivebelow.com/oh/st.-clairesville/67800-mall-road,Ohio,Five Below,2026-07-16
13538948,4332 Kent Road,Unit 450,Stow,OH,44224,+13306862091,41.154817669733674,-81.40650708470784,Mon-Sat 09:30-21:30; Sun 10:00-20:00,https://locations.fivebelow.com/oh/stow/4332-kent-road,Ohio,Five Below,2026-07-16
13538937,16650 Royalton Road,,Strongsville,OH,44136,+14402380025,41.315478281015245,-81.81505015670797,Mon-Sat 09:30-21:30; Sun 10:00-20:00,https://locations.fivebelow.com/oh/strongsville/16650-royalton-road,Ohio,Five Below,2026-07-16
1076890495,3140 Percentum Road,Suite #1,Toledo,OH,43617,+15672135506,41.6752743,-83.70994879999999,Mon-Sat 09:30-21:30; Sun 10:00-20:00,https://locations.fivebelow.com/oh/toledo/3140-percentum-road,Ohio,Five Below,2026-07-16
13538791,5233 Monroe St,,Toledo,OH,43623,+14198412843,41.700556,-83.654509,Mon-Sat 09:30-21:30; Sun 10:00-20:00,https://locations.fivebelow.com/oh/toledo/5233-monroe-st,Ohio,Five Below,2026-07-16
1047114467,851 West Alexis Road,,Toledo,OH,43612,+15672135488,41.718922306020616,-83.565137082209,Mon-Sat 09:30-21:30; Sun 10:00-20:00,https://locations.fivebelow.com/oh/toledo/851-west-alexis-road,Ohio,Five Below,2026-07-16
30824345,1161 Williams Reserve Blvd,,Wadsworth,OH,44281,+13303031002,41.0404132,-81.6910704,Mon-Sat 09:30-21:30; Sun 10:00-20:00,https://locations.fivebelow.com/oh/wadsworth/1161-williams-reserve-blvd,Ohio,Five Below,2026-07-16
13538969,2102 Niles Cortland Road SE,Unit 0015,Warren,OH,44484,+13305058271,41.215659043424516,-80.74135718412049,Mon-Sat 09:30-21:30; Sun 10:00-20:00,https://locations.fivebelow.com/oh/warren/2102-niles-cortland-road-se,Ohio,Five Below,2026-07-16
13539018,4051 Richmond Road,,Warrensville Heights,OH,44122,+12163782869,41.4466011,-81.4947003,Mon-Sat 09:30-21:30; Sun 10:00-20:00,https://locations.fivebelow.com/oh/warrensville-heights/4051-richmond-road,Ohio,Five Below,2026-07-16
13539023,7584 Voice of America Centre Drive,,West Chester,OH,45069,+15137553896,39.35843055876089,-84.3614921925398,Mon-Sat 09:30-21:30; Sun 10:00-20:00,https://locations.fivebelow.com/oh/west-chester/7584-voice-of-america-centre-drive,Ohio,Five Below,2026-07-16
13539450,5994 N. Hamilton Rd,,Westerville,OH,43081,+16149428887,40.076333140757335,-82.85129439381859,Mon-Sat 09:30-21:30; Sun 10:00-20:00,https://locations.fivebelow.com/oh/westerville/5994-n.-hamilton-rd,Ohio,Five Below,2026-07-16
1035260043,3834 East Broad Street,,Whitehall,OH,43213,+13802195012,39.97440159999999,-82.89859138220899,Mon-Sat 09:30-21:30; Sun 10:00-20:00,https://locations.fivebelow.com/oh/whitehall/3834-east-broad-street,Ohio,Five Below,2026-07-16
13539017,3957 Burbank Road,,Wooster,OH,44691,+13303450071,40.84871627540659,-81.94245223883087,Mon-Sat 09:30-21:30; Sun 10:00-20:00,https://locations.fivebelow.com/oh/wooster/3957-burbank-road,Ohio,Five Below,2026-07-16
1017894665,3551 Belmont Ave,69A,Youngstown,OH,44505,+12342660390,41.14760725360371,-80.66317616073054,Mon-Sat 09:30-21:30; Sun 10:00-20:00,https://locations.fivebelow.com/oh/youngstown/3551-belmont-ave,Ohio,Five Below,2026-07-16
2018691451,2850 Maysville Pike,Suite A1 & A2,Zanesville,OH,43701,+17404303201,39.89185319541678,-82.04101717908115,Mon-Sat 09:30-21:30; Sun 10:00-20:00,https://locations.fivebelow.com/oh/zanesville/2850-maysville-pike,Ohio,Five Below,2026-07-16
13539016,3575 Maple Avenue,Unit 408,Zanesville,OH,43701,+17404533460,39.98798668203146,-82.02689572923308,Mon-Sat 10:00-21:00; Sun 11:00-18:00,https://locations.fivebelow.com/oh/zanesville/3575-maple-avenue,Ohio,Five Below,2026-07-16
1043343249,1655 12th Ave NW,,Ardmore,OK,73401,+15803076895,34.1894497,-97.1498374,Mon-Sat 09:30-21:30; Sun 10:00-20:00,https://locations.fivebelow.com/ok/ardmore/1655-12th-ave-nw,Oklahoma,Five Below,2026-07-16
1015790269,501 SE Washington Blvd,Suite C,Bartlesville,OK,74006,+19185537661,36.74927239786164,-95.93781637637434,Mon-Sat 09:30-21:30; Sun 10:00-20:00,https://locations.fivebelow.com/ok/bartlesville/501-se-washington-blvd,Oklahoma,Five Below,2026-07-16
2061807001,2204 E Hillside Dr,,Broken Arrow,OK,74012,+15392025321,36.0633785,-95.76446,Mon-Sat 09:30-21:30; Sun 10:00-20:00,https://locations.fivebelow.com/ok/broken-arrow/2204-e-hillside-dr,Oklahoma,Five Below,2026-07-16
2026303200,18012 Grove Parkway,,Edmond,OK,73012,+14052256323,35.654477572959436,-97.58284362114942,Mon-Sat 09:30-21:30; Sun 10:00-20:00,https://locations.fivebelow.com/ok/edmond/18012-grove-parkway,Oklahoma,Five Below,2026-07-16
13539110,318 S Bryant Ave,,Edmond,OK,73034,+14053303437,35.6509141,-97.4581404,Mon-Sat 09:30-21:30; Sun 10:00-20:00,https://locations.fivebelow.com/ok/edmond/318-s-bryant-ave,Oklahoma,Five Below,2026-07-16
20321052,3828 West Owen K Garriott Rd,#200,Enid,OK,73703,+15802298205,36.39194903053013,-97.92455472429143,Mon-Sat 09:30-21:30; Sun 10:00-20:00,https://locations.fivebelow.com/ok/enid/3828-west-owen-k-garriott-rd,Oklahoma,Five Below,2026-07-16
1066166834,801 East Outlet Drive,Suite 6112,Jenks,OK,74037,+19187318095,36.024215,-95.960879,Mon-Thu 10:00-19:00; Fri-Sat 10:00-20:00; Sun 11:00-18:00,https://locations.fivebelow.com/ok/jenks/801-east-outlet-drive,Oklahoma,Five Below,2026-07-16
14692765,2006 NW 82nd St,,Lawton,OK,73505,+15802976938,34.63045049999999,-98.4928995,Mon-Sat 09:30-21:30; Sun 10:00-20:00,https://locations.fivebelow.com/ok/lawton/2006-nw-82nd-st,Oklahoma,Five Below,2026-07-16
1053673496,419 NW 2nd St,,Lawton,OK,73507,+15803079026,34.6139038,-98.3898222,Mon-Sat 09:30-21:30; Sun 10:00-20:00,https://locations.fivebelow.com/ok/lawton/419-nw-2nd-st,Oklahoma,Five Below,2026-07-16
52444322,1210 Tanglewood Drive,,McAlester,OK,74501,+19185537153,34.8984932,-95.7536204,Mon-Sat 09:30-21:30; Sun 10:00-20:00,https://locations.fivebelow.com/ok/mcalester/1210-tanglewood-drive,Oklahoma,Five Below,2026-07-16
30824352,7211 SE 29th Street,,Midwest City,OK,73110,+14054610028,35.43731359713812,-97.39946883644451,Mon-Sat 09:30-21:30; Sun 10:00-20:00,https://locations.fivebelow.com/ok/midwest-city/7211-se-29th-street,Oklahoma,Five Below,2026-07-16
13539105,2320 S I-35 Service Road,,Moore,OK,73160,+14057900507,35.316632,-97.487367,Mon-Sat 09:30-21:30; Sun 10:00-20:00,https://locations.fivebelow.com/ok/moore/2320-s-i-35-service-road,Oklahoma,Five Below,2026-07-16
14440466,687 W Shawnee Bypass,,Muskogee,OK,74401,+19183095036,35.7693368,-95.37234959999999,Mon-Sat 09:30-21:30; Sun 10:00-20:00,https://locations.fivebelow.com/ok/muskogee/687-w-shawnee-bypass,Oklahoma,Five Below,2026-07-16
2026303188,1617 Goppold Lane,,Norman,OK,73069,+14053518384,35.2585957,-97.47059349999999,Mon-Sat 09:30-21:30; Sun 10:00-20:00,https://locations.fivebelow.com/ok/norman/1617-goppold-lane,Oklahoma,Five Below,2026-07-16
13539098,1419 SW 74th Street,,Oklahoma City,OK,73159,+14056812152,35.3929198,-97.5402268,Mon-Sat 09:30-21:30; Sun 10:00-20:00,https://locations.fivebelow.com/ok/oklahoma-city/1419-sw-74th-street,Oklahoma,Five Below,2026-07-16
13539463,1735 Belle Isle Blvd,,Oklahoma City,OK,73118,+14055001449,35.52645891454313,-97.53744773743438,Mon-Sat 09:30-21:30; Sun 10:00-20:00,https://locations.fivebelow.com/ok/oklahoma-city/1735-belle-isle-blvd,Oklahoma,Five Below,2026-07-16
13539104,2230 W Memorial Rd,,Oklahoma City,OK,73134,+14057496913,35.6070793,-97.5523435,Mon-Sat 09:30-21:30; Sun 10:00-20:00,https://locations.fivebelow.com/ok/oklahoma-city/2230-w-memorial-rd,Oklahoma,Five Below,2026-07-16
2007699954,4617 NW 23rd St,,Oklahoma City,OK,73127,+14054672019,35.4947639,-97.6042375,Mon-Sat 09:30-21:30; Sun 10:00-20:00,https://locations.fivebelow.com/ok/oklahoma-city/4617-nw-23rd-st,Oklahoma,Five Below,2026-07-16
13539120,6413 SW 3rd Street,Suite B,Oklahoma City,OK,73128,+14054401086,35.46309599226284,-97.62695528908183,Mon-Sat 09:30-21:30; Sun 10:00-20:00,https://locations.fivebelow.com/ok/oklahoma-city/6413-sw-3rd-street,Oklahoma,Five Below,2026-07-16
13539123,8325 N Rockwell Ave,,Oklahoma City,OK,73132,+14057281624,35.55583489072889,-97.64043048741439,Mon-Sat 09:30-21:30; Sun 10:00-20:00,https://locations.fivebelow.com/ok/oklahoma-city/8325-n-rockwell-ave,Oklahoma,Five Below,2026-07-16
1011095220,2606 N 14th St,,Ponca City,OK,74601,+15803076091,36.73547972060267,-97.06903450061166,Mon-Sat 09:30-21:30; Sun 10:00-20:00,https://locations.fivebelow.com/ok/ponca-city/2606-n-14th-st,Oklahoma,Five Below,2026-07-16
1047114442,4832 Market Place Blvd,Suite 500,Shawnee,OK,74804,+14053515408,35.3820806,-96.9309285,Mon-Sat 09:30-21:30; Sun 10:00-20:00,https://locations.fivebelow.com/ok/shawnee/4832-market-place-blvd,Oklahoma,Five Below,2026-07-16
13539174,2110 North Perkins Road,,Stillwater,OK,74075,+14057434077,36.1429601,-97.0538966,Mon-Sat 09:30-21:30; Sun 10:00-20:00,https://locations.fivebelow.com/ok/stillwater/2110-north-perkins-road,Oklahoma,Five Below,2026-07-16
14692760,5203 E 41st Street,,Tulsa,OK,74135,+19183022835,36.10593698383921,-95.91881121356124,Mon-Sat 09:30-21:30; Sun 10:00-20:00,https://locations.fivebelow.com/ok/tulsa/5203-e-41st-street,Oklahoma,Five Below,2026-07-16
16411300,7418 S Olympia Ave,,Tulsa,OK,74132,+19183021678,36.05508118421868,-96.00371269364014,Mon-Sat 09:30-21:30; Sun 10:00-20:00,https://locations.fivebelow.com/ok/tulsa/7418-s-olympia-ave,Oklahoma,Five Below,2026-07-16
13539475,8802 E 71st St,,Tulsa,OK,74133,+19182380033,36.059816,-95.878042,Mon-Sat 09:30-21:30; Sun 10:00-20:00,https://locations.fivebelow.com/ok/tulsa/8802-e-71st-st,Oklahoma,Five Below,2026-07-16
2040253766,1308 Oklahoma Ave,,Woodward,OK,73801,+15802972441,36.4330527168178,-99.44084150510622,Mon-Sat 09:30-21:30; Sun 10:00-20:00,https://locations.fivebelow.com/ok/woodward/1308-oklahoma-ave,Oklahoma,Five Below,2026-07-16
13539095,12444 Northwest 10th Street E,Building E,Yukon,OK,73099,+14053242279,35.477022874203584,-97.74895526331227,Mon-Sat 09:30-21:30; Sun 10:00-20:00,https://locations.fivebelow.com/ok/yukon/12444-northwest-10th-street-e,Oklahoma,Five Below,2026-07-16
2027253809,8905 SW Cascade Ave,Suite 130,Beaverton,OR,97008,+15033030452,45.45558713093764,-122.78657063189449,Mon-Sat 09:30-21:30; Sun 10:00-20:00,https://locations.fivebelow.com/or/beaverton/8905-sw-cascade-ave,Oregon,Five Below,2026-07-16
13538890,833 North Krocks Road,Suite 106,Allentown,PA,18106,+16103661682,40.564160246893316,-75.5618068409039,Mon-Sat 09:30-21:30; Sun 10:00-20:00,https://locations.fivebelow.com/pa/allentown/833-north-krocks-road,Pennsylvania,Five Below,2026-07-16
13538892,928 Airport Center Drive,,Allentown,PA,18109,+16102312072,40.6392063,-75.4368262,Mon-Sat 09:30-21:30; Sun 10:00-20:00,https://locations.fivebelow.com/pa/allentown/928-airport-center-drive,Pennsylvania,Five Below,2026-07-16
13539138,214 Falon Lane,,Altoona,PA,16602,+18149442897,40.48576936000545,-78.38690942824172,Mon-Sat 09:30-21:30; Sun 10:00-20:00,https://locations.fivebelow.com/pa/altoona/214-falon-lane,Pennsylvania,Five Below,2026-07-16
97211936,1025 Washington Pike,Suite 100,Bridgeville,PA,15017,+14124727013,40.36767694024479,-80.1092957015227,Mon-Sat 09:30-21:30; Sun 10:00-20:00,https://locations.fivebelow.com/pa/bridgeville/1025-washington-pike,Pennsylvania,Five Below,2026-07-16
1021146762,325 W Freedom Ave,Suite #125,Burnham,PA,17009,+17179120568,40.63026803979185,-77.57643867116393,Mon-Sat 09:30-21:30; Sun 10:00-20:00,https://locations.fivebelow.com/pa/burnham/325-w-freedom-ave,Pennsylvania,Five Below,2026-07-16
13539150,730 Butler Crossing,,Butler,PA,16001,+17242142413,40.879393279887765,-79.94644248346708,Mon-Sat 09:30-21:30; Sun 10:00-20:00,https://locations.fivebelow.com/pa/butler/730-butler-crossing,Pennsylvania,Five Below,2026-07-16
13538803,120 South 32nd Street,,Camp Hill,PA,17011,+17177372137,40.23487714393808,-76.93493861021682,Mon-Sat 09:30-21:30; Sun 10:00-20:00,https://locations.fivebelow.com/pa/camp-hill/120-south-32nd-street,Pennsylvania,Five Below,2026-07-16
1017894650,89 Brooklyn St,,Carbondale,PA,18407,+15705399236,41.57113550000001,-75.50769807299898,Mon-Sat 09:30-21:30; Sun 10:00-20:00,https://locations.fivebelow.com/pa/carbondale/89-brooklyn-st,Pennsylvania,Five Below,2026-07-16
35034663,234 Westminster Dr.,,Carlisle,PA,17013,+17173454858,40.1950217,-77.1576386,Mon-Sat 09:30-21:30; Sun 10:00-20:00,https://locations.fivebelow.com/pa/carlisle/234-westminster-dr.,Pennsylvania,Five Below,2026-07-16
13538891,905 Norland Ave,,Chambersburg,PA,17201,+17172622335,39.942282733556794,-77.63224204662703,Mon-Sat 09:30-21:30; Sun 10:00-20:00,https://locations.fivebelow.com/pa/chambersburg/905-norland-ave,Pennsylvania,Five Below,2026-07-16
13538855,40 Town Center Drive,Suite 3,Collegeville,PA,19426,+16104092712,40.164897883289136,-75.47891019576804,Mon-Sat 09:30-21:30; Sun 10:00-20:00,https://locations.fivebelow.com/pa/collegeville/40-town-center-drive,Pennsylvania,Five Below,2026-07-16
13539128,20111 Route 19,Suite 207,Cranberry Township,PA,16066,+17247421660,40.68043659494307,-80.10281679383962,Mon-Sat 09:30-21:30; Sun 10:00-20:00,https://locations.fivebelow.com/pa/cranberry-township/20111-route-19,Pennsylvania,Five Below,2026-07-16
13538885,3910 Commerce Boulevard,,Dickson City,PA,18519,+12722482351,41.46835585245107,-75.63368408465578,Mon-Sat 09:30-21:30; Sun 10:00-20:00,https://locations.fivebelow.com/pa/dickson-city/3910-commerce-boulevard,Pennsylvania,Five Below,2026-07-16
13538837,1078 E. Lancaster Ave,,Downingtown,PA,19335,+16108730470,40.0172911,-75.6769717,Mon-Sat 09:30-21:30; Sun 10:00-20:00,https://locations.fivebelow.com/pa/downingtown/1078-e.-lancaster-ave,Pennsylvania,Five Below,2026-07-16
26828057,4375 West Swamp Rd,,Doylestown,PA,18902,+12674891161,40.33295698226701,-75.13670408406068,Mon-Sat 09:30-21:30; Sun 10:00-20:00,https://locations.fivebelow.com/pa/doylestown/4375-west-swamp-rd,Pennsylvania,Five Below,2026-07-16
1053673495,1043 Pontiac Rd,,Drexel Hill,PA,19026,+14842859731,39.95500573000333,-75.32433641879989,Mon-Sat 09:30-21:30; Sun 10:00-20:00,https://locations.fivebelow.com/pa/drexel-hill/1043-pontiac-rd,Pennsylvania,Five Below,2026-07-16
1015790281,55 E Germantown Pike,,East Norriton,PA,19401,+16105715091,40.140061309723826,-75.30778970361513,Mon-Sat 09:30-21:30; Sun 10:00-20:00,https://locations.fivebelow.com/pa/east-norriton/55-e-germantown-pike,Pennsylvania,Five Below,2026-07-16
13538882,3875 Dryland Way,,Easton,PA,18045,+16102534931,40.713358737519904,-75.28850915376358,Mon-Sat 09:30-21:30; Sun 10:00-20:00,https://locations.fivebelow.com/pa/easton/3875-dryland-way,Pennsylvania,Five Below,2026-07-16
1076890520,769 S. 25th St,Suite #22,Easton,PA,18045,+14842915708,40.6777414282459,-75.24928052321856,Mon-Sat 09:30-21:30; Sun 10:00-20:00,https://locations.fivebelow.com/pa/easton/769-s.-25th-st,Pennsylvania,Five Below,2026-07-16
1094544161,881 Hills Plaza,Suite 590,Ebensburg,PA,15931,+18143745257,40.46971475186508,-78.75892773632542,Mon-Sat 09:30-21:30; Sun 10:00-20:00,https://locations.fivebelow.com/pa/ebensburg/881-hills-plaza,Pennsylvania,Five Below,2026-07-16
1080779274,220-226 Crossings Blvd,Suite C4-C5,Elverson,PA,19520,+16108398666,40.15359614883199,-75.8646674202551,Mon-Sat 09:30-21:30; Sun 10:00-20:00,https://locations.fivebelow.com/pa/elverson/220-226-crossings-blvd,Pennsylvania,Five Below,2026-07-16
13539135,2088 Interchange Rd,Unit 230,Erie,PA,16565,+18148661032,42.0681078,-80.1061354,Mon-Sat 09:30-21:30; Sun 10:00-20:00,https://locations.fivebelow.com/pa/erie/2088-interchange-rd,Pennsylvania,Five Below,2026-07-16
13538771,128 Commerce Blvd,,Fairless Hills,PA,19030,+12155472485,40.18501704607933,-74.86607501193271,Mon-Sat 09:30-21:30; Sun 10:00-20:00,https://locations.fivebelow.com/pa/fairless-hills/128-commerce-blvd,Pennsylvania,Five Below,2026-07-16
13538862,95 East Street Road,,Feasterville Trevose,PA,19053,+12153551545,40.1478622,-75.0001368,Mon-Sat 09:30-21:30; Sun 10:00-20:00,https://locations.fivebelow.com/pa/feasterville-trevose/95-east-street-road,Pennsylvania,Five Below,2026-07-16
1053673493,1275 York Rd,Suite 19,Gettysburg,PA,17325,+17179270929,39.843392914899674,-77.20144877368506,Mon-Sat 09:30-21:30; Sun 10:00-20:00,https://locations.fivebelow.com/pa/gettysburg/1275-york-rd,Pennsylvania,Five Below,2026-07-16
13539156,1830 Greengate Centre Circle,,Greensburg,PA,15601,+17248375418,40.30831657378435,-79.579083876847,Mon-Sat 09:30-21:30; Sun 10:00-20:00,https://locations.fivebelow.com/pa/greensburg/1830-greengate-centre-circle,Pennsylvania,Five Below,2026-07-16
13538887,425 Eisenhower Drive,,Hanover,PA,17331,+17173459981,39.82524009999999,-76.9764799,Mon-Sat 09:30-21:30; Sun 10:00-20:00,https://locations.fivebelow.com/pa/hanover/425-eisenhower-drive,Pennsylvania,Five Below,2026-07-16
1011095246,4640 High Pointe Blvd,Suite 10,Harrisburg,PA,17111,+17177442632,40.246576359060796,-76.8046287586789,Mon-Sat 09:30-21:30; Sun 10:00-20:00,https://locations.fivebelow.com/pa/harrisburg/4640-high-pointe-blvd,Pennsylvania,Five Below,2026-07-16
13538821,5082A Jonestown Road,,Harrisburg,PA,17112,+17176523268,40.31104559911343,-76.80546650793457,Mon-Sat 09:30-21:30; Sun 10:00-20:00,https://locations.fivebelow.com/pa/harrisburg/5082a-jonestown-road,Pennsylvania,Five Below,2026-07-16
2040253772,650 Old Willow Ave,Suite 12B,Honesdale,PA,18431,+12722272440,41.5519021,-75.2278512,Mon-Sat 09:30-21:30; Sun 10:00-20:00,https://locations.fivebelow.com/pa/honesdale/650-old-willow-ave,Pennsylvania,Five Below,2026-07-16
20321066,1170 Mae St.,Suite 100,Hummelstown,PA,17036,+17174234028,40.2689731,-76.6857431,Mon-Sat 09:30-21:30; Sun 10:00-20:00,https://locations.fivebelow.com/pa/hummelstown/1170-mae-st.,Pennsylvania,Five Below,2026-07-16
13539137,210 Town Centre Drive,,Johnstown,PA,15904,+18142661675,40.27555100000001,-78.84494258895495,Mon-Sat 09:30-21:30; Sun 10:00-20:00,https://locations.fivebelow.com/pa/johnstown/210-town-centre-drive,Pennsylvania,Five Below,2026-07-16
1066166851,224 West Dekalb Pike,Suite #180,King of Prussia,PA,19406,+14842922316,40.094583608718224,-75.36752571165674,Mon-Sat 09:30-21:30; Sun 10:00-20:00,https://locations.fivebelow.com/pa/king-of-prussia/224-west-dekalb-pike,Pennsylvania,Five Below,2026-07-16
13539158,640 W. Dekalb Pike,Suite 1210,King of Prussia,PA,19406,+16103370280,40.090081,-75.384018,Mon-Thu 10:00-20:00; Fri-Sat 10:00-21:00; Sun 11:00-18:00,https://locations.fivebelow.com/pa/king-of-prussia/640-w.-dekalb-pike,Pennsylvania,Five Below,2026-07-16
1017894651,1368 Columbia Ave,,Lancaster,PA,17603,+17179120566,40.03682229470672,-76.34170621043337,Mon-Sat 09:30-21:30; Sun 10:00-20:00,https://locations.fivebelow.com/pa/lancaster/1368-columbia-ave,Pennsylvania,Five Below,2026-07-16
13538777,2020 Fruitville Pike,,Lancaster,PA,17601,+17175811584,40.0750838,-76.3238827,Mon-Sat 09:30-21:30; Sun 10:00-20:00,https://locations.fivebelow.com/pa/lancaster/2020-fruitville-pike,Pennsylvania,Five Below,2026-07-16
14692753,2350 Lincoln Hwy E,Suite 510,Lancaster,PA,17602,+17172962319,40.02305321326951,-76.20942367367917,Mon-Sat 09:30-21:30; Sun 10:00-20:00,https://locations.fivebelow.com/pa/lancaster/2350-lincoln-hwy-e,Pennsylvania,Five Below,2026-07-16
2040253775,1020 Latrobe 30 Plz,Suite 429 1/2,Latrobe,PA,15650,+17244428073,40.28698135397002,-79.38388747852154,Mon-Sat 09:30-21:30; Sun 10:00-20:00,https://locations.fivebelow.com/pa/latrobe/1020-latrobe-30-plz,Pennsylvania,Five Below,2026-07-16
1076890519,12 Quaker Village Shopping Center,Suite #1B,Leetsdale,PA,15056,+14122263410,40.55922524880292,-80.20246769707333,Mon-Sat 09:30-21:30; Sun 10:00-20:00,https://locations.fivebelow.com/pa/leetsdale/12-quaker-village-shopping-center,Pennsylvania,Five Below,2026-07-16
13538866,155 Levittown Parkway,Suite 10,Levittown,PA,19055,+12159451861,40.1408036079906,-74.82104787303975,Mon-Sat 09:30-21:30; Sun 10:00-20:00,https://locations.fivebelow.com/pa/levittown/155-levittown-parkway,Pennsylvania,Five Below,2026-07-16
1094544163,4201 Walnut St,Suite 3,McKeesport,PA,15132,+14122592005,40.32227576185775,-79.83678669522091,Mon-Sat 09:30-21:30; Sun 10:00-20:00,https://locations.fivebelow.com/pa/mckeesport/4201-walnut-st,Pennsylvania,Five Below,2026-07-16
13539145,3959 Washington Road,,McMurray,PA,15317,+17249411384,40.2700428,-80.1263856,Mon-Sat 09:30-21:30; Sun 10:00-20:00,https://locations.fivebelow.com/pa/mcmurray/3959-washington-road,Pennsylvania,Five Below,2026-07-16
1094544162,11389 Vernon Place Rd,,Meadville,PA,16335,+18143745137,41.622764545031046,-80.19886195778652,Mon-Sat 09:30-21:30; Sun 10:00-20:00,https://locations.fivebelow.com/pa/meadville/11389-vernon-place-rd,Pennsylvania,Five Below,2026-07-16
25131123,1089 W Baltimore Pike,,Media,PA,19063,+16105903626,39.91664566498396,-75.43229416190184,Mon-Sat 09:30-21:30; Sun 10:00-20:00,https://locations.fivebelow.com/pa/media/1089-w-baltimore-pike,Pennsylvania,Five Below,2026-07-16
13539127,115 Wagner Road,,Monaca,PA,15061,+17247740912,40.6825447,-80.3063561,Mon-Sat 09:30-21:30; Sun 10:00-20:00,https://locations.fivebelow.com/pa/monaca/115-wagner-road,Pennsylvania,Five Below,2026-07-16
13539146,4088 William Penn Highway,,Monroeville,PA,15146,+14123721429,40.43717278691642,-79.76730666143135,Mon-Sat 09:30-21:30; Sun 10:00-20:00,https://locations.fivebelow.com/pa/monroeville/4088-william-penn-highway,Pennsylvania,Five Below,2026-07-16
80226386,3236 Route 940,Suite 100D,Mount Pocono,PA,18344,+15705399237,41.12198036826394,-75.37115355090883,Mon-Sat 09:30-21:30; Sun 10:00-20:00,https://locations.fivebelow.com/pa/mount-pocono/3236-route-940,Pennsylvania,Five Below,2026-07-16
13538881,370 S Lycoming Mall Road,,Muncy,PA,17756,+15705467894,41.24147942632343,-76.83605107547595,Mon-Sat 09:30-21:30; Sun 10:00-20:00,https://locations.fivebelow.com/pa/muncy/370-s-lycoming-mall-road,Pennsylvania,Five Below,2026-07-16
15576979,4847 West Chester Pike,,Newtown Square,PA,19073,+16105903078,39.9762814,-75.4397329,Mon-Sat 09:30-21:30; Sun 10:00-20:00,https://locations.fivebelow.com/pa/newtown-square/4847-west-chester-pike,Pennsylvania,Five Below,2026-07-16
13538811,23 Airport Square,,North Wales,PA,19454,+12158550461,40.23828,-75.239539,Mon-Sat 09:30-21:30; Sun 10:00-20:00,https://locations.fivebelow.com/pa/north-wales/23-airport-square,Pennsylvania,Five Below,2026-07-16
2019847475,332 Commons Dr,,Parkesburg,PA,19365,+14842541063,39.9818209,-75.93319939999999,Mon-Sat 09:30-21:30; Sun 10:00-20:00,https://locations.fivebelow.com/pa/parkesburg/332-commons-dr,Pennsylvania,Five Below,2026-07-16
13538863,1161 Franklin Mills Circle,,Philadelphia,PA,19154,+12156371171,40.0843038,-74.9617368,Mon-Thu 11:00-19:00; Fri-Sat 10:00-20:00; Sun 11:00-18:00,https://locations.fivebelow.com/pa/philadelphia/1161-franklin-mills-circle,Pennsylvania,Five Below,2026-07-16
13538909,1529 Chestnut Street,,Philadelphia,PA,19102,+12155751046,39.9512796,-75.1666933,Mon-Sat 10:00-19:00; Sun 11:00-18:00,https://locations.fivebelow.com/pa/philadelphia/1529-chestnut-street,Pennsylvania,Five Below,2026-07-16
13538913,2137 Cottman Avenue,,Philadelphia,PA,19149,+12157453563,40.04981034034496,-75.06238907626891,Mon-Sat 09:30-21:30; Sun 10:00-20:00,https://locations.fivebelow.com/pa/philadelphia/2137-cottman-avenue,Pennsylvania,Five Below,2026-07-16
13538869,2200 Wheatsheaf Lane,Suite E6,Philadelphia,PA,19137,+12152894301,39.99900206974618,-75.09360444907378,Mon-Sat 09:30-21:30; Sun 10:00-20:00,https://locations.fivebelow.com/pa/philadelphia/2200-wheatsheaf-lane,Pennsylvania,Five Below,2026-07-16
13538870,2250 S Columbus Blvd,Space B,Philadelphia,PA,19148,+12154631266,39.91714276008973,-75.13988470474953,Mon-Sat 09:30-21:30; Sun 10:00-20:00,https://locations.fivebelow.com/pa/philadelphia/2250-s-columbus-blvd,Pennsylvania,Five Below,2026-07-16
1094544177,2300 Passyunk Ave,,Philadelphia,PA,19145,+12154022838,39.92228418918866,-75.1855791318945,Mon-Sat 09:30-21:30; Sun 10:00-20:00,https://locations.fivebelow.com/pa/philadelphia/2300-passyunk-ave,Pennsylvania,Five Below,2026-07-16
1094544178,2495 Aramingo Ave,,Philadelphia,PA,19125,+12675083911,39.97489745297631,-75.11941881635101,Mon-Sat 09:30-21:30; Sun 10:00-20:00,https://locations.fivebelow.com/pa/philadelphia/2495-aramingo-ave,Pennsylvania,Five Below,2026-07-16
13539142,2800 Fox Street,,Philadelphia,PA,19129,+12152272190,40.00891175074988,-75.17575565806892,Mon-Sat 10:00-21:00; Sun 10:00-20:00,https://locations.fivebelow.com/pa/philadelphia/2800-fox-street,Pennsylvania,Five Below,2026-07-16
13538922,4640 E. Roosevelt Blvd.,,Philadelphia,PA,19124,+12152884154,40.03170665902829,-75.09953028972723,Mon-Sat 09:30-21:30; Sun 10:00-20:00,https://locations.fivebelow.com/pa/philadelphia/4640-e.-roosevelt-blvd.,Pennsylvania,Five Below,2026-07-16
13538861,701 Market Street,,Philadelphia,PA,19106,+12156253940,39.9516322,-75.1526843,Mon-Sat 10:00-19:00; Sun 11:00-18:00,https://locations.fivebelow.com/pa/philadelphia/701-market-street,Pennsylvania,Five Below,2026-07-16
50492731,7600 City Avenue,Suite 1,Philadelphia,PA,19151,+12676090692,39.9789479,-75.2714672,Mon-Sat 10:00-19:00; Sun 11:00-18:00,https://locations.fivebelow.com/pa/philadelphia/7600-city-avenue,Pennsylvania,Five Below,2026-07-16
17792929,8500 Henry Ave,Space 40A,Philadelphia,PA,19128,+12158091677,40.063307,-75.2363145,Mon-Sat 09:30-21:30; Sun 10:00-20:00,https://locations.fivebelow.com/pa/philadelphia/8500-henry-ave,Pennsylvania,Five Below,2026-07-16
13538926,9171 Roosevelt Blvd,Suite B,Philadelphia,PA,19114,+12156771085,40.075601520724014,-75.0320282579014,Mon-Sat 09:30-21:30; Sun 10:00-20:00,https://locations.fivebelow.com/pa/philadelphia/9171-roosevelt-blvd,Pennsylvania,Five Below,2026-07-16
1053673499,228 Schuylkill Rd,,Phoenixville,PA,19460,+14842859674,40.1355782490402,-75.54388068889993,Mon-Sat 09:30-21:30; Sun 10:00-20:00,https://locations.fivebelow.com/pa/phoenixville/228-schuylkill-rd,Pennsylvania,Five Below,2026-07-16
13539129,1010 Settlers Ridge Center Drive,,Pittsburgh,PA,15205,+14127873987,40.43981768642838,-80.14827224399329,Mon-Sat 09:30-21:30; Sun 10:00-20:00,https://locations.fivebelow.com/pa/pittsburgh/1010-settlers-ridge-center-drive,Pennsylvania,Five Below,2026-07-16
1066166831,301 S Hills Village,,Pittsburgh,PA,15241,+14128704192,40.34219423968847,-80.05547158982618,Mon-Thu 10:00-20:00; Fri-Sat 10:00-21:00; Sun 11:00-18:00,https://locations.fivebelow.com/pa/pittsburgh/301-s-hills-village,Pennsylvania,Five Below,2026-07-16
80226366,440 Smithfield St.,,Pittsburgh,PA,15219,+14124742223,40.439035202551494,-79.99964453356928,Mon-Sun 10:00-19:00,https://locations.fivebelow.com/pa/pittsburgh/440-smithfield-st.,Pennsylvania,Five Below,2026-07-16
13539148,4801 McKnight Road,Suite 106,Pittsburgh,PA,15237,+14123642758,40.52264788247394,-80.00654520518843,Mon-Sat 09:30-21:30; Sun 10:00-20:00,https://locations.fivebelow.com/pa/pittsburgh/4801-mcknight-road,Pennsylvania,Five Below,2026-07-16
13539154,950-952 Freeport Road,,Pittsburgh,PA,15238,+14127812607,40.48909736418612,-79.89228823313522,Mon-Sat 09:30-21:30; Sun 10:00-20:00,https://locations.fivebelow.com/pa/pittsburgh/950-952-freeport-road,Pennsylvania,Five Below,2026-07-16
13539151,587 Clairton Blvd,,Pleasant Hills,PA,15236,+14126533843,40.3328136,-79.9440449,Mon-Sat 09:30-21:30; Sun 10:00-20:00,https://locations.fivebelow.com/pa/pleasant-hills/587-clairton-blvd,Pennsylvania,Five Below,2026-07-16
13538871,2436 Chemical Road,,Plymouth Meeting,PA,19462,+16108283792,40.10562997424539,-75.29277029447746,Mon-Sat 09:30-21:30; Sun 10:00-20:00,https://locations.fivebelow.com/pa/plymouth-meeting/2436-chemical-road,Pennsylvania,Five Below,2026-07-16
1057552553,18 West Lightcap Rd,,Pottstown,PA,19464,+14842859912,40.236365800030434,-75.56956849749828,Mon-Thu 10:00-20:00; Fri-Sat 10:00-21:00; Sun 10:00-19:00,https://locations.fivebelow.com/pa/pottstown/18-west-lightcap-rd,Pennsylvania,Five Below,2026-07-16
13538844,190 Upland Square Drive,,Pottstown,PA,19464,+16103263738,40.26483301930769,-75.65347650793456,Mon-Sat 09:30-21:30; Sun 10:00-20:00,https://locations.fivebelow.com/pa/pottstown/190-upland-square-drive,Pennsylvania,Five Below,2026-07-16
13538860,210 N West End Blvd.,,Quakertown,PA,18951,+12155367034,40.44637306144186,-75.3626815793762,Mon-Sat 09:30-21:30; Sun 10:00-20:00,https://locations.fivebelow.com/pa/quakertown/210-n-west-end-blvd.,Pennsylvania,Five Below,2026-07-16
13538842,2785 Paper Mill Road,,Reading,PA,19610,+16107366948,40.36108644928829,-75.98575150163201,Mon-Sat 09:30-21:30; Sun 10:00-20:00,https://locations.fivebelow.com/pa/reading/2785-paper-mill-road,Pennsylvania,Five Below,2026-07-16
13538857,4699 Perkiomen Ave,,Reading,PA,19606,+16107796051,40.3076380266869,-75.85769511299003,Mon-Sat 09:30-21:30; Sun 10:00-20:00,https://locations.fivebelow.com/pa/reading/4699-perkiomen-ave,Pennsylvania,Five Below,2026-07-16
2026303199,1341 S Main Ave,,Scranton,PA,18504,+12722272039,41.39295141294366,-75.68741565564578,Mon-Sat 09:30-21:30; Sun 10:00-20:00,https://locations.fivebelow.com/pa/scranton/1341-s-main-ave,Pennsylvania,Five Below,2026-07-16
13538883,388 Marketplace Boulevard,#6D,Selinsgrove,PA,17870,+15707437004,40.84250650626569,-76.83461981349183,Mon-Sat 09:30-21:30; Sun 10:00-20:00,https://locations.fivebelow.com/pa/selinsgrove/388-marketplace-boulevard,Pennsylvania,Five Below,2026-07-16
1015790261,26 Shippensburg Shopping Center,,Shippensburg,PA,17257,+17176308499,40.05748631558529,-77.49921673881126,Mon-Sat 09:30-21:30; Sun 10:00-20:00,https://locations.fivebelow.com/pa/shippensburg/26-shippensburg-shopping-center,Pennsylvania,Five Below,2026-07-16
1080779266,741 PA-113,,Souderton,PA,18964,+12675256830,40.31584981257957,-75.3080785848061,Mon-Sat 09:30-21:30; Sun 10:00-20:00,https://locations.fivebelow.com/pa/souderton/741-pa-113,Pennsylvania,Five Below,2026-07-16
1017894670,500 Second Street Pike,,Southampton,PA,18966,+12672153926,40.17009165369729,-75.04621717852152,Mon-Sat 09:30-21:30; Sun 10:00-20:00,https://locations.fivebelow.com/pa/southampton/500-second-street-pike,Pennsylvania,Five Below,2026-07-16
13538788,400 South State Rd,,Springfield,PA,19064,+16103287095,39.938158,-75.353033,Mon-Sat 09:30-21:30; Sun 10:00-20:00,https://locations.fivebelow.com/pa/springfield/400-south-state-rd,Pennsylvania,Five Below,2026-07-16
13538894,965 Baltimore Pike,Space A-3,Springfield,PA,19064,+16105444295,39.91435820657269,-75.34003304657136,Mon-Sat 09:30-21:30; Sun 10:00-20:00,https://locations.fivebelow.com/pa/springfield/965-baltimore-pike,Pennsylvania,Five Below,2026-07-16
13538879,339 Colonnade Boulevard,,State College,PA,16803,+18148672615,40.8121,-77.9074869,Mon-Sat 09:30-21:30; Sun 10:00-20:00,https://locations.fivebelow.com/pa/state-college/339-colonnade-boulevard,Pennsylvania,Five Below,2026-07-16
13538853,361 Charles Lane,#104,Stroudsburg,PA,18360,+15704240866,40.989588,-75.235384,Mon-Sat 09:30-21:30; Sun 10:00-20:00,https://locations.fivebelow.com/pa/stroudsburg/361-charles-lane,Pennsylvania,Five Below,2026-07-16
97211927,1000 Premium Outlet Drive,Suite A20A,Tannersville,PA,18372,+15703652093,41.04621155406799,-75.3112233073576,Mon-Thu 10:00-20:00; Fri-Sat 10:00-21:00; Sun 10:00-19:00,https://locations.fivebelow.com/pa/tannersville/1000-premium-outlet-drive,Pennsylvania,Five Below,2026-07-16
13539130,1020 Village Center Drive,Suite 2E,Tarentum,PA,15084,+17242740764,40.568372388956874,-79.80383615070951,Mon-Sat 09:30-21:30; Sun 10:00-20:00,https://locations.fivebelow.com/pa/tarentum/1020-village-center-drive,Pennsylvania,Five Below,2026-07-16
13539446,4116 N 5th Street Highway,,Temple,PA,19560,+16106012875,40.39643397456689,-75.9293092038584,Mon-Sat 09:30-21:30; Sun 10:00-20:00,https://locations.fivebelow.com/pa/temple/4116-n-5th-street-highway,Pennsylvania,Five Below,2026-07-16
13539132,121 Matthew Drive,,Uniontown,PA,15401,+17244394031,39.909137516808386,-79.75368748710252,Mon-Sat 09:30-21:30; Sun 10:00-20:00,https://locations.fivebelow.com/pa/uniontown/121-matthew-drive,Pennsylvania,Five Below,2026-07-16
58795327,65 S 69th St.,,Upper Darby,PA,19082,+14842862433,39.959811023045894,-75.2581603987357,Mon-Sun 10:00-19:00,https://locations.fivebelow.com/pa/upper-darby/65-s-69th-st.,Pennsylvania,Five Below,2026-07-16
13538895,978 W Street Rd,,Warminster,PA,18974,+12156721056,40.2108004,-75.1105325,Mon-Sat 09:30-21:30; Sun 10:00-20:00,https://locations.fivebelow.com/pa/warminster/978-w-street-rd,Pennsylvania,Five Below,2026-07-16
13539185,72 Old Mill Boulevard,,Washington,PA,15301,+17242281758,40.19100210939855,-80.22060815763393,Mon-Sat 09:30-21:30; Sun 10:00-20:00,https://locations.fivebelow.com/pa/washington/72-old-mill-boulevard,Pennsylvania,Five Below,2026-07-16
13538773,147 E. Swedesford Road,,Wayne,PA,19087,+16109641925,40.07302768368118,-75.43450778470702,Mon-Sat 09:30-21:30; Sun 10:00-20:00,https://locations.fivebelow.com/pa/wayne/147-e.-swedesford-road,Pennsylvania,Five Below,2026-07-16
13538917,309 Lancaster Ave,,Wayne,PA,19087,+16106873927,40.04448225307561,-75.3800189914017,Mon-Sat 09:30-21:30; Sun 10:00-20:00,https://locations.fivebelow.com/pa/wayne/309-lancaster-ave,Pennsylvania,Five Below,2026-07-16
2057047160,644 E Main St,,Waynesboro,PA,17268,+12232816054,39.749583766236384,-77.56840568126341,Mon-Sat 09:30-21:30; Sun 10:00-20:00,https://locations.fivebelow.com/pa/waynesboro/644-e-main-st,Pennsylvania,Five Below,2026-07-16
13538838,2655 MacArthur Commons,,Whitehall,PA,18052,+16102660254,40.648353227939964,-75.49249953128282,Mon-Sat 09:30-21:30; Sun 10:00-20:00,https://locations.fivebelow.com/pa/whitehall/2655-macarthur-commons,Pennsylvania,Five Below,2026-07-16
13538858,491 Arena Hub Plaza,,Wilkes Barre,PA,18702,+15708224460,41.24013333452585,-75.83833054931131,Mon-Sat 09:30-21:30; Sun 10:00-20:00,https://locations.fivebelow.com/pa/wilkes-barre/491-arena-hub-plaza,Pennsylvania,Five Below,2026-07-16
13538768,110 Park Ave,Unit 3,Willow Grove,PA,19090,+12156571129,40.14243420659479,-75.11720763220988,Mon-Sat 09:30-21:30; Sun 10:00-20:00,https://locations.fivebelow.com/pa/willow-grove/110-park-ave,Pennsylvania,Five Below,2026-07-16
2026303189,1326 Macdade Blvd,,Woodlyn,PA,19094,+14842541782,39.875805000000014,-75.3459426588955,Mon-Sat 09:30-21:30; Sun 10:00-20:00,https://locations.fivebelow.com/pa/woodlyn/1326-macdade-blvd,Pennsylvania,Five Below,2026-07-16
13538912,2401 West Cheltenham Ave.,Suite 110,Wyncote,PA,19095,+12158841291,40.07333523308548,-75.15455941777363,Mon-Sat 09:30-21:30; Sun 10:00-20:00,https://locations.fivebelow.com/pa/wyncote/2401-west-cheltenham-ave.,Pennsylvania,Five Below,2026-07-16
13538850,266 East Lancaster Avenue,Space 210,Wynnewood,PA,19096,+16106423781,40.003661723571156,-75.28393385783805,Mon-Sat 09:30-21:30; Sun 10:00-20:00,https://locations.fivebelow.com/pa/wynnewood/266-east-lancaster-avenue,Pennsylvania,Five Below,2026-07-16
13538903,1245 Carlisle Road,,York,PA,17404,+17178511061,39.96609950422097,-76.76689285152054,Mon-Sat 09:30-21:30; Sun 10:00-20:00,https://locations.fivebelow.com/pa/york/1245-carlisle-road,Pennsylvania,Five Below,2026-07-16
1083869682,214 Pauline Dr,,York,PA,17402,+12232070406,39.93276435494611,-76.68263652687003,Mon-Sat 09:30-21:30; Sun 10:00-20:00,https://locations.fivebelow.com/pa/york/214-pauline-dr,Pennsylvania,Five Below,2026-07-16
13538852,2825 Concord Road,,York,PA,17402,+17177554008,39.9837909,-76.6699404,Mon-Sat 09:30-21:30; Sun 10:00-20:00,https://locations.fivebelow.com/pa/york/2825-concord-road,Pennsylvania,Five Below,2026-07-16
1021146771,252 Garfield Ave,,Cranston,RI,02920,+14012715314,41.79413159265815,-71.44395845214957,Mon-Sat 09:30-21:30; Sun 10:00-20:00,https://locations.fivebelow.com/ri/cranston/252-garfield-ave,Rhode Island,Five Below,2026-07-16
1007103755,1925 Pawtucket Ave,Suite 4,East Providence,RI,02914,+14012711266,41.822205844857265,-71.3569515656414,Mon-Sat 09:30-21:30; Sun 10:00-20:00,https://locations.fivebelow.com/ri/east-providence/1925-pawtucket-ave,Rhode Island,Five Below,2026-07-16
13539338,620 George Washington Highway,Unit 32,Lincoln,RI,02865,+14013342849,41.937889373486335,-71.47639957406614,Mon-Sat 09:30-21:30; Sun 10:00-20:00,https://locations.fivebelow.com/ri/lincoln/620-george-washington-highway,Rhode Island,Five Below,2026-07-16
2061807005,25 Smithfield Rd,,N Providence,RI,02904,+14012402115,41.8555233297376,-71.44587753598807,Mon-Sat 09:30-21:30; Sun 10:00-20:00,https://locations.fivebelow.com/ri/n-providence/25-smithfield-rd,Rhode Island,Five Below,2026-07-16
1053673507,86 Gate Rd,,North Kingstown,RI,02852,+14014093032,41.60539199999999,-71.4541629,Mon-Sat 09:30-21:30; Sun 10:00-20:00,https://locations.fivebelow.com/ri/north-kingstown/86-gate-rd,Rhode Island,Five Below,2026-07-16
20321050,371 Putnam Pike,Suite A-440,Smithfield,RI,02917,+14012142950,41.87316151969316,-71.51751337186043,Mon-Sat 09:30-21:30; Sun 10:00-20:00,https://locations.fivebelow.com/ri/smithfield/371-putnam-pike,Rhode Island,Five Below,2026-07-16
13539334,300 Quaker Ln,# B1,Warwick,RI,02886,+14018211860,41.6882425,-71.4980074,Mon-Sat 09:30-21:30; Sun 10:00-20:00,https://locations.fivebelow.com/ri/warwick/300-quaker-ln,Rhode Island,Five Below,2026-07-16
1017894644,2529 Whiskey Rd,Suite 415,Aiken,SC,29803,+18038775865,33.505418781741994,-81.71254981962605,Mon-Sat 09:30-21:30; Sun 10:00-20:00,https://locations.fivebelow.com/sc/aiken/2529-whiskey-rd,South Carolina,Five Below,2026-07-16
24825792,120 Station Drive,,Anderson,SC,29621,+18645154212,34.55880385249971,-82.69653545937818,Mon-Sat 09:30-21:30; Sun 10:00-20:00,https://locations.fivebelow.com/sc/anderson/120-station-drive,South Carolina,Five Below,2026-07-16
1053673504,365 Robert Smalls Pkwy,,Beaufort,SC,29906,+18436253457,32.4220029,-80.73618800000001,Mon-Sat 09:30-21:30; Sun 10:00-20:00,https://locations.fivebelow.com/sc/beaufort/365-robert-smalls-pkwy,South Carolina,Five Below,2026-07-16
1094544179,1460 Fording Island Rd,Suite 102,Bluffton,SC,29910,+18437334119,32.23895610862457,-80.8152855117885,Mon-Sat 09:30-21:30; Sun 10:00-20:00,https://locations.fivebelow.com/sc/bluffton/1460-fording-island-rd,South Carolina,Five Below,2026-07-16
13539175,2209 W Dekalb Rd.,Suite D,Camden,SC,29020,+18034321721,34.247802829292354,-80.64652575099564,Mon-Sat 09:30-21:30; Sun 10:00-20:00,https://locations.fivebelow.com/sc/camden/2209-w-dekalb-rd.,South Carolina,Five Below,2026-07-16
1080779258,228 Knox Abbott Drive,,Cayce,SC,29033,+18038776033,33.98666281298291,-81.05456215072695,Mon-Sat 09:30-21:30; Sun 10:00-20:00,https://locations.fivebelow.com/sc/cayce/228-knox-abbott-drive,South Carolina,Five Below,2026-07-16
1017894664,975 Savannah Highway,Suite 131,Charleston,SC,29407,+18434742598,32.781277693228105,-79.99057825609391,Mon-Sat 09:30-21:30; Sun 10:00-20:00,https://locations.fivebelow.com/sc/charleston/975-savannah-highway,South Carolina,Five Below,2026-07-16
13539340,10136 Two Notch Road,Unit 109B,Columbia,SC,29229,+18034622192,34.11636948486005,-80.87901319141903,Mon-Sat 09:30-21:30; Sun 10:00-20:00,https://locations.fivebelow.com/sc/columbia/10136-two-notch-road,South Carolina,Five Below,2026-07-16
13539350,256 Harbison Boulevard,,Columbia,SC,29212,+18037493538,34.0702802,-81.1581913,Mon-Sat 09:30-21:30; Sun 10:00-20:00,https://locations.fivebelow.com/sc/columbia/256-harbison-boulevard,South Carolina,Five Below,2026-07-16
2040257741,1226 Cottage Lane,,Conway,SC,29526,+18434398263,33.8478291,-79.06638769999999,Mon-Sat 09:30-21:30; Sun 10:00-20:00,https://locations.fivebelow.com/sc/conway/1226-cottage-lane,South Carolina,Five Below,2026-07-16
17034176,6101 Calhoun Memorial Highway,Suite K,Easley,SC,29640,+18646060231,34.8222563,-82.5779191,Mon-Sat 09:30-21:30; Sun 10:00-20:00,https://locations.fivebelow.com/sc/easley/6101-calhoun-memorial-highway,South Carolina,Five Below,2026-07-16
13539383,2701 David H McLeod Boulevard,Suite 1330,Florence,SC,29501,+18436676041,34.19080479435672,-79.83076565453501,Mon-Sat 09:30-21:30; Sun 10:00-20:00,https://locations.fivebelow.com/sc/florence/2701-david-h-mcleod-boulevard,South Carolina,Five Below,2026-07-16
1011095226,550 Factory Shops Blvd,Suite 550,Gaffney,SC,29341,+18644539485,35.081547270519344,-81.711855455208,Mon-Sat 10:00-20:00; Sun 12:00-18:00,https://locations.fivebelow.com/sc/gaffney/550-factory-shops-blvd,South Carolina,Five Below,2026-07-16
13538865,1125 Woodruff Road,Suite 1000 B,Greenville,SC,29607,+18642540933,34.83075593229315,-82.2985267694194,Mon-Sat 09:30-21:30; Sun 10:00-20:00,https://locations.fivebelow.com/sc/greenville/1125-woodruff-road,South Carolina,Five Below,2026-07-16
39114175,3120 N. Pleasantburg Dr.,,Greenville,SC,29609,+18646584135,34.8886428,-82.39752829999999,Mon-Sat 09:30-21:30; Sun 10:00-20:00,https://locations.fivebelow.com/sc/greenville/3120-n.-pleasantburg-dr.,South Carolina,Five Below,2026-07-16
1017894673,420 SC-72 NW,Suite #1,Greenwood,SC,29649,+18644473021,34.211086734185024,-82.18213532041231,Mon-Sat 09:30-21:30; Sun 10:00-20:00,https://locations.fivebelow.com/sc/greenwood/420-sc-72-nw,South Carolina,Five Below,2026-07-16
13539378,1316 Wade Hampton Boulevard West,Suite A,Greer,SC,29650,+18648790119,34.94227274835453,-82.262649885675,Mon-Sat 09:30-21:30; Sun 10:00-20:00,https://locations.fivebelow.com/sc/greer/1316-wade-hampton-boulevard-west,South Carolina,Five Below,2026-07-16
13539416,7796 Charlotte Highway,Suite 108,Indian Land,SC,29707,+18035732130,34.93896008292082,-80.83491570860718,Mon-Sat 09:30-21:30; Sun 10:00-20:00,https://locations.fivebelow.com/sc/indian-land/7796-charlotte-highway,South Carolina,Five Below,2026-07-16
25131121,5454 Sunset Blvd,Suite G,Lexington,SC,29072,+18037232313,34.000058534408396,-81.21875143240158,Mon-Sat 09:30-21:30; Sun 10:00-20:00,https://locations.fivebelow.com/sc/lexington/5454-sunset-blvd,South Carolina,Five Below,2026-07-16
13539380,1483 N Hwy 17,Suite M,Mount Pleasant,SC,29464,+18433881928,32.813828847539114,-79.84406357496097,Mon-Sat 09:30-21:30; Sun 10:00-20:00,https://locations.fivebelow.com/sc/mount-pleasant/1483-n-hwy-17,South Carolina,Five Below,2026-07-16
33252878,10804 Kings Road,,Myrtle Beach,SC,29572,+18435881586,33.7854675,-78.7673023,Mon-Sat 09:30-21:30; Sun 10:00-20:00,https://locations.fivebelow.com/sc/myrtle-beach/10804-kings-road,South Carolina,Five Below,2026-07-16
1011095225,2000 Coastal Grand Circle,Suite 475,Myrtle Beach,SC,29577,+18433809605,33.702234011400094,-78.92438152944773,Mon-Sat 10:00-20:00; Sun 12:00-18:00,https://locations.fivebelow.com/sc/myrtle-beach/2000-coastal-grand-circle,South Carolina,Five Below,2026-07-16
2040257733,123 Edgewood Drive,,N Augusta,SC,29841,+18039735262,33.52671904473018,-81.95188227852155,Mon-Sat 09:30-21:30; Sun 10:00-20:00,https://locations.fivebelow.com/sc/n-augusta/123-edgewood-drive,South Carolina,Five Below,2026-07-16
47940853,8821 Dorchester Road,Suite 102,North Charleston,SC,29420,+18435807491,32.93926027280191,-80.14941613559868,Mon-Sat 09:30-21:30; Sun 10:00-20:00,https://locations.fivebelow.com/sc/north-charleston/8821-dorchester-road,South Carolina,Five Below,2026-07-16
2027253821,1280 Hwy 17 N,,North Myrtle Beach,SC,29582,+18542318183,33.8421453,-78.661863,Mon-Sat 09:30-21:30; Sun 10:00-20:00,https://locations.fivebelow.com/sc/north-myrtle-beach/1280-hwy-17-n,South Carolina,Five Below,2026-07-16
23400068,542 John Ross Pkwy,,Rock Hill,SC,29730,+18037232042,34.942005370157844,-80.97652680627444,Mon-Sat 09:30-21:30; Sun 10:00-20:00,https://locations.fivebelow.com/sc/rock-hill/542-john-ross-pkwy,South Carolina,Five Below,2026-07-16
13539403,13370 Clemson Boulevard,,Seneca,SC,29678,+18646537769,34.6910851,-82.8575552,Mon-Sat 09:30-21:30; Sun 10:00-20:00,https://locations.fivebelow.com/sc/seneca/13370-clemson-boulevard,South Carolina,Five Below,2026-07-16
13539428,120 Dorman Centre Dr,Suite E,Spartanburg,SC,29301,+18645954849,34.93486901115882,-81.98823437301633,Mon-Sat 09:30-21:30; Sun 10:00-20:00,https://locations.fivebelow.com/sc/spartanburg/120-dorman-centre-dr,South Carolina,Five Below,2026-07-16
52444309,1925 E Main St,,Spartanburg,SC,29307,+18644472070,34.967704246247415,-81.88926137504227,Mon-Sat 09:30-21:30; Sun 10:00-20:00,https://locations.fivebelow.com/sc/spartanburg/1925-e-main-st,South Carolina,Five Below,2026-07-16
24355362,424 Azalea Square Blvd,,Summerville,SC,29483,+18435884176,33.04030018108279,-80.15915535950717,Mon-Sat 09:30-21:30; Sun 10:00-20:00,https://locations.fivebelow.com/sc/summerville/424-azalea-square-blvd,South Carolina,Five Below,2026-07-16
15213217,1308 Broad Street,,Sumter,SC,29150,+18033693897,33.9553629,-80.3896025,Mon-Sat 09:30-21:30; Sun 10:00-20:00,https://locations.fivebelow.com/sc/sumter/1308-broad-street,South Carolina,Five Below,2026-07-16
1080779267,2098 Bells Hwy,Suite# 2072,Walterboro,SC,29488,+18433807085,32.93423673253141,-80.69182978956663,Mon-Sat 09:30-21:30; Sun 10:00-20:00,https://locations.fivebelow.com/sc/walterboro/2098-bells-hwy,South Carolina,Five Below,2026-07-16
1083869678,1615 N. Harrison Avenue,Suite 36,Pierre,SD,57501,+16054431405,44.379503531755184,-100.31831110137618,Mon-Sat 09:30-21:30; Sun 10:00-20:00,https://locations.fivebelow.com/sd/pierre/1615-n.-harrison-avenue,South Dakota,Five Below,2026-07-16
52444321,1725 Eglin Street,Suite 200,Rapid City,SD,57701,+16054010110,44.09715096830874,-103.18459578053013,Mon-Sat 09:30-21:30; Sun 10:00-20:00,https://locations.fivebelow.com/sd/rapid-city/1725-eglin-street,South Dakota,Five Below,2026-07-16
1017894643,2420 South Lorraine Place,,Sioux Falls,SD,57106,+16056001056,43.5250291,-96.784538,Mon-Sat 09:30-21:30; Sun 10:00-20:00,https://locations.fivebelow.com/sd/sioux-falls/2420-south-lorraine-place,South Dakota,Five Below,2026-07-16
2019847483,2101 Broadway Ave,Suite 280,Yankton,SD,57078,+16052697007,42.89265764120143,-97.40040268717763,Mon-Sat 09:30-21:30; Sun 10:00-20:00,https://locations.fivebelow.com/sd/yankton/2101-broadway-ave,South Dakota,Five Below,2026-07-16
1094544169,246 Hutton Place,,Ashland City,TN,37015,+16155353257,36.24978250534138,-87.03589040748936,Mon-Sat 09:30-21:30; Sun 10:00-20:00,https://locations.fivebelow.com/tn/ashland-city/246-hutton-place,Tennessee,Five Below,2026-07-16
2022916347,1633 Decatur Pike,,Athens,TN,37303,+14232752932,35.448745208983496,-84.62281927976794,Mon-Sat 09:30-21:30; Sun 10:00-20:00,https://locations.fivebelow.com/tn/athens/1633-decatur-pike,Tennessee,Five Below,2026-07-16
13538822,6025 Stage Road,Suite 36,Bartlett,TN,38134,+19013888653,35.202996,-89.861833,Mon-Sat 09:30-21:30; Sun 10:00-20:00,https://locations.fivebelow.com/tn/bartlett/6025-stage-road,Tennessee,Five Below,2026-07-16
13539300,1620 Galleria Blvd.,,Brentwood,TN,37027,+16153709638,35.96843042597052,-86.80838044961087,Mon-Sat 09:30-21:30; Sun 10:00-20:00,https://locations.fivebelow.com/tn/brentwood/1620-galleria-blvd.,Tennessee,Five Below,2026-07-16
22747236,446 Pinnacle Parkway,,Bristol,TN,37620,+14232518791,36.59373623171748,-82.26160070527988,Mon-Sat 09:30-21:30; Sun 10:00-20:00,https://locations.fivebelow.com/tn/bristol/446-pinnacle-parkway,Tennessee,Five Below,2026-07-16
13539438,2040 Hamilton Blvd,Suite 760,Chattanooga,TN,37421,+14232518016,35.03015869510364,-85.1587470885934,Mon-Sat 09:30-21:30; Sun 10:00-20:00,https://locations.fivebelow.com/tn/chattanooga/2040-hamilton-blvd,Tennessee,Five Below,2026-07-16
1047114441,3901 Hixson Pike,Suite #: 133,Chattanooga,TN,37415,+14232994296,35.11378949999999,-85.26331072944775,Mon-Sat 09:30-21:30; Sun 10:00-20:00,https://locations.fivebelow.com/tn/chattanooga/3901-hixson-pike,Tennessee,Five Below,2026-07-16
13539309,2710 Wilma Rudolph Boulevard,,Clarksville,TN,37040,+19315519414,36.58362095766616,-87.29985775033185,Mon-Sat 09:30-21:30; Sun 10:00-20:00,https://locations.fivebelow.com/tn/clarksville/2710-wilma-rudolph-boulevard,Tennessee,Five Below,2026-07-16
13539469,300 Paul Huff Parkway NW,Unit 400,Cleveland,TN,37312,+14234764429,35.20717007687307,-84.84918020203958,Mon-Sat 09:30-21:30; Sun 10:00-20:00,https://locations.fivebelow.com/tn/cleveland/300-paul-huff-parkway-nw,Tennessee,Five Below,2026-07-16
30824342,3605 S Houston Levee Road,Suite 100,Collierville,TN,38017,+19016134060,35.049899566534286,-89.73562487936671,Mon-Sat 09:30-21:30; Sun 10:00-20:00,https://locations.fivebelow.com/tn/collierville/3605-s-houston-levee-road,Tennessee,Five Below,2026-07-16
2011111070,800 S James M Campbell Blvd,STE 140,Columbia,TN,38401,+19313436637,35.5972193,-87.0576942,Mon-Sat 09:30-21:30; Sun 10:00-20:00,https://locations.fivebelow.com/tn/columbia/800-s-james-m-campbell-blvd,Tennessee,Five Below,2026-07-16
13539377,1265 Interstate Drive,Suite 115,Cookeville,TN,38501,+19315593483,36.14133185540307,-85.50983171116705,Mon-Sat 09:30-21:30; Sun 10:00-20:00,https://locations.fivebelow.com/tn/cookeville/1265-interstate-drive,Tennessee,Five Below,2026-07-16
1043343250,1625 N Germantown Pkwy,Suite 101,Cordova,TN,38016,+19015931391,35.16975690000001,-89.79524140000001,Mon-Sat 09:30-21:30; Sun 10:00-20:00,https://locations.fivebelow.com/tn/cordova/1625-n-germantown-pkwy,Tennessee,Five Below,2026-07-16
1004710842,973 Highway 51 N.,Suite 12,Covington,TN,38019,+19014035697,35.7416428,-89.55604749999999,Mon-Sat 09:30-21:30; Sun 10:00-20:00,https://locations.fivebelow.com/tn/covington/973-highway-51-n.,Tennessee,Five Below,2026-07-16
22194282,384 W Hwy 51 Bypass,,Dyersburg,TN,38024,+17312209512,36.05810759460487,-89.38210594180696,Mon-Sat 09:30-21:30; Sun 10:00-20:00,https://locations.fivebelow.com/tn/dyersburg/384-w-hwy-51-bypass,Tennessee,Five Below,2026-07-16
1047114466,768 W Elk Ave,Unit 7,Elizabethton,TN,37643,+14232994311,36.34825769999999,-82.23787237055225,Mon-Sat 09:30-21:30; Sun 10:00-20:00,https://locations.fivebelow.com/tn/elizabethton/768-w-elk-ave,Tennessee,Five Below,2026-07-16
1094544155,1202 Huntsville Hwy,Suite A,Fayetteville,TN,37334,+19313428749,35.139631540233516,-86.56564425963896,Mon-Sat 09:30-21:30; Sun 10:00-20:00,https://locations.fivebelow.com/tn/fayetteville/1202-huntsville-hwy,Tennessee,Five Below,2026-07-16
13539153,7724 Poplar Avenue,,Germantown,TN,38138,+19017577998,35.0925341,-89.8053693,Mon-Sat 09:30-21:30; Sun 10:00-20:00,https://locations.fivebelow.com/tn/germantown/7724-poplar-avenue,Tennessee,Five Below,2026-07-16
13539133,1355 Tusculum Blvd,Suite 201,Greeneville,TN,37745,+14237872173,36.17513605417232,-82.79568479265976,Mon-Sat 09:30-21:30; Sun 10:00-20:00,https://locations.fivebelow.com/tn/greeneville/1355-tusculum-blvd,Tennessee,Five Below,2026-07-16
13539349,217 Indian Lake Blvd,,Hendersonville,TN,37075,+16158261534,36.321082755571844,-86.60176977064197,Mon-Sat 09:30-21:30; Sun 10:00-20:00,https://locations.fivebelow.com/tn/hendersonville/217-indian-lake-blvd,Tennessee,Five Below,2026-07-16
25506228,4648 Lebanon Pike,Suite 16,Hermitage,TN,37076,+16152195698,36.21706035447444,-86.5945394922642,Mon-Sat 09:30-21:30; Sun 10:00-20:00,https://locations.fivebelow.com/tn/hermitage/4648-lebanon-pike,Tennessee,Five Below,2026-07-16
58795313,5760 Highway 153,Suite 130,Hixson,TN,37343,+14232262445,35.15402950468973,-85.24574244476405,Mon-Sat 09:30-21:30; Sun 10:00-20:00,https://locations.fivebelow.com/tn/hixson/5760-highway-153,Tennessee,Five Below,2026-07-16
13539344,127 Stonebrook Place,Suite 119,Jackson,TN,38305,+17316606108,35.685373188139096,-88.85815067596195,Mon-Sat 09:30-21:30; Sun 10:00-20:00,https://locations.fivebelow.com/tn/jackson/127-stonebrook-place,Tennessee,Five Below,2026-07-16
13538878,3211 Peoples Street,#40,Johnson City,TN,37604,+14232830131,36.34378763076472,-82.40126009932801,Mon-Sat 09:30-21:30; Sun 10:00-20:00,https://locations.fivebelow.com/tn/johnson-city/3211-peoples-street,Tennessee,Five Below,2026-07-16
13539381,2003 North Eastman Road,Suite 80,Kingsport,TN,37660,+14232470206,36.54417032280874,-82.51621145716734,Mon-Sat 09:30-21:30; Sun 10:00-20:00,https://locations.fivebelow.com/tn/kingsport/2003-north-eastman-road,Tennessee,Five Below,2026-07-16
13539296,11018 Parkside Drive,,Knoxville,TN,37934,+18656715176,35.9002184,-84.1493232,Mon-Sat 09:30-21:30; Sun 10:00-20:00,https://locations.fivebelow.com/tn/knoxville/11018-parkside-drive,Tennessee,Five Below,2026-07-16
62111788,250 Morrell Rd,,Knoxville,TN,37919,+18653280891,35.92534436171269,-84.0306254601901,Mon-Sat 09:30-21:30; Sun 10:00-20:00,https://locations.fivebelow.com/tn/knoxville/250-morrell-rd,Tennessee,Five Below,2026-07-16
63653436,5433 Washington Pike,,Knoxville,TN,37918,+18653283859,36.03750682868429,-83.88697349995907,Mon-Sat 09:30-21:30; Sun 10:00-20:00,https://locations.fivebelow.com/tn/knoxville/5433-washington-pike,Tennessee,Five Below,2026-07-16
13539452,6745 Clinton Hwy,,Knoxville,TN,37912,+18653509129,36.00423262597381,-84.02513544128328,Mon-Sat 09:30-21:30; Sun 10:00-20:00,https://locations.fivebelow.com/tn/knoxville/6745-clinton-hwy,Tennessee,Five Below,2026-07-16
1017894637,2221 Jacksboro Pike,Suite C-3,La Follette,TN,37766,+14234665028,36.3471531675394,-84.15892861030011,Mon-Sat 09:30-21:30; Sun 10:00-20:00,https://locations.fivebelow.com/tn/la-follette/2221-jacksboro-pike,Tennessee,Five Below,2026-07-16
88016106,1437 W Main Street,,Lebanon,TN,37087,+16156390803,36.2169803920397,-86.33120831748309,Mon-Sat 09:30-21:30; Sun 10:00-20:00,https://locations.fivebelow.com/tn/lebanon/1437-w-main-street,Tennessee,Five Below,2026-07-16
52444312,1793 Gallatin Pike N,Suite A,Madison,TN,37115,+16154718544,36.29696163393245,-86.70100717316795,Mon-Sat 09:30-21:30; Sun 10:00-20:00,https://locations.fivebelow.com/tn/madison/1793-gallatin-pike-n,Tennessee,Five Below,2026-07-16
1011095229,2161 Hillsboro Blvd,Suite 17,Manchester,TN,37355,+19313293501,35.461311552801014,-86.05780340674592,Mon-Sat 09:30-21:30; Sun 10:00-20:00,https://locations.fivebelow.com/tn/manchester/2161-hillsboro-blvd,Tennessee,Five Below,2026-07-16
13539414,736 Watkins Road,Unit A,Maryville,TN,37801,+18659838301,35.75131576775361,-83.99088130919267,Mon-Sat 09:30-21:30; Sun 10:00-20:00,https://locations.fivebelow.com/tn/maryville/736-watkins-road,Tennessee,Five Below,2026-07-16
2011111072,231 Northgate Dr,Suite 114,McMinnville,TN,37110,+19313436655,35.700620021153796,-85.78557616576832,Mon-Sat 09:30-21:30; Sun 10:00-20:00,https://locations.fivebelow.com/tn/mcminnville/231-northgate-dr,Tennessee,Five Below,2026-07-16
25131118,3565 Riverdale Road,# 107,Memphis,TN,38115,+19013703542,35.051675090323954,-89.83151304277625,Mon-Sun 10:00-20:00,https://locations.fivebelow.com/tn/memphis/3565-riverdale-road,Tennessee,Five Below,2026-07-16
39114174,4284 Summer Ave,,Memphis,TN,38122,+19012451538,35.1505054,-89.9178221,Mon-Sun 10:00-19:00,https://locations.fivebelow.com/tn/memphis/4284-summer-ave,Tennessee,Five Below,2026-07-16
15213216,5100 Park Avenue,Suite 5,Memphis,TN,38117,+19014227723,35.1079752336932,-89.8922144467436,Mon-Sat 09:30-21:30; Sun 10:00-20:00,https://locations.fivebelow.com/tn/memphis/5100-park-avenue,Tennessee,Five Below,2026-07-16
13539355,8055 Giacosa Place,#103,Memphis,TN,38133,+19012661327,35.19728460784656,-89.79464731177325,Mon-Sat 09:30-21:30; Sun 10:00-20:00,https://locations.fivebelow.com/tn/memphis/8055-giacosa-place,Tennessee,Five Below,2026-07-16
1015790270,15423 S. 1st Street,Suite 124,Milan,TN,38358,+17312562431,35.87788729791533,-88.74597665093775,Mon-Sat 09:30-21:30; Sun 10:00-20:00,https://locations.fivebelow.com/tn/milan/15423-s.-1st-street,Tennessee,Five Below,2026-07-16
13539417,8540 US Highway 51 N,Suite 109,Millington,TN,38053,+19018722250,35.359094269869885,-89.89016119053096,Mon-Sat 09:30-21:30; Sun 10:00-20:00,https://locations.fivebelow.com/tn/millington/8540-us-highway-51-n,Tennessee,Five Below,2026-07-16
13539382,2550 E Morris Blvd,Suite 20,Morristown,TN,37813,+14235863794,36.220504830963364,-83.26091290001735,Mon-Sat 10:00-20:00; Sun 12:00-18:00,https://locations.fivebelow.com/tn/morristown/2550-e-morris-blvd,Tennessee,Five Below,2026-07-16
1029180217,655 S Mt Juliet Rd,Suite 655,Mt. Juliet,TN,37122,+16156414256,36.16204012434699,-86.51247616808813,Mon-Sat 09:30-21:30; Sun 10:00-20:00,https://locations.fivebelow.com/tn/mt.-juliet/655-s-mt-juliet-rd,Tennessee,Five Below,2026-07-16
13539306,2047 Old Fort Pkwy,,Murfreesboro,TN,37129,+16158672107,35.84512830130324,-86.42853230591413,Mon-Sat 09:30-21:30; Sun 10:00-20:00,https://locations.fivebelow.com/tn/murfreesboro/2047-old-fort-pkwy,Tennessee,Five Below,2026-07-16
13538884,389 Opry Mills Drive,Space 135C,Nashville,TN,37214,+16159322412,36.20348457364298,-86.69247410052492,Mon-Sat 10:00-20:00; Sun 11:00-19:00,https://locations.fivebelow.com/tn/nashville/389-opry-mills-drive,Tennessee,Five Below,2026-07-16
13539321,6716 Charlotte Pike,#105,Nashville,TN,37209,+16153537234,36.138229156445846,-86.8875349764757,Mon-Sat 09:30-21:30; Sun 10:00-20:00,https://locations.fivebelow.com/tn/nashville/6716-charlotte-pike,Tennessee,Five Below,2026-07-16
24825794,181 E Main Street,,Oak Ridge,TN,37830,+18653282372,36.0135031,-84.25283410000002,Mon-Sat 09:30-21:30; Sun 10:00-20:00,https://locations.fivebelow.com/tn/oak-ridge/181-e-main-street,Tennessee,Five Below,2026-07-16
2061807000,1939 Mineral Wells Ave,,Paris,TN,38242,+17313156187,36.2833738,-88.3071879,Mon-Sat 09:30-21:30; Sun 10:00-20:00,https://locations.fivebelow.com/tn/paris/1939-mineral-wells-ave,Tennessee,Five Below,2026-07-16
20321054,750 Winfield Dunn Parkway,,Sevierville,TN,37876,+18652621151,35.8822519,-83.5754794,Mon-Sat 09:30-21:30; Sun 10:00-20:00,https://locations.fivebelow.com/tn/sevierville/750-winfield-dunn-parkway,Tennessee,Five Below,2026-07-16
2018691447,1840 N Main St,Suite 12B,Shelbyville,TN,37160,+19313605373,35.51214400000001,-86.4558727,Mon-Sat 09:30-21:30; Sun 10:00-20:00,https://locations.fivebelow.com/tn/shelbyville/1840-n-main-st,Tennessee,Five Below,2026-07-16
13539388,500 Genie Lane,,Smyrna,TN,37167,+16152200986,35.98694408054475,-86.55373019412616,Mon-Sat 09:30-21:30; Sun 10:00-20:00,https://locations.fivebelow.com/tn/smyrna/500-genie-lane,Tennessee,Five Below,2026-07-16
1053673505,235 Mose Drive,,Sparta,TN,38583,+19313428136,35.94674674283426,-85.48612891962604,Mon-Sat 09:30-21:30; Sun 10:00-20:00,https://locations.fivebelow.com/tn/sparta/235-mose-drive,Tennessee,Five Below,2026-07-16
63653434,1600 N Jackson St,Suite 102,Tullahoma,TN,37388,+19312300611,35.377518032668256,-86.22407651724916,Mon-Sat 09:30-21:30; Sun 10:00-20:00,https://locations.fivebelow.com/tn/tullahoma/1600-n-jackson-st,Tennessee,Five Below,2026-07-16
1007103751,1700 W Reelfoot Avenue,Suite 156,Union City,TN,38261,+17312011583,36.40868567946723,-89.07913190807845,Mon-Sat 09:30-21:30; Sun 10:00-20:00,https://locations.fivebelow.com/tn/union-city/1700-w-reelfoot-avenue,Tennessee,Five Below,2026-07-16
13538920,3534 S. Clack Street,,Abilene,TX,79606,+13256920230,32.407946,-99.770977,Mon-Sat 09:30-21:30; Sun 10:00-20:00,https://locations.fivebelow.com/tx/abilene/3534-s.-clack-street,Texas,Five Below,2026-07-16
14692754,190 E Stacy Rd,#2650,Allen,TX,75002,+14693277305,33.126316936878624,-96.65937696013623,Mon-Sat 09:30-21:30; Sun 10:00-20:00,https://locations.fivebelow.com/tx/allen/190-e-stacy-rd,Texas,Five Below,2026-07-16
24051877,3120 S Soncy Rd,,Amarillo,TX,79124,+18063106759,35.17909885390448,-101.94004797116368,Mon-Sat 09:30-21:30; Sun 10:00-20:00,https://locations.fivebelow.com/tx/amarillo/3120-s-soncy-rd,Texas,Five Below,2026-07-16
17034174,203 Merchants Row,Suite 121,Arlington,TX,76018,+18175189532,32.6818557,-97.1105461,Mon-Sat 09:30-21:30; Sun 10:00-20:00,https://locations.fivebelow.com/tx/arlington/203-merchants-row,Texas,Five Below,2026-07-16
1066166827,2805 W Park Row Dr,,Arlington,TX,76013,+14694257215,32.72211156643427,-97.15206124293957,Mon-Sat 09:30-21:30; Sun 10:00-20:00,https://locations.fivebelow.com/tx/arlington/2805-w-park-row-dr,Texas,Five Below,2026-07-16
13539028,10515 N Mopac Expy,A-100,Austin,TX,78759,+17372052390,30.390069352529157,-97.73229448029437,Mon-Sat 09:30-21:30; Sun 10:00-20:00,https://locations.fivebelow.com/tx/austin/10515-n-mopac-expy,Texas,Five Below,2026-07-16
13538605,1201 Barbara Jordan Blvd,Unit 450,Austin,TX,78723,+15124802292,30.305528317827434,-97.71103480754854,Mon-Sat 09:30-21:30; Sun 10:00-20:00,https://locations.fivebelow.com/tx/austin/1201-barbara-jordan-blvd,Texas,Five Below,2026-07-16
1076890512,12901 I-35 North,,Austin,TX,78753,+17372849658,30.411723743745803,-97.6724759406246,Mon-Sat 09:30-21:30; Sun 10:00-20:00,https://locations.fivebelow.com/tx/austin/12901-i-35-north,Texas,Five Below,2026-07-16
58795321,9600 S I-35 Frontage Rd,Unit N300,Austin,TX,78748,+17372797940,30.159458463134513,-97.79256440157029,Mon-Sat 09:30-21:30; Sun 10:00-20:00,https://locations.fivebelow.com/tx/austin/9600-s-i-35-frontage-rd,Texas,Five Below,2026-07-16
1076890488,4522 Fredericksburg Rd,Suite B-90A,Balcones Heights,TX,78201,+18302622958,29.492647477958496,-98.5523612296545,Mon-Sat 09:30-21:30; Sun 10:00-20:00,https://locations.fivebelow.com/tx/balcones-heights/4522-fredericksburg-rd,Texas,Five Below,2026-07-16
13538726,753A Hwy 71 West,,Bastrop,TX,78602,+15123089807,30.114584153582058,-97.35530830919265,Mon-Sat 09:30-21:30; Sun 10:00-20:00,https://locations.fivebelow.com/tx/bastrop/753a-hwy-71-west,Texas,Five Below,2026-07-16
13539162,6155 Eastex Fwy,#J-900,Beaumont,TX,77706,+14098981413,30.12553709064336,-94.16124617780008,Mon-Sat 09:30-21:30; Sun 10:00-20:00,https://locations.fivebelow.com/tx/beaumont/6155-eastex-fwy,Texas,Five Below,2026-07-16
28049897,12700 Shops Parkway,Ste. 400,Bee Cave,TX,78738,+17372635184,30.30563089999999,-97.94016309999999,Mon-Sat 09:30-21:30; Sun 10:00-20:00,https://locations.fivebelow.com/tx/bee-cave/12700-shops-parkway,Texas,Five Below,2026-07-16
35034658,902 US Hwy 290 E,Suite F10,Brenham,TX,77833,+19792676109,30.14034779999999,-96.3827811,Mon-Sat 09:30-21:30; Sun 10:00-20:00,https://locations.fivebelow.com/tx/brenham/902-us-hwy-290-e,Texas,Five Below,2026-07-16
13538714,2760 Pablo Kisel Blvd,,Brownsville,TX,78526,+19565422109,25.9594844,-97.5045067,Mon-Sat 09:30-21:30; Sun 10:00-20:00,https://locations.fivebelow.com/tx/brownsville/2760-pablo-kisel-blvd,Texas,Five Below,2026-07-16
2057047155,2921 Boca Chica Blvd,,Brownsville,TX,78521,+19566587721,25.9227502391285,-97.47678419844634,Mon-Sat 09:30-21:30; Sun 10:00-20:00,https://locations.fivebelow.com/tx/brownsville/2921-boca-chica-blvd,Texas,Five Below,2026-07-16
1043343244,725 E Villa Maria Road,Suite 4700,Bryan,TX,77802,+19793214573,30.64493769632134,-96.35009554538631,Mon-Sat 09:30-21:30; Sun 10:00-20:00,https://locations.fivebelow.com/tx/bryan/725-e-villa-maria-road,Texas,Five Below,2026-07-16
13538930,1165 N Burleson Blvd,,Burleson,TX,76028,+18172955953,32.567933274688585,-97.32264645691112,Mon-Sat 09:30-21:30; Sun 10:00-20:00,https://locations.fivebelow.com/tx/burleson/1165-n-burleson-blvd,Texas,Five Below,2026-07-16
2040253747,1693 SW Wilshire Blvd,,Burleson,TX,76028,+16822272179,32.5151854132808,-97.35220013573338,Mon-Sat 09:30-21:30; Sun 10:00-20:00,https://locations.fivebelow.com/tx/burleson/1693-sw-wilshire-blvd,Texas,Five Below,2026-07-16
1080779249,2630 N Josey Ln,Suite 120,Carrollton,TX,75007,+14696894372,32.98783212419673,-96.88913062422955,Mon-Sat 09:30-21:30; Sun 10:00-20:00,https://locations.fivebelow.com/tx/carrollton/2630-n-josey-ln,Texas,Five Below,2026-07-16
13538724,727 N Highway 67,Suite 29,Cedar Hill,TX,75104,+19722915062,32.601325689974374,-96.93715649832188,Mon-Sat 09:30-21:30; Sun 10:00-20:00,https://locations.fivebelow.com/tx/cedar-hill/727-n-highway-67,Texas,Five Below,2026-07-16
13538608,11066 Pecan Park Boulevard,Suite B06B,Cedar Park,TX,78613,+15122581646,30.4693275790727,-97.79938990944618,Mon-Sat 09:30-21:30; Sun 10:00-20:00,https://locations.fivebelow.com/tx/cedar-park/11066-pecan-park-boulevard,Texas,Five Below,2026-07-16
1029180204,5001 Toll Road 183A,Suite J-100,Cedar Park,TX,78613,+15126165687,30.53368710656803,-97.8180398104334,Mon-Sat 09:30-21:30; Sun 10:00-20:00,https://locations.fivebelow.com/tx/cedar-park/5001-toll-road-183a,Texas,Five Below,2026-07-16
13539221,717 Texas Avenue South,,College Station,TX,77840,+19794850944,30.6262583,-96.3303221,Mon-Sat 09:30-21:30; Sun 10:00-20:00,https://locations.fivebelow.com/tx/college-station/717-texas-avenue-south,Texas,Five Below,2026-07-16
13539465,243 S Loop 336 W,,Conroe,TX,77304,+19362747050,30.279417,-95.46316,Mon-Sat 09:30-21:30; Sun 10:00-20:00,https://locations.fivebelow.com/tx/conroe/243-s-loop-336-w,Texas,Five Below,2026-07-16
26828060,2924 I-45 N,Suite 900,Conroe,TX,77303,+19362834730,30.34801301219949,-95.48101715822881,Mon-Sat 09:30-21:30; Sun 10:00-20:00,https://locations.fivebelow.com/tx/conroe/2924-i-45-n,Texas,Five Below,2026-07-16
13538663,7055 Highway 6 North,Suite C,Copperfield,TX,77095,+12814630679,29.88017608234065,-95.6468892566777,Mon-Sat 09:30-21:30; Sun 10:00-20:00,https://locations.fivebelow.com/tx/copperfield/7055-highway-6-north,Texas,Five Below,2026-07-16
79588097,4101-A IH 69E Access Rd,Suite 1A,Corpus Christi,TX,78410,+13612131596,27.858657429768613,-97.63055169080734,Mon-Sat 09:30-21:30; Sun 10:00-20:00,https://locations.fivebelow.com/tx/corpus-christi/4101-a-ih-69e-access-rd,Texas,Five Below,2026-07-16
1083869685,4102 South Staples St.,,Corpus Christi,TX,78411,+13612090151,27.72981135757177,-97.38012836441801,Mon-Sat 09:30-21:30; Sun 10:00-20:00,https://locations.fivebelow.com/tx/corpus-christi/4102-south-staples-st.,Texas,Five Below,2026-07-16
17792930,28802 US 290,Suite D01,Cypress,TX,77433,+18324021814,29.99376579749286,-95.74886256687377,Mon-Sat 09:30-21:30; Sun 10:00-20:00,https://locations.fivebelow.com/tx/cypress/28802-us-290,Texas,Five Below,2026-07-16
13539194,11255 Garland Rd,Suite 930,Dallas,TX,75218,+12146609254,32.8512142,-96.6852837,Mon-Sat 09:30-21:30; Sun 10:00-20:00,https://locations.fivebelow.com/tx/dallas/11255-garland-rd,Texas,Five Below,2026-07-16
13538623,3450 Bainbridge Drive,suite 500,Dallas,TX,75237,+19727806182,32.650827158147095,-96.86417272883602,Mon-Sat 09:30-21:30; Sun 10:00-20:00,https://locations.fivebelow.com/tx/dallas/3450-bainbridge-drive,Texas,Five Below,2026-07-16
13538657,5301 Belt Line Road,Suite 105,Dallas,TX,75254,+19728517964,32.95711926220009,-96.81614197691877,Mon-Sat 09:30-21:30; Sun 10:00-20:00,https://locations.fivebelow.com/tx/dallas/5301-belt-line-road,Texas,Five Below,2026-07-16
13538924,6411 E Northwest Highway,Suite 100,Dallas,TX,75231,+14692324400,32.85889960732449,-96.75060071291486,Mon-Sat 09:30-21:30; Sun 10:00-20:00,https://locations.fivebelow.com/tx/dallas/6411-e-northwest-highway,Texas,Five Below,2026-07-16
30824348,655 W Illinois Ave,Suite 610,Dallas,TX,75224,+14696406554,32.72388132144635,-96.83497091758944,Mon-Sat 09:30-21:30; Sun 10:00-20:00,https://locations.fivebelow.com/tx/dallas/655-w-illinois-ave,Texas,Five Below,2026-07-16
1035260036,9208 E R L Thornton Fwy,Suite 110A,Dallas,TX,75228,+14698427836,32.79482537073076,-96.68710347596443,Mon-Sat 10:00-20:00; Sun 10:00-19:00,https://locations.fivebelow.com/tx/dallas/9208-e-r-l-thornton-fwy,Texas,Five Below,2026-07-16
1011095221,2205 Veterans Blvd,Suite D-05,Del Rio,TX,78840,+18302918532,29.39063219773583,-100.90319921172276,Mon-Sat 09:30-21:30; Sun 10:00-20:00,https://locations.fivebelow.com/tx/del-rio/2205-veterans-blvd,Texas,Five Below,2026-07-16
20321041,1800 S Loop 288,Suite 360,Denton,TX,76205,+19402055142,33.19310481286101,-97.09990440552254,Mon-Sat 09:30-21:30; Sun 10:00-20:00,https://locations.fivebelow.com/tx/denton/1800-s-loop-288,Texas,Five Below,2026-07-16
13538619,2640 W University Dr,#1260,Denton,TX,76201,+19403878746,33.232048,-97.1649814,Mon-Sat 09:30-21:30; Sun 10:00-20:00,https://locations.fivebelow.com/tx/denton/2640-w-university-dr,Texas,Five Below,2026-07-16
35034659,1700 Murphy Avenue,Suite A,Donna,TX,78537,+19563040655,26.182257492998946,-98.0423300411045,Mon-Sat 09:30-21:30; Sun 10:00-20:00,https://locations.fivebelow.com/tx/donna/1700-murphy-avenue,Texas,Five Below,2026-07-16
13538943,339 E Trenton Rd,,Edinburg,TX,78539,+19563164755,26.26386709559492,-98.16827005902161,Mon-Sat 09:30-21:30; Sun 10:00-20:00,https://locations.fivebelow.com/tx/edinburg/339-e-trenton-rd,Texas,Five Below,2026-07-16
15576982,1117 Geronimo Dr,Suite 4B,El Paso,TX,79925,+19152000523,31.7837524,-106.4081965,Mon-Sat 09:30-21:30; Sun 10:00-20:00,https://locations.fivebelow.com/tx/el-paso/1117-geronimo-dr,Texas,Five Below,2026-07-16
24051880,1327 - B1 George Dieter Dr.,,El Paso,TX,79936,+19152657547,31.724921778654572,-106.3044899179602,Mon-Sat 09:30-21:30; Sun 10:00-20:00,https://locations.fivebelow.com/tx/el-paso/1327-b1-george-dieter-dr.,Texas,Five Below,2026-07-16
26828049,13371-5 Eastlake Blvd,,El Paso,TX,79928,+19152131797,31.698941,-106.214397,Mon-Sat 09:30-21:30; Sun 10:00-20:00,https://locations.fivebelow.com/tx/el-paso/13371-5-eastlake-blvd,Texas,Five Below,2026-07-16
15576984,1842-A Joe Battle Blvd,,El Paso,TX,79936,+19152260169,31.756418796609427,-106.26504243911637,Mon-Sat 09:30-21:30; Sun 10:00-20:00,https://locations.fivebelow.com/tx/el-paso/1842-a-joe-battle-blvd,Texas,Five Below,2026-07-16
15576986,6450 Desert Blvd N,,El Paso,TX,79912,+19156154053,31.888468126733706,-106.57786703384636,Mon-Sat 09:30-21:30; Sun 10:00-20:00,https://locations.fivebelow.com/tx/el-paso/6450-desert-blvd-n,Texas,Five Below,2026-07-16
50492725,655A Sunland Park Dr,,El Paso,TX,79912,+19152657814,31.821471,-106.541327,Mon-Sat 09:30-21:30; Sun 10:00-20:00,https://locations.fivebelow.com/tx/el-paso/655a-sunland-park-dr,Texas,Five Below,2026-07-16
23400074,8889 Gateway Blvd W,Suite 570,El Paso,TX,79925,+19152657449,31.770696511501775,-106.37091762099368,Mon-Sat 09:30-21:30; Sun 10:00-20:00,https://locations.fivebelow.com/tx/el-paso/8889-gateway-blvd-w,Texas,Five Below,2026-07-16
15576983,9484 Dyer Street,Suite C,El Paso,TX,79924,+19156154042,31.879730112179388,-106.41996515815055,Mon-Sat 09:30-21:30; Sun 10:00-20:00,https://locations.fivebelow.com/tx/el-paso/9484-dyer-street,Texas,Five Below,2026-07-16
13538649,2901 Rio Grande Boulevard,Suite 500,Euless,TX,76039,+18175714924,32.8759926115789,-97.10071926388119,Mon-Sat 09:30-21:30; Sun 10:00-20:00,https://locations.fivebelow.com/tx/euless/2901-rio-grande-boulevard,Texas,Five Below,2026-07-16
1094544174,917 10th St,Unit 121,Floresville,TX,78114,+18303593738,29.142432314993783,-98.15718985765476,Mon-Sat 09:30-21:30; Sun 10:00-20:00,https://locations.fivebelow.com/tx/floresville/917-10th-st,Texas,Five Below,2026-07-16
13538637,5801 Long Prairie Road,Suite 100,Flower Mound,TX,75028,+19725395037,33.064428605951555,-97.08382376028051,Mon-Sat 09:30-21:30; Sun 10:00-20:00,https://locations.fivebelow.com/tx/flower-mound/5801-long-prairie-road,Texas,Five Below,2026-07-16
2061807007,11610 E Hwy 80,Suite 120,Forney,TX,75126,+14699454899,32.7431511,-96.4157962,Mon-Sat 09:30-21:30; Sun 10:00-20:00,https://locations.fivebelow.com/tx/forney/11610-e-hwy-80,Texas,Five Below,2026-07-16
1035260034,2225 Porter Creek Drive,,Fort Worth,TX,76177,+16822149194,32.89994742619299,-97.32655378328752,Mon-Sat 09:30-21:30; Sun 10:00-20:00,https://locations.fivebelow.com/tx/fort-worth/2225-porter-creek-drive,Texas,Five Below,2026-07-16
58795318,4200 South Freeway,#1710,Fort Worth,TX,76115,+16822899532,32.68494399118618,-97.32209197664554,Mon-Sat 09:30-21:30; Sun 10:00-20:00,https://locations.fivebelow.com/tx/fort-worth/4200-south-freeway,Texas,Five Below,2026-07-16
27710696,433  Carroll St,,Fort Worth,TX,76107,+19724412344,32.7536817,-97.35178239999999,Mon-Sat 09:30-21:30; Sun 10:00-20:00,https://locations.fivebelow.com/tx/fort-worth/433-carroll-st,Texas,Five Below,2026-07-16
13538630,4820 SW Loop 820,,Fort Worth,TX,76109,+18175709072,32.6848211,-97.3974621,Mon-Sat 09:30-21:30; Sun 10:00-20:00,https://locations.fivebelow.com/tx/fort-worth/4820-sw-loop-820,Texas,Five Below,2026-07-16
15576978,5633 Sierra Springs Lane,,Fort Worth,TX,76123,+18177858490,32.60400526209721,-97.41129965254517,Mon-Sat 09:30-21:30; Sun 10:00-20:00,https://locations.fivebelow.com/tx/fort-worth/5633-sierra-springs-lane,Texas,Five Below,2026-07-16
13538697,6598 Lake Worth Blvd,,Fort Worth,TX,76135,+18172381895,32.81468694556242,-97.42919965486561,Mon-Sat 09:30-21:30; Sun 10:00-20:00,https://locations.fivebelow.com/tx/fort-worth/6598-lake-worth-blvd,Texas,Five Below,2026-07-16
92727798,6955 Ridgmar Meadow Rd,,Fort Worth,TX,76116,+16822140780,32.74476820850017,-97.43649372147846,Mon-Sat 09:30-21:30; Sun 10:00-20:00,https://locations.fivebelow.com/tx/fort-worth/6955-ridgmar-meadow-rd,Texas,Five Below,2026-07-16
13538601,9348 Sage Meadow Trail,,Fort Worth,TX,76177,+18177414116,32.908416,-97.314155,Mon-Sat 09:30-21:30; Sun 10:00-20:00,https://locations.fivebelow.com/tx/fort-worth/9348-sage-meadow-trail,Texas,Five Below,2026-07-16
1029180221,172 S Friendswood Dr.,,Friendswood,TX,77546,+14094453295,29.531933359188034,-95.20527296994058,Mon-Sat 09:30-21:30; Sun 10:00-20:00,https://locations.fivebelow.com/tx/friendswood/172-s-friendswood-dr.,Texas,Five Below,2026-07-16
13538621,3333 Preston Road,#650,Frisco,TX,75034,+12146182381,33.10778908394004,-96.81116625840991,Mon-Sat 09:30-21:30; Sun 10:00-20:00,https://locations.fivebelow.com/tx/frisco/3333-preston-road,Texas,Five Below,2026-07-16
1047114463,4995 Eldorado Pkwy,Suite 520,Frisco,TX,75033,+14697224821,33.17322052228436,-96.84337118453055,Mon-Sat 09:30-21:30; Sun 10:00-20:00,https://locations.fivebelow.com/tx/frisco/4995-eldorado-pkwy,Texas,Five Below,2026-07-16
16170819,6315 Stewart Rd,,Galveston,TX,77551,+14092390944,29.27295886584345,-94.83387729798409,Mon-Sat 09:30-21:30; Sun 10:00-20:00,https://locations.fivebelow.com/tx/galveston/6315-stewart-rd,Texas,Five Below,2026-07-16
20321045,425 Town Center Blvd,,Garland,TX,75040,+19724834984,32.952706866736875,-96.61306010792835,Mon-Sat 09:30-21:30; Sun 10:00-20:00,https://locations.fivebelow.com/tx/garland/425-town-center-blvd,Texas,Five Below,2026-07-16
16411301,1019 West University Ave,Ste 800,Georgetown,TX,78628,+15129913067,30.6293339,-97.6969548,Mon-Sat 09:30-21:30; Sun 10:00-20:00,https://locations.fivebelow.com/tx/georgetown/1019-west-university-ave,Texas,Five Below,2026-07-16
13539230,1420 E Highway 377,,Granbury,TX,76048,+18175799030,32.4387862,-97.7662043,Mon-Sat 09:30-21:30; Sun 10:00-20:00,https://locations.fivebelow.com/tx/granbury/1420-e-highway-377,Texas,Five Below,2026-07-16
13538635,5240 State Highway 360,Suite 200,Grand Prairie,TX,75052,+19726199504,32.645499802878554,-97.05968534110451,Mon-Sat 09:30-21:30; Sun 10:00-20:00,https://locations.fivebelow.com/tx/grand-prairie/5240-state-highway-360,Texas,Five Below,2026-07-16
13538733,3000 Grapevine Mills Parkway,#610A,Grapevine,TX,76051,+19728742548,32.96625275678655,-97.04252265587176,Mon-Thu 10:00-20:00; Fri-Sat 10:00-21:00; Sun 11:00-19:00,https://locations.fivebelow.com/tx/grapevine/3000-grapevine-mills-parkway,Texas,Five Below,2026-07-16
2051803092,3149 Denton Hwy,,Haltom City,TX,76117,+16823431569,32.80382855581215,-97.26599602994354,Mon-Sat 09:30-21:30; Sun 10:00-20:00,https://locations.fivebelow.com/tx/haltom-city/3149-denton-hwy,Texas,Five Below,2026-07-16
13538613,201 East Central Texas Expressway,#2130,Harker Heights,TX,76548,+12546803852,31.073100011793468,-97.66858869297982,Mon-Sat 09:30-21:30; Sun 10:00-20:00,https://locations.fivebelow.com/tx/harker-heights/201-east-central-texas-expressway,Texas,Five Below,2026-07-16
13538716,2827 West Expressway 83,,Harlingen,TX,78552,+19564120755,26.18372316146581,-97.72600200883494,Mon-Sat 09:30-21:30; Sun 10:00-20:00,https://locations.fivebelow.com/tx/harlingen/2827-west-expressway-83,Texas,Five Below,2026-07-16
13538934,10007 Almeda Genoa Road,,Houston,TX,77075,+17139431905,29.62905187211036,-95.23803213271327,Mon-Sat 09:30-21:30; Sun 10:00-20:00,https://locations.fivebelow.com/tx/houston/10007-almeda-genoa-road,Texas,Five Below,2026-07-16
1017894678,10261 North Freeway,Suite 150,Houston,TX,77037,+13463855853,29.914627841046947,-95.41664745845132,Mon-Sat 09:30-21:30; Sun 10:00-20:00,https://locations.fivebelow.com/tx/houston/10261-north-freeway,Texas,Five Below,2026-07-16
13538704,11043 Westheimer Road,Suite B,Houston,TX,77042,+17132662225,29.73491681311662,-95.57095136672427,Mon-Sat 09:30-21:30; Sun 10:00-20:00,https://locations.fivebelow.com/tx/houston/11043-westheimer-road,Texas,Five Below,2026-07-16
1057552555,1234 Uvalde Rd,,Houston,TX,77015,+13464630421,29.772613884755433,-95.18771807498318,Mon-Sat 09:30-21:30; Sun 10:00-20:00,https://locations.fivebelow.com/tx/houston/1234-uvalde-rd,Texas,Five Below,2026-07-16
13538709,13441 Westheimer Road,Suite 150,Houston,TX,77077,+12815310347,29.73462975609651,-95.62722675228845,Mon-Sat 09:30-21:30; Sun 10:00-20:00,https://locations.fivebelow.com/tx/houston/13441-westheimer-road,Texas,Five Below,2026-07-16
13538676,13762 Northwest Freeway,,Houston,TX,77040,+17138959326,29.854857899913718,-95.51209617222219,Mon-Sat 09:30-21:30; Sun 10:00-20:00,https://locations.fivebelow.com/tx/houston/13762-northwest-freeway,Texas,Five Below,2026-07-16
13538905,14365 E Sam Houston Pkwy N,,Houston,TX,77044,+12814361869,29.928471465318896,-95.20625769243406,Mon-Sat 09:30-21:30; Sun 10:00-20:00,https://locations.fivebelow.com/tx/houston/14365-e-sam-houston-pkwy-n,Texas,Five Below,2026-07-16
1076890491,22513 Tomball Parkway,,Houston,TX,77070,+13464831698,30.0105698914704,-95.59084553361365,Mon-Sat 09:30-21:30; Sun 10:00-20:00,https://locations.fivebelow.com/tx/houston/22513-tomball-parkway,Texas,Five Below,2026-07-16
15576987,250 Meyerland Plaza,,Houston,TX,77096,+13462374945,29.6857363,-95.4612719,Mon-Sat 09:30-21:30; Sun 10:00-20:00,https://locations.fivebelow.com/tx/houston/250-meyerland-plaza,Texas,Five Below,2026-07-16
14692768,380 FM 1960 W,Suite B,Houston,TX,77090,+12819855531,30.0211591516035,-95.43640117392731,Mon-Sat 09:30-21:30; Sun 10:00-20:00,https://locations.fivebelow.com/tx/houston/380-fm-1960-w,Texas,Five Below,2026-07-16
13538652,4444 North Fwy,,Houston,TX,77022,+17136917925,29.83298907887856,-95.38188200859832,Mon-Sat 09:30-21:30; Sun 10:00-20:00,https://locations.fivebelow.com/tx/houston/4444-north-fwy,Texas,Five Below,2026-07-16
17183342,4514 Dacoma Road,Suite 300,Houston,TX,77092,+18328567301,29.8086822,-95.4538942,Mon-Sat 09:30-21:30; Sun 10:00-20:00,https://locations.fivebelow.com/tx/houston/4514-dacoma-road,Texas,Five Below,2026-07-16
1094544168,4683 FM 1960 Rd W,,Houston,TX,77069,+12815983447,29.985368737395365,-95.49967253940122,Mon-Sat 09:30-21:30; Sun 10:00-20:00,https://locations.fivebelow.com/tx/houston/4683-fm-1960-rd-w,Texas,Five Below,2026-07-16
13538720,6025 East Sam Houston Parkway North,Suite 216,Houston,TX,77049,+12814594260,29.8115302,-95.1666007,Mon-Sat 09:30-21:30; Sun 10:00-20:00,https://locations.fivebelow.com/tx/houston/6025-east-sam-houston-parkway-north,Texas,Five Below,2026-07-16
1021146766,7525 Westheimer Road,,Houston,TX,77063,+13463859024,29.73643770624646,-95.50195263687564,Mon-Sat 09:30-21:30; Sun 10:00-20:00,https://locations.fivebelow.com/tx/houston/7525-westheimer-road,Texas,Five Below,2026-07-16
13538681,7714 W FM 1960,,Houston,TX,77070,+12819700312,29.9646896,-95.5456485,Mon-Sat 09:30-21:30; Sun 10:00-20:00,https://locations.fivebelow.com/tx/houston/7714-w-fm-1960,Texas,Five Below,2026-07-16
13538728,8020 S. Gessner Road,,Houston,TX,77036,+17137721873,29.6896296,-95.5351674,Mon-Sat 09:30-21:30; Sun 10:00-20:00,https://locations.fivebelow.com/tx/houston/8020-s.-gessner-road,Texas,Five Below,2026-07-16
13538960,8232 Kirby Drive,,Houston,TX,77054,+17136600543,29.6892259,-95.4132452,Mon-Sat 09:30-21:30; Sun 10:00-20:00,https://locations.fivebelow.com/tx/houston/8232-kirby-drive,Texas,Five Below,2026-07-16
13538701,9403-A Katy Freeway,,Houston,TX,77024,+17138274719,29.78243406476127,-95.52481127116391,Mon-Sat 09:30-21:30; Sun 10:00-20:00,https://locations.fivebelow.com/tx/houston/9403-a-katy-freeway,Texas,Five Below,2026-07-16
13538708,19659 US HWY 59,,Humble,TX,77338,+12815407014,30.004259773140564,-95.27264644232879,Mon-Sat 09:30-21:30; Sun 10:00-20:00,https://locations.fivebelow.com/tx/humble/19659-us-hwy-59,Texas,Five Below,2026-07-16
2040257736,6705 FM 1960 E,,Humble,TX,77346,+13463966342,29.99956170737056,-95.1741980848685,Mon-Sat 09:30-21:30; Sun 10:00-20:00,https://locations.fivebelow.com/tx/humble/6705-fm-1960-e,Texas,Five Below,2026-07-16
62111787,291 I-45,Unit B,Huntsville,TX,77340,+19362205471,30.705175967284926,-95.56532423599462,Mon-Sat 09:30-21:30; Sun 10:00-20:00,https://locations.fivebelow.com/tx/huntsville/291-i-45,Texas,Five Below,2026-07-16
13538667,864 North East Mall Blvd,,Hurst,TX,76053,+18175909294,32.82616262108868,-97.20039709055823,Mon-Sat 09:30-21:30; Sun 10:00-20:00,https://locations.fivebelow.com/tx/hurst/864-north-east-mall-blvd,Texas,Five Below,2026-07-16
13538626,3913 W Airport Freeway,Space 100,Irving,TX,75062,+19722559291,32.83881896728592,-96.99867744318465,Mon-Sat 09:30-21:30; Sun 10:00-20:00,https://locations.fivebelow.com/tx/irving/3913-w-airport-freeway,Texas,Five Below,2026-07-16
13538653,445 S Fry Rd,,Katy,TX,77450,+12818299503,29.7805083,-95.7172847,Mon-Sat 09:30-21:30; Sun 10:00-20:00,https://locations.fivebelow.com/tx/katy/445-s-fry-rd,Texas,Five Below,2026-07-16
13538928,5000 Katy Mills Circle,Space #152,Katy,TX,77494,+12815740299,29.775065547095412,-95.80945361202738,Mon-Thu 10:00-20:00; Fri-Sat 10:00-21:00; Sun 11:00-18:00,https://locations.fivebelow.com/tx/katy/5000-katy-mills-circle,Texas,Five Below,2026-07-16
2061807003,"2100 SWS Young Dr, 6000C",,Killeen,TX,76543,+12544515118,31.092693515878555,-97.71734907281811,Mon-Sat 09:30-21:30; Sun 10:00-20:00,https://locations.fivebelow.com/tx/killeen/2100-sws-young-dr-6000c,Texas,Five Below,2026-07-16
1053673503,1365 Kingwood Drive,,Kingwood,TX,77339,+13464473950,30.05077933413105,-95.23598436343772,Mon-Sat 09:30-21:30; Sun 10:00-20:00,https://locations.fivebelow.com/tx/kingwood/1365-kingwood-drive,Texas,Five Below,2026-07-16
58795322,5203 Bob Bullock Loop,Suite 140,Laredo,TX,78041,+19564204779,27.5445339339937,-99.44981068351906,Mon-Sat 09:30-21:30; Sun 10:00-20:00,https://locations.fivebelow.com/tx/laredo/5203-bob-bullock-loop,Texas,Five Below,2026-07-16
13538692,5410 San Bernardo Avenue,#66,Laredo,TX,78041,+19567951759,27.549485602345445,-99.50621054401745,Mon-Sat 09:30-21:30; Sun 10:00-20:00,https://locations.fivebelow.com/tx/laredo/5410-san-bernardo-avenue,Texas,Five Below,2026-07-16
13538919,3120 Gulf Freeway South,Suite B,League City,TX,77573,+12813099326,29.46638519139996,-95.08690548438778,Mon-Sat 09:30-21:30; Sun 10:00-20:00,https://locations.fivebelow.com/tx/league-city/3120-gulf-freeway-south,Texas,Five Below,2026-07-16
13539263,2325 S Stemmons Fwy,Suite 102,Lewisville,TX,75067,+12144883857,33.007036322375924,-96.97906160299681,Mon-Sat 09:30-21:30; Sun 10:00-20:00,https://locations.fivebelow.com/tx/lewisville/2325-s-stemmons-fwy,Texas,Five Below,2026-07-16
13538656,4750 Texas 121,Suite J-200,Lewisville,TX,75056,+12144691801,33.0634754387703,-96.88578076311131,Mon-Sat 09:30-21:30; Sun 10:00-20:00,https://locations.fivebelow.com/tx/lewisville/4750-texas-121,Texas,Five Below,2026-07-16
22747243,8246 Agora Pkwy,,Live Oak,TX,78233,+12109480327,29.569378331519125,-98.3265611966294,Mon-Sat 09:30-21:30; Sun 10:00-20:00,https://locations.fivebelow.com/tx/live-oak/8246-agora-pkwy,Texas,Five Below,2026-07-16
47940852,3096 N Eastman Rd,Suite 104,Longview,TX,75605,+19032513618,32.550885202908574,-94.72459289831298,Mon-Sat 09:30-21:30; Sun 10:00-20:00,https://locations.fivebelow.com/tx/longview/3096-n-eastman-rd,Texas,Five Below,2026-07-16
20321067,2910 W Loop 289,Suite 625,Lubbock,TX,79407,+18064169162,33.56739393545741,-101.94669016222257,Mon-Sat 09:30-21:30; Sun 10:00-20:00,https://locations.fivebelow.com/tx/lubbock/2910-w-loop-289,Texas,Five Below,2026-07-16
27127426,4505 S Medford Dr,Suite 107,Lufkin,TX,75901,+19362834693,31.309487,-94.723234,Mon-Sat 09:30-21:30; Sun 10:00-20:00,https://locations.fivebelow.com/tx/lufkin/4505-s-medford-dr,Texas,Five Below,2026-07-16
2040253743,11910 E US 290 Hwy WB,Suite 358,Manor,TX,78653,+15129108679,30.35053479999999,-97.5432214,Mon-Sat 09:30-21:30; Sun 10:00-20:00,https://locations.fivebelow.com/tx/manor/11910-e-us-290-hwy-wb,Texas,Five Below,2026-07-16
13538614,2041 U.S. 287 Frontage Road,#111,Mansfield,TX,76063,+18174732154,32.59445558226706,-97.15111112313912,Mon-Sat 09:30-21:30; Sun 10:00-20:00,https://locations.fivebelow.com/tx/mansfield/2041-u.s.-287-frontage-road,Texas,Five Below,2026-07-16
13538910,1751 N Central Expy,Suite G200,McKinney,TX,75070,+12145920417,33.21554498956474,-96.64016116729181,Mon-Sat 09:30-21:30; Sun 10:00-20:00,https://locations.fivebelow.com/tx/mckinney/1751-n-central-expy,Texas,Five Below,2026-07-16
16664967,8720 TX-121,#120,Mckinney,TX,75070,+14692708956,33.12933204576579,-96.72963070436859,Mon-Sat 09:30-21:30; Sun 10:00-20:00,https://locations.fivebelow.com/tx/mckinney/8720-tx-121,Texas,Five Below,2026-07-16
2040253742,5001 E Expwy 83,,Mercedes,TX,78570,+19566461494,26.16303170919758,-97.88780153553425,Mon-Sat 09:30-21:30; Sun 10:00-20:00,https://locations.fivebelow.com/tx/mercedes/5001-e-expwy-83,Texas,Five Below,2026-07-16
13538707,19161 LBJ Freeway,,Mesquite,TX,75150,+19722791776,32.7948817024209,-96.62816479451982,Mon-Sat 09:30-21:30; Sun 10:00-20:00,https://locations.fivebelow.com/tx/mesquite/19161-lbj-freeway,Texas,Five Below,2026-07-16
1043343246,500 N Galloway Ave,Suite 110,Mesquite,TX,75149,+14694258038,32.77303094983896,-96.59873885331797,Mon-Sat 09:30-21:30; Sun 10:00-20:00,https://locations.fivebelow.com/tx/mesquite/500-n-galloway-ave,Texas,Five Below,2026-07-16
63653428,2810 W Loop 250 N,Suite 140,Midland,TX,79705,+14322035881,32.037185,-102.1226,Mon-Sat 09:30-21:30; Sun 10:00-20:00,https://locations.fivebelow.com/tx/midland/2810-w-loop-250-n,Texas,Five Below,2026-07-16
13538712,2515 East Expressway 83,#100,Mission,TX,78572,+19566867017,26.19723145948513,-98.281685682209,Mon-Sat 09:30-21:30; Sun 10:00-20:00,https://locations.fivebelow.com/tx/mission/2515-east-expressway-83,Texas,Five Below,2026-07-16
1011095242,10443 Highway 6,,Missouri City,TX,77459,+18326991360,29.52812673,-95.50061862,Mon-Sat 09:30-21:30; Sun 10:00-20:00,https://locations.fivebelow.com/tx/missouri-city/10443-highway-6,Texas,Five Below,2026-07-16
13538695,5754 Highway 6,,Missouri City,TX,77459,+12812613081,29.568872,-95.570339,Mon-Sat 09:30-21:30; Sun 10:00-20:00,https://locations.fivebelow.com/tx/missouri-city/5754-highway-6,Texas,Five Below,2026-07-16
1047114444,9225 Eagle Dr.,,Mont Belvieu,TX,77523,+13464606463,29.8301873,-94.84723579999999,Mon-Sat 09:30-21:30; Sun 10:00-20:00,https://locations.fivebelow.com/tx/mont-belvieu/9225-eagle-dr.,Texas,Five Below,2026-07-16
13538617,251 Creekside Crossing,,New Braunfels,TX,78130,+18306205315,29.7253115,-98.0741594,Mon-Sat 09:30-21:30; Sun 10:00-20:00,https://locations.fivebelow.com/tx/new-braunfels/251-creekside-crossing,Texas,Five Below,2026-07-16
17792931,21422 Market Place Dr,,New Caney,TX,77357,+18326852123,30.1356315,-95.2301023,Mon-Sat 09:30-21:30; Sun 10:00-20:00,https://locations.fivebelow.com/tx/new-caney/21422-market-place-dr,Texas,Five Below,2026-07-16
1017894634,5196 Rufe Snow Drive,Suite 200,North Richland Hills,TX,76180,+16822143721,32.843278002121664,-97.23717334613688,Mon-Sat 09:30-21:30; Sun 10:00-20:00,https://locations.fivebelow.com/tx/north-richland-hills/5196-rufe-snow-drive,Texas,Five Below,2026-07-16
2051803097,3875 E 42nd St,,Odessa,TX,79762,+14322042027,31.89171170369721,-102.34927065705851,Mon-Sat 09:30-21:30; Sun 10:00-20:00,https://locations.fivebelow.com/tx/odessa/3875-e-42nd-st,Texas,Five Below,2026-07-16
1066166847,3510 Lamar Ave,Suite 590,Paris,TX,75460,+19032519426,33.66062908759447,-95.51160053067112,Mon-Sat 09:30-21:30; Sun 10:00-20:00,https://locations.fivebelow.com/tx/paris/3510-lamar-ave,Texas,Five Below,2026-07-16
2040257734,1000 Southmore Ave,Ste160,Pasadena,TX,77502,+13463966293,29.68964322837202,-95.199219007618,Mon-Sat 09:30-21:30; Sun 10:00-20:00,https://locations.fivebelow.com/tx/pasadena/1000-southmore-ave,Texas,Five Below,2026-07-16
13538696,5786 Fairmont Pkwy,,Pasadena,TX,77505,+12819911649,29.64836455500545,-95.15222199875927,Mon-Sat 09:30-21:30; Sun 10:00-20:00,https://locations.fivebelow.com/tx/pasadena/5786-fairmont-pkwy,Texas,Five Below,2026-07-16
13538647,2650 Pearland Parkway,Suite 180,Pearland,TX,77581,+12819977739,29.559202169239498,-95.26327300000003,Mon-Sat 09:30-21:30; Sun 10:00-20:00,https://locations.fivebelow.com/tx/pearland/2650-pearland-parkway,Texas,Five Below,2026-07-16
22194293,3113 Silverlake Village Dr,,Pearland,TX,77584,+12813172144,29.55266386544182,-95.38445818651856,Mon-Sat 09:30-21:30; Sun 10:00-20:00,https://locations.fivebelow.com/tx/pearland/3113-silverlake-village-dr,Texas,Five Below,2026-07-16
13538641,19000 Limestone Commercial Dr.,Suite 120,Pflugerville,TX,78660,+15129899549,30.470495441149662,-97.5969403263893,Mon-Sat 09:30-21:30; Sun 10:00-20:00,https://locations.fivebelow.com/tx/pflugerville/19000-limestone-commercial-dr.,Texas,Five Below,2026-07-16
13538690,500 N Jackson Road,D1,Pharr,TX,78577,+19567818737,26.203484075766852,-98.20156400753052,Mon-Sat 09:30-21:30; Sun 10:00-20:00,https://locations.fivebelow.com/tx/pharr/500-n-jackson-road,Texas,Five Below,2026-07-16
17477118,1701 Preston Rd,Suite C1,Plano,TX,75093,+19725979939,33.0233927,-96.79876379999999,Mon-Sat 09:30-21:30; Sun 10:00-20:00,https://locations.fivebelow.com/tx/plano/1701-preston-rd,Texas,Five Below,2026-07-16
1004710840,1715 West Oaklawn Rd,Suite C,Pleasanton,TX,78064,+18302918328,28.944012,-98.50428509999999,Mon-Sat 09:30-21:30; Sun 10:00-20:00,https://locations.fivebelow.com/tx/pleasanton/1715-west-oaklawn-rd,Texas,Five Below,2026-07-16
13539168,1121 S Preston Road,,Prosper,TX,75078,+19723479148,33.22296031833487,-96.79466457175829,Mon-Sat 09:30-21:30; Sun 10:00-20:00,https://locations.fivebelow.com/tx/prosper/1121-s-preston-road,Texas,Five Below,2026-07-16
17477115,10367 W Grand Pkwy S,,Richmond,TX,77407,+12818461389,29.65485002190461,-95.70865040559946,Mon-Sat 09:30-21:30; Sun 10:00-20:00,https://locations.fivebelow.com/tx/richmond/10367-w-grand-pkwy-s,Texas,Five Below,2026-07-16
15648428,26914 FM 1093,,Richmond,TX,77406,+18326852154,29.69508,-95.84337,Mon-Sat 09:30-21:30; Sun 10:00-20:00,https://locations.fivebelow.com/tx/richmond/26914-fm-1093,Texas,Five Below,2026-07-16
13538693,5450 West Grand Parkway South,,Richmond,TX,77406,+12812393278,29.69484650605227,-95.77672998195544,Mon-Sat 09:30-21:30; Sun 10:00-20:00,https://locations.fivebelow.com/tx/richmond/5450-west-grand-parkway-south,Texas,Five Below,2026-07-16
13538604,1047 E. Interstate 30,,Rockwall,TX,75087,+19727224012,32.90537268769672,-96.45001998250814,Mon-Sat 09:30-21:30; Sun 10:00-20:00,https://locations.fivebelow.com/tx/rockwall/1047-e.-interstate-30,Texas,Five Below,2026-07-16
13538914,24101 Brazos Town Crossing,,Rosenberg,TX,77471,+12812327146,29.542631141770823,-95.74850626404805,Mon-Sat 09:30-21:30; Sun 10:00-20:00,https://locations.fivebelow.com/tx/rosenberg/24101-brazos-town-crossing,Texas,Five Below,2026-07-16
13538940,201 University Oaks Boulevard,#800,Round Rock,TX,78665,+15123108440,30.55681699999999,-97.68694933250617,Mon-Sat 09:30-21:30; Sun 10:00-20:00,https://locations.fivebelow.com/tx/round-rock/201-university-oaks-boulevard,Texas,Five Below,2026-07-16
1066166846,3021 S I-35 Frontage Rd,Suite 230,Round Rock,TX,78664,+17372849592,30.4776117508663,-97.66883249631252,Mon-Sat 09:30-21:30; Sun 10:00-20:00,https://locations.fivebelow.com/tx/round-rock/3021-s-i-35-frontage-rd,Texas,Five Below,2026-07-16
30824351,5701 President George Bush Hwy,Suite 190,Rowlett,TX,75089,+14695753524,32.91051131415069,-96.55788179325397,Mon-Sat 09:30-21:30; Sun 10:00-20:00,https://locations.fivebelow.com/tx/rowlett/5701-president-george-bush-hwy,Texas,Five Below,2026-07-16
13539472,4161 Sunset Drive,,San Angelo,TX,76904,+13254002480,31.4301695,-100.5025013,Mon-Sat 09:30-21:30; Sun 10:00-20:00,https://locations.fivebelow.com/tx/san-angelo/4161-sunset-drive,Texas,Five Below,2026-07-16
16196176,11649 Bandera Road,,San Antonio,TX,78250,+12107940235,29.5491209,-98.6682699,Mon-Sat 09:30-21:30; Sun 10:00-20:00,https://locations.fivebelow.com/tx/san-antonio/11649-bandera-road,Texas,Five Below,2026-07-16
13539459,1247 Austin Highway,,San Antonio,TX,78209,+12106577454,29.4896662,-98.4451685,Mon-Sat 09:30-21:30; Sun 10:00-20:00,https://locations.fivebelow.com/tx/san-antonio/1247-austin-highway,Texas,Five Below,2026-07-16
13538642,125 Northwest Loop 410,#300,San Antonio,TX,78216,+12105410025,29.521672264014068,-98.49549458320905,Mon-Sat 09:30-21:30; Sun 10:00-20:00,https://locations.fivebelow.com/tx/san-antonio/125-northwest-loop-410,Texas,Five Below,2026-07-16
1029180214,12651 Vance Jackson Road,Suite 128,San Antonio,TX,78230,+18303474110,29.562471213029905,-98.58698794295694,Mon-Sat 09:30-21:30; Sun 10:00-20:00,https://locations.fivebelow.com/tx/san-antonio/12651-vance-jackson-road,Texas,Five Below,2026-07-16
1094544166,14036 Nacogdoches Rd,,San Antonio,TX,78247,+17262680830,29.56838417953724,-98.38300015335558,Mon-Sat 09:30-21:30; Sun 10:00-20:00,https://locations.fivebelow.com/tx/san-antonio/14036-nacogdoches-rd,Texas,Five Below,2026-07-16
13538911,17700 San Pedro Avenue,Suite 702,San Antonio,TX,78232,+12104049708,29.60222104320885,-98.46763940209962,Mon-Sat 09:30-21:30; Sun 10:00-20:00,https://locations.fivebelow.com/tx/san-antonio/17700-san-pedro-avenue,Texas,Five Below,2026-07-16
13538942,2720 SW Military Dr,Suite 102,San Antonio,TX,78224,+12109274864,29.355120790698717,-98.54025898273099,Mon-Sat 09:30-21:30; Sun 10:00-20:00,https://locations.fivebelow.com/tx/san-antonio/2720-sw-military-dr,Texas,Five Below,2026-07-16
1076890500,2945 Thousand Oaks Drive,,San Antonio,TX,78247,+17262689684,29.578502,-98.43928609999999,Mon-Sat 09:30-21:30; Sun 10:00-20:00,https://locations.fivebelow.com/tx/san-antonio/2945-thousand-oaks-drive,Texas,Five Below,2026-07-16
14460184,415 W. Loop 1604 S,Suite 147,San Antonio,TX,78253,+12106672280,29.427905,-98.7137884,Mon-Sat 09:30-21:30; Sun 10:00-20:00,https://locations.fivebelow.com/tx/san-antonio/415-w.-loop-1604-s,Texas,Five Below,2026-07-16
1080779251,4224 S New Braunfels,Suite 105,San Antonio,TX,78223,+17262015457,29.376384993959526,-98.4585434096592,Mon-Sat 09:30-21:30; Sun 10:00-20:00,https://locations.fivebelow.com/tx/san-antonio/4224-s-new-braunfels,Texas,Five Below,2026-07-16
13538950,5419 N W LOOP 1604,105,San Antonio,TX,78253,+12106880128,29.488409585401385,-98.71008663558197,Mon-Sat 09:30-21:30; Sun 10:00-20:00,https://locations.fivebelow.com/tx/san-antonio/5419-n-w-loop-1604,Texas,Five Below,2026-07-16
13538659,5815 Worth Parkway,Suite 108,San Antonio,TX,78257,+12105582095,29.61412333631911,-98.59959909325408,Mon-Sat 09:30-21:30; Sun 10:00-20:00,https://locations.fivebelow.com/tx/san-antonio/5815-worth-parkway,Texas,Five Below,2026-07-16
17477112,6065 Northwest Loop 410,Suite 130,San Antonio,TX,78238,+12109421681,29.474927918711504,-98.61314924681413,Mon-Sat 09:30-21:30; Sun 10:00-20:00,https://locations.fivebelow.com/tx/san-antonio/6065-northwest-loop-410,Texas,Five Below,2026-07-16
1011095243,6218 Wood Glen Drive,,San Antonio,TX,78244,+18302918548,29.48295233218178,-98.35052581903172,Mon-Sat 09:30-21:30; Sun 10:00-20:00,https://locations.fivebelow.com/tx/san-antonio/6218-wood-glen-drive,Texas,Five Below,2026-07-16
13538700,8203 State Hwy 151,Suite 104,San Antonio,TX,78245,+12105212769,29.43984026170172,-98.64650522432242,Mon-Sat 09:30-21:30; Sun 10:00-20:00,https://locations.fivebelow.com/tx/san-antonio/8203-state-hwy-151,Texas,Five Below,2026-07-16
13538952,600 Barnes Drive,Suite 101,San Marcos,TX,78666,+15123920441,29.84676146899471,-97.97030891341052,Mon-Sat 09:30-21:30; Sun 10:00-20:00,https://locations.fivebelow.com/tx/san-marcos/600-barnes-drive,Texas,Five Below,2026-07-16
2040253745,1308 IH 10,,Seguin,TX,78155,+18303584991,29.58648607503569,-97.98782644170667,Mon-Sat 09:30-21:30; Sun 10:00-20:00,https://locations.fivebelow.com/tx/seguin/1308-ih-10,Texas,Five Below,2026-07-16
15576988,19075 I-45 S,Suite 108,Shenandoah,TX,77385,+19363200563,30.183807013549107,-95.44975708670545,Mon-Sat 09:30-21:30; Sun 10:00-20:00,https://locations.fivebelow.com/tx/shenandoah/19075-i-45-s,Texas,Five Below,2026-07-16
13538718,4121 North US Highway 75,,Sherman,TX,75090,+19034210173,33.68066653604634,-96.60486925396731,Mon-Sat 09:30-21:30; Sun 10:00-20:00,https://locations.fivebelow.com/tx/sherman/4121-north-us-highway-75,Texas,Five Below,2026-07-16
25131124,2910 E Southlake Blvd,,Southlake,TX,76092,+18179935630,32.939656683590286,-97.10751966415161,Mon-Sat 09:30-21:30; Sun 10:00-20:00,https://locations.fivebelow.com/tx/southlake/2910-e-southlake-blvd,Texas,Five Below,2026-07-16
88016103,16872 Stuebner Airline Road,,Spring,TX,77379,+13464156563,30.022783277672325,-95.52462837055225,Mon-Sat 09:30-21:30; Sun 10:00-20:00,https://locations.fivebelow.com/tx/spring/16872-stuebner-airline-road,Texas,Five Below,2026-07-16
13538953,6600 Spring Stuebner Rd,Suite 156,Spring,TX,77389,+18327170218,30.08585639575607,-95.52132727116395,Mon-Sat 09:30-21:30; Sun 10:00-20:00,https://locations.fivebelow.com/tx/spring/6600-spring-stuebner-rd,Texas,Five Below,2026-07-16
13538639,12692 Fountain Lake Circle,,Stafford,TX,77477,+12812400635,29.6374749,-95.5881232,Mon-Sat 09:30-21:30; Sun 10:00-20:00,https://locations.fivebelow.com/tx/stafford/12692-fountain-lake-circle,Texas,Five Below,2026-07-16
33252872,2739 W. Washington Street,,Stephenville,TX,76401,+12543273093,32.2065766,-98.23204489999999,Mon-Sat 09:30-21:30; Sun 10:00-20:00,https://locations.fivebelow.com/tx/stephenville/2739-w.-washington-street,Texas,Five Below,2026-07-16
13538640,16748 Southwest Fwy,,Sugar Land,TX,77479,+12815658059,29.593151497910497,-95.63515258184242,Mon-Sat 09:30-21:30; Sun 10:00-20:00,https://locations.fivebelow.com/tx/sugar-land/16748-southwest-fwy,Texas,Five Below,2026-07-16
13538634,5207 Brodie Lane,#190,Sunset Valley,TX,78745,+15128992719,30.229954848954137,-97.81582928397097,Mon-Sat 09:30-21:30; Sun 10:00-20:00,https://locations.fivebelow.com/tx/sunset-valley/5207-brodie-lane,Texas,Five Below,2026-07-16
13539233,2112 SW H K Dodgen Loop,Suite 140,Temple,TX,76504,+12547714254,31.079182709264508,-97.37965000951814,Mon-Sat 09:30-21:30; Sun 10:00-20:00,https://locations.fivebelow.com/tx/temple/2112-sw-h-k-dodgen-loop,Texas,Five Below,2026-07-16
14692766,640 American Way,,Terrell,TX,75160,+19725517037,32.7194592,-96.3263364,Mon-Sat 09:30-21:30; Sun 10:00-20:00,https://locations.fivebelow.com/tx/terrell/640-american-way,Texas,Five Below,2026-07-16
26828052,3327 Mall Drive,,Texarkana,TX,75503,+19033032663,33.4578514,-94.0792083,Mon-Sat 09:30-21:30; Sun 10:00-20:00,https://locations.fivebelow.com/tx/texarkana/3327-mall-drive,Texas,Five Below,2026-07-16
1053673502,3549 Palmer Hwy,,Texas City,TX,77590,+14092879021,29.393432652293075,-94.95005932910651,Mon-Sat 09:30-21:30; Sun 10:00-20:00,https://locations.fivebelow.com/tx/texas-city/3549-palmer-hwy,Texas,Five Below,2026-07-16
13538678,14375 FM 2920,Suite 120,Tomball,TX,77377,+12815164781,30.086192679159048,-95.640332000005,Mon-Sat 09:30-21:30; Sun 10:00-20:00,https://locations.fivebelow.com/tx/tomball/14375-fm-2920,Texas,Five Below,2026-07-16
13538730,8942 South Broadway Avenue,Suite 148,Tyler,TX,75703,+19039390807,32.25205383866721,-95.30642890206082,Mon-Sat 09:30-21:30; Sun 10:00-20:00,https://locations.fivebelow.com/tx/tyler/8942-south-broadway-avenue,Texas,Five Below,2026-07-16
13538654,4633 S Jack Kultgen Freeway,Suite 101,Waco,TX,76706,+12546629667,31.498309825546862,-97.15109776502972,Mon-Sat 09:30-21:30; Sun 10:00-20:00,https://locations.fivebelow.com/tx/waco/4633-s-jack-kultgen-freeway,Texas,Five Below,2026-07-16
1029180213,5301 Bosque Blvd,Suite 250,Waco,TX,76710,+12542543460,31.533487666446376,-97.19470494200021,Mon-Sat 09:30-21:30; Sun 10:00-20:00,https://locations.fivebelow.com/tx/waco/5301-bosque-blvd,Texas,Five Below,2026-07-16
13538957,7620 Denton Hwy,Suite 616,Watauga,TX,76148,+18175141917,32.881707891808574,-97.25900846229285,Mon-Sat 09:30-21:30; Sun 10:00-20:00,https://locations.fivebelow.com/tx/watauga/7620-denton-hwy,Texas,Five Below,2026-07-16
13538706,1700 N. Highway 77,Suite 140,Waxahachie,TX,75165,+19729372706,32.43014639816986,-96.83596237567883,Mon-Sat 09:30-21:30; Sun 10:00-20:00,https://locations.fivebelow.com/tx/waxahachie/1700-n.-highway-77,Texas,Five Below,2026-07-16
13538715,325 Adams Drive,#383,Weatherford,TX,76086,+18175947384,32.73321192479431,-97.78556556564138,Mon-Sat 09:30-21:30; Sun 10:00-20:00,https://locations.fivebelow.com/tx/weatherford/325-adams-drive,Texas,Five Below,2026-07-16
13538670,1209 W Bay Area Blvd,,Webster,TX,77598,+12813165947,29.5378031,-95.1406483,Mon-Sat 09:30-21:30; Sun 10:00-20:00,https://locations.fivebelow.com/tx/webster/1209-w-bay-area-blvd,Texas,Five Below,2026-07-16
13539177,3201 Lawrence Rd,Suite 330,Wichita Falls,TX,76308,+19406910245,33.876009226892656,-98.53766027116393,Mon-Sat 09:30-21:30; Sun 10:00-20:00,https://locations.fivebelow.com/tx/wichita-falls/3201-lawrence-rd,Texas,Five Below,2026-07-16
2011111062,12342 Interstate 45 N,,Willis,TX,77378,+19363173562,30.421694360383,-95.4908635441734,Mon-Sat 09:30-21:30; Sun 10:00-20:00,https://locations.fivebelow.com/tx/willis/12342-interstate-45-n,Texas,Five Below,2026-07-16
13538622,3420 Farm To Market Road 544,#700,Wylie,TX,75098,+19724421181,33.00904111278484,-96.59293572023773,Mon-Sat 09:30-21:30; Sun 10:00-20:00,https://locations.fivebelow.com/tx/wylie/3420-farm-to-market-road-544,Texas,Five Below,2026-07-16
23400071,205 Meadow Lane,,American Fork,UT,84003,+13852381607,40.3810501,-111.8214187,Mon-Sat 09:30-21:30; Sun 10:00-20:00,https://locations.fivebelow.com/ut/american-fork/205-meadow-lane,Utah,Five Below,2026-07-16
23400073,340 South 500 West,,Bountiful,UT,84010,+13852381593,40.885635644099494,-111.89336131003186,Mon-Sat 09:30-21:30; Sun 10:00-20:00,https://locations.fivebelow.com/ut/bountiful/340-south-500-west,Utah,Five Below,2026-07-16
23400072,177 E 12300 S,12,Draper,UT,84020,+12393100891,40.52879334024687,-111.88537135545604,Mon-Sat 09:30-21:30; Sun 10:00-20:00,https://locations.fivebelow.com/ut/draper/177-e-12300-s,Utah,Five Below,2026-07-16
2061806998,380 E 525 N,,Harrisville,UT,84404,+13852951245,41.269227104280546,-111.97032274414329,Mon-Sat 09:30-21:30; Sun 10:00-20:00,https://locations.fivebelow.com/ut/harrisville/380-e-525-n,Utah,Five Below,2026-07-16
1004710841,2153 N. Harris Blvd,,Layton,UT,84041,+13852597193,41.09118467851415,-111.9818900153269,Mon-Sat 09:30-21:30; Sun 10:00-20:00,https://locations.fivebelow.com/ut/layton/2153-n.-harris-blvd,Utah,Five Below,2026-07-16
1011095240,49 E 400 N,Suite 120,Logan,UT,84321,+14353521808,41.740344053256436,-111.83300796195392,Mon-Sat 09:30-21:30; Sun 10:00-20:00,https://locations.fivebelow.com/ut/logan/49-e-400-n,Utah,Five Below,2026-07-16
23400070,1102 E Fort Union Blvd,,Midvale,UT,84047,+13852940167,40.62201900745373,-111.86047455740446,Mon-Sat 09:30-21:30; Sun 10:00-20:00,https://locations.fivebelow.com/ut/midvale/1102-e-fort-union-blvd,Utah,Five Below,2026-07-16
42115913,292 West University Parkway,,Orem,UT,84058,+13852871269,40.274695188652544,-111.70223903930416,Mon-Sat 09:30-21:30; Sun 10:00-20:00,https://locations.fivebelow.com/ut/orem/292-west-university-parkway,Utah,Five Below,2026-07-16
23400066,1087 W. Riverdale Rd.,,Riverdale,UT,84405,+13853180064,41.175558165993586,-112.0050029386231,Mon-Sat 09:30-21:30; Sun 10:00-20:00,https://locations.fivebelow.com/ut/riverdale/1087-w.-riverdale-rd.,Utah,Five Below,2026-07-16
23400069,4536 W Kestrel Range Rd,,Riverton,UT,84096,+13852382136,40.51092805857862,-112.00002375703032,Mon-Sat 09:30-21:30; Sun 10:00-20:00,https://locations.fivebelow.com/ut/riverton/4536-w-kestrel-range-rd,Utah,Five Below,2026-07-16
1066166832,1082 S 300 West,Suite 2,Salt Lake City,UT,84101,+13854389723,40.745734,-111.902197,Mon-Sat 09:30-21:30; Sun 10:00-20:00,https://locations.fivebelow.com/ut/salt-lake-city/1082-s-300-west,Utah,Five Below,2026-07-16
23400075,1200 East Brickyard Road,,Salt Lake City,UT,84106,+13852792668,40.7013439,-111.8565325,Mon-Sat 09:30-21:30; Sun 10:00-20:00,https://locations.fivebelow.com/ut/salt-lake-city/1200-east-brickyard-road,Utah,Five Below,2026-07-16
35034666,871 N Redwood Rd,,Saratoga Springs,UT,84045,+13854255111,40.375243,-111.9170376,Mon-Sat 09:30-21:30; Sun 10:00-20:00,https://locations.fivebelow.com/ut/saratoga-springs/871-n-redwood-rd,Utah,Five Below,2026-07-16
2011111074,10541 S Redwood Rd,,South Jordan,UT,84095,+13852382138,40.559708270659186,-111.9366362903052,Mon-Sat 09:30-21:30; Sun 10:00-20:00,https://locations.fivebelow.com/ut/south-jordan/10541-s-redwood-rd,Utah,Five Below,2026-07-16
23644859,1301 N. Canyon Creek Parkway,,Spanish Fork,UT,84660,+13852792325,40.1275215,-111.6412353,Mon-Sat 09:30-21:30; Sun 10:00-20:00,https://locations.fivebelow.com/ut/spanish-fork/1301-n.-canyon-creek-parkway,Utah,Five Below,2026-07-16
27710692,329 S. River Rd,,St. George,UT,84790,+14352651701,37.1024144,-113.5538312,Mon-Sat 09:30-21:30; Sun 10:00-20:00,https://locations.fivebelow.com/ut/st.-george/329-s.-river-rd,Utah,Five Below,2026-07-16
2040253761,801 S Bluff St,Suite A20,St. George,UT,84770,+14353154703,37.09515932453749,-113.58511163254133,Mon-Sat 09:30-21:30; Sun 10:00-20:00,https://locations.fivebelow.com/ut/st.-george/801-s-bluff-st,Utah,Five Below,2026-07-16
1080779254,1758 West 5400 South,,Taylorsville,UT,84129,+13854492560,40.6542762,-111.9409495,Mon-Sat 09:30-21:30; Sun 10:00-20:00,https://locations.fivebelow.com/ut/taylorsville/1758-west-5400-south,Utah,Five Below,2026-07-16
2018691448,945 N Main St,Suite C,Tooele,UT,84074,+14353150631,40.5485206,-112.2981922,Mon-Sat 09:30-21:30; Sun 10:00-20:00,https://locations.fivebelow.com/ut/tooele/945-n-main-st,Utah,Five Below,2026-07-16
1076890499,1180B West Hwy 40,,Vernal,UT,84078,+14352223815,40.4499369,-109.550929,Mon-Sat 09:30-21:30; Sun 10:00-20:00,https://locations.fivebelow.com/ut/vernal/1180b-west-hwy-40,Utah,Five Below,2026-07-16
26828053,7104 S Plaza Center Drive,Suite 140,West Jordan,UT,84084,+13853741410,40.62225360119175,-111.980970290735,Mon-Sat 09:30-21:30; Sun 10:00-20:00,https://locations.fivebelow.com/ut/west-jordan/7104-s-plaza-center-drive,Utah,Five Below,2026-07-16
42115917,3601 Constitution Blvd,SM102,West Valley City,UT,84119,+13852870661,40.69219137014135,-111.95423603490528,Mon-Sat 09:30-21:30; Sun 10:00-20:00,https://locations.fivebelow.com/ut/west-valley-city/3601-constitution-blvd,Utah,Five Below,2026-07-16
22747237,5970 Kingstowne Center,,Alexandria,VA,22315,+15713804633,38.7701946,-77.1405576,Mon-Sat 09:30-21:30; Sun 10:00-20:00,https://locations.fivebelow.com/va/alexandria/5970-kingstowne-center,Virginia,Five Below,2026-07-16
13539251,6214 Little River Turnpike,,Alexandria,VA,22312,+17032561293,38.81952199416205,-77.14097520949849,Mon-Sat 09:30-21:30; Sun 10:00-20:00,https://locations.fivebelow.com/va/alexandria/6214-little-river-turnpike,Virginia,Five Below,2026-07-16
13539186,7678D Richmond Highway,,Alexandria,VA,22306,+17037682101,38.75095267875192,-77.08698902331355,Mon-Sat 09:30-21:30; Sun 10:00-20:00,https://locations.fivebelow.com/va/alexandria/7678d-richmond-highway,Virginia,Five Below,2026-07-16
27710694,1201 S Hayes St,Suite C1,Arlington,VA,22202,+15714838543,38.862114,-77.0587375,Mon-Sat 10:00-21:00; Sun 10:00-20:00,https://locations.fivebelow.com/va/arlington/1201-s-hayes-st,Virginia,Five Below,2026-07-16
1083869683,16640 Highlands Center Blvd,,Bristol,VA,24202,+12762606913,36.63667409251362,-82.10875497607479,Mon-Sat 09:30-21:30; Sun 10:00-20:00,https://locations.fivebelow.com/va/bristol/16640-highlands-center-blvd,Virginia,Five Below,2026-07-16
13539232,1790 Rio Hill Center,,Charlottesville,VA,22901,+14349750161,38.08681599361485,-78.47347461061815,Mon-Sat 09:30-21:30; Sun 10:00-20:00,https://locations.fivebelow.com/va/charlottesville/1790-rio-hill-center,Virginia,Five Below,2026-07-16
13539269,1501 Sentinel Drive,Suite 400,Chesapeake,VA,23320,+17574948713,36.7788737,-76.2516196,Mon-Sat 09:30-21:30; Sun 10:00-20:00,https://locations.fivebelow.com/va/chesapeake/1501-sentinel-drive,Virginia,Five Below,2026-07-16
1035260033,237 S Battlefield Blvd,,Chesapeake,VA,23322,+17572079525,36.71619055266158,-76.23704532944775,Mon-Sat 09:30-21:30; Sun 10:00-20:00,https://locations.fivebelow.com/va/chesapeake/237-s-battlefield-blvd,Virginia,Five Below,2026-07-16
2026303203,4107 Portsmouth Blvd,Unit 117,Chesapeake,VA,23321,+17575689545,36.82183578175948,-76.4119488411045,Mon-Sat 09:30-21:30; Sun 10:00-20:00,https://locations.fivebelow.com/va/chesapeake/4107-portsmouth-blvd,Virginia,Five Below,2026-07-16
13539268,14623 Hancock Village Street,,Chesterfield,VA,23832,+18047398547,37.400871184392194,-77.67588609325412,Mon-Sat 09:30-21:30; Sun 10:00-20:00,https://locations.fivebelow.com/va/chesterfield/14623-hancock-village-street,Virginia,Five Below,2026-07-16
13539270,155 Shoppers Way Northwest,Space 3,Christiansburg,VA,24073,+15403823958,37.16811560251856,-80.42579208557038,Mon-Sat 09:30-21:30; Sun 10:00-20:00,https://locations.fivebelow.com/va/christiansburg/155-shoppers-way-northwest,Virginia,Five Below,2026-07-16
13539279,328 Southpark Circle,,Colonial Heights,VA,23834,+18045261949,37.255254577947255,-77.39440065202496,Mon-Thu 10:00-20:00; Fri-Sat 10:00-21:00; Sun 11:00-19:00,https://locations.fivebelow.com/va/colonial-heights/328-southpark-circle,Virginia,Five Below,2026-07-16
1017894671,729 Southpark Blvd.,,Colonial Heights,VA,23834,+18045381032,37.250574724504766,-77.3871779426211,Mon-Sat 09:30-21:30; Sun 10:00-20:00,https://locations.fivebelow.com/va/colonial-heights/729-southpark-blvd.,Virginia,Five Below,2026-07-16
62111773,725 Dominion Square,Suite 12B,Culpeper,VA,22701,+15402512327,38.481811,-77.977297,Mon-Sat 09:30-21:30; Sun 10:00-20:00,https://locations.fivebelow.com/va/culpeper/725-dominion-square,Virginia,Five Below,2026-07-16
13539236,24630 Dulles Landing Dr,Unit 145,Dulles,VA,20166,+15713493854,38.93577769197215,-77.52013372115005,Mon-Sat 09:30-21:30; Sun 10:00-20:00,https://locations.fivebelow.com/va/dulles/24630-dulles-landing-dr,Virginia,Five Below,2026-07-16
13539402,13063 Lee Jackson Highway,Suite E,Fairfax,VA,22033,+17033782148,38.880111539452535,-77.39990862576025,Mon-Sat 09:30-21:30; Sun 10:00-20:00,https://locations.fivebelow.com/va/fairfax/13063-lee-jackson-highway,Virginia,Five Below,2026-07-16
13539189,9650-48 Main Street,,Fairfax,VA,22031,+17033236294,38.8443701,-77.2755284,Mon-Sat 09:30-21:30; Sun 10:00-20:00,https://locations.fivebelow.com/va/fairfax/9650-48-main-street,Virginia,Five Below,2026-07-16
25131117,5857-A Leesburg Pike,,Falls Church,VA,22041,+15714410158,38.8514283,-77.1323547,Mon-Sat 09:30-21:30; Sun 10:00-20:00,https://locations.fivebelow.com/va/falls-church/5857-a-leesburg-pike,Virginia,Five Below,2026-07-16
23400064,6308 Seven Corners Center,,Falls Church,VA,22044,+15713804814,38.8694539,-77.1523191,Mon-Sat 09:30-21:30; Sun 10:00-20:00,https://locations.fivebelow.com/va/falls-church/6308-seven-corners-center,Virginia,Five Below,2026-07-16
2019847482,1550 S Main St,,Farmville,VA,23901,+14342553002,37.283034804048995,-78.39261822868544,Mon-Sat 09:30-21:30; Sun 10:00-20:00,https://locations.fivebelow.com/va/farmville/1550-s-main-st,Virginia,Five Below,2026-07-16
13539170,1386 Carl D. Silver Parkway,,Fredericksburg,VA,22401,+15407852827,38.302532854204514,-77.5092867202377,Mon-Sat 09:30-21:30; Sun 10:00-20:00,https://locations.fivebelow.com/va/fredericksburg/1386-carl-d.-silver-parkway,Virginia,Five Below,2026-07-16
13539190,9771 Patriot Highway,,Fredericksburg,VA,22407,+15408345595,38.22368890557055,-77.50174323578204,Mon-Sat 09:30-21:30; Sun 10:00-20:00,https://locations.fivebelow.com/va/fredericksburg/9771-patriot-highway,Virginia,Five Below,2026-07-16
1083869692,8135 Stonewall Shops Square,Suite 405A,Gainesville,VA,20155,+17036530283,38.78423707644854,-77.6502982591601,Mon-Sat 09:30-21:30; Sun 10:00-20:00,https://locations.fivebelow.com/va/gainesville/8135-stonewall-shops-square,Virginia,Five Below,2026-07-16
13539260,11331 West Broad Street,#141,Glen Allen,VA,23060,+18043609411,37.6488232,-77.6066507,Mon-Sat 09:30-21:30; Sun 10:00-20:00,https://locations.fivebelow.com/va/glen-allen/11331-west-broad-street,Virginia,Five Below,2026-07-16
13539289,9920 Brook Road,,Glen Allen,VA,23059,+18042664943,37.67005774082392,-77.46414416934203,Mon-Sat 09:30-21:30; Sun 10:00-20:00,https://locations.fivebelow.com/va/glen-allen/9920-brook-road,Virginia,Five Below,2026-07-16
26128931,24 Coliseum Crossing,,Hampton,VA,23666,+17572092792,37.0478807,-76.3934613,Mon-Sat 09:30-21:30; Sun 10:00-20:00,https://locations.fivebelow.com/va/hampton/24-coliseum-crossing,Virginia,Five Below,2026-07-16
1017894653,1925 E Market St,Suite 408,Harrisonburg,VA,22801,+15402997176,38.42857405731529,-78.84349599631251,Mon-Sat 09:30-21:30; Sun 10:00-20:00,https://locations.fivebelow.com/va/harrisonburg/1925-e-market-st,Virginia,Five Below,2026-07-16
88016102,16435 Merchants Lane,,King George,VA,22485,+15402998560,38.35239466509618,-77.05527135696188,Mon-Sat 09:30-21:30; Sun 10:00-20:00,https://locations.fivebelow.com/va/king-george/16435-merchants-lane,Virginia,Five Below,2026-07-16
13539183,530B Fort Evans Road,,Leesburg,VA,20176,+15712581540,39.107829,-77.528281,Mon-Sat 09:30-21:30; Sun 10:00-20:00,https://locations.fivebelow.com/va/leesburg/530b-fort-evans-road,Virginia,Five Below,2026-07-16
1076890508,9409 Lorton Market Street,Suite C,Lorton,VA,22079,+15716198058,38.702882252324734,-77.21948137705158,Mon-Sat 09:30-21:30; Sun 10:00-20:00,https://locations.fivebelow.com/va/lorton/9409-lorton-market-street,Virginia,Five Below,2026-07-16
13539247,475-A Simons Run,,Lynchburg,VA,24502,+14342372560,37.3424559,-79.1949332,Mon-Sat 09:30-21:30; Sun 10:00-20:00,https://locations.fivebelow.com/va/lynchburg/475-a-simons-run,Virginia,Five Below,2026-07-16
15648426,10854 Sudley Manor Drive,,Manassas,VA,20109,+15714896581,38.7863606,-77.5189978,Mon-Sat 09:30-21:30; Sun 10:00-20:00,https://locations.fivebelow.com/va/manassas/10854-sudley-manor-drive,Virginia,Five Below,2026-07-16
1004710862,7366 Bell Creek Rd,,Mechanicsville,VA,23111,+18045385997,37.605691072993686,-77.35297010491085,Mon-Sat 09:30-21:30; Sun 10:00-20:00,https://locations.fivebelow.com/va/mechanicsville/7366-bell-creek-rd,Virginia,Five Below,2026-07-16
1066166829,153 Perimeter Dr,,Midlothian,VA,23113,+18045389636,37.5118213,-77.6935264,Mon-Sat 09:30-21:30; Sun 10:00-20:00,https://locations.fivebelow.com/va/midlothian/153-perimeter-dr,Virginia,Five Below,2026-07-16
13539265,12080 Jefferson Avenue,Suite 500,Newport News,VA,23606,+17572492569,37.1027637,-76.4900975,Mon-Sat 09:30-21:30; Sun 10:00-20:00,https://locations.fivebelow.com/va/newport-news/12080-jefferson-avenue,Virginia,Five Below,2026-07-16
1066166849,12551 Jefferson Ave,Suite 121,Newport News,VA,23602,+17576899331,37.13074478243332,-76.51631046982466,Mon-Sat 09:30-21:30; Sun 10:00-20:00,https://locations.fivebelow.com/va/newport-news/12551-jefferson-ave,Virginia,Five Below,2026-07-16
2015068651,605 Newmarket Dr N,Suite 9,Newport News,VA,23605,+17572079526,37.02205179257103,-76.44271071165674,Mon-Sat 09:30-21:30; Sun 10:00-20:00,https://locations.fivebelow.com/va/newport-news/605-newmarket-dr-n,Virginia,Five Below,2026-07-16
1035260052,5900 E Virginia Beach Blvd,Suite 48A,Norfolk,VA,23502,+17577208363,36.85737731944098,-76.20259445891284,Mon-Sat 09:30-21:30; Sun 10:00-20:00,https://locations.fivebelow.com/va/norfolk/5900-e-virginia-beach-blvd,Virginia,Five Below,2026-07-16
13539264,11350 Midlothian Turnpike,,North Chesterfield,VA,23235,+18047940094,37.50693612623668,-77.60579486399286,Mon-Sat 09:30-21:30; Sun 10:00-20:00,https://locations.fivebelow.com/va/north-chesterfield/11350-midlothian-turnpike,Virginia,Five Below,2026-07-16
2051803096,744 Commonwealth Dr,,Norton,VA,24273,+12762603794,36.955450042552705,-82.60251082696858,Mon-Sat 09:30-21:30; Sun 10:00-20:00,https://locations.fivebelow.com/va/norton/744-commonwealth-dr,Virginia,Five Below,2026-07-16
1066166852,4020 Victory Blvd,,Portsmouth,VA,23701,+17573000428,36.810206981866365,-76.35531386254824,Mon-Sat 09:30-21:30; Sun 10:00-20:00,https://locations.fivebelow.com/va/portsmouth/4020-victory-blvd,Virginia,Five Below,2026-07-16
13539283,4501 S Laburnum Ave,# 585,Richmond,VA,23231,+18042261733,37.5269511,-77.3531841,Mon-Sat 09:30-21:30; Sun 10:00-20:00,https://locations.fivebelow.com/va/richmond/4501-s-laburnum-ave,Virginia,Five Below,2026-07-16
1015790268,4925 W. Broad Street,Suite #304C,Richmond,VA,23230,+18045381414,37.582197204314525,-77.49550830424417,Mon-Sat 09:30-21:30; Sun 10:00-20:00,https://locations.fivebelow.com/va/richmond/4925-w.-broad-street,Virginia,Five Below,2026-07-16
13539228,1397 Towne Square Blvd NW,,Roanoke,VA,24012,+15403621789,37.320058,-79.963044,Mon-Sat 09:30-21:30; Sun 10:00-20:00,https://locations.fivebelow.com/va/roanoke/1397-towne-square-blvd-nw,Virginia,Five Below,2026-07-16
1017894640,1361 W Main Street,,Salem,VA,24153,+15402997186,37.291344616175216,-80.07943712451953,Mon-Sat 09:30-21:30; Sun 10:00-20:00,https://locations.fivebelow.com/va/salem/1361-w-main-street,Virginia,Five Below,2026-07-16
13539259,6551 Springfield Mall,Space 11022,Springfield,VA,22150,+17039221724,38.77547522353666,-77.1743916322223,Mon-Sat 10:00-21:00; Sun 11:00-19:00,https://locations.fivebelow.com/va/springfield/6551-springfield-mall,Virginia,Five Below,2026-07-16
13539196,1130 Stafford Marketplace,Suite 103,Stafford,VA,22556,+15407201579,38.46974120000063,-77.4068955423279,Mon-Sat 09:30-21:30; Sun 10:00-20:00,https://locations.fivebelow.com/va/stafford/1130-stafford-marketplace,Virginia,Five Below,2026-07-16
13539180,46301 Potomac Run Plaza,Suite 155,Sterling,VA,20164,+17034219430,39.02505190009086,-77.39840420857067,Mon-Sat 09:30-21:30; Sun 10:00-20:00,https://locations.fivebelow.com/va/sterling/46301-potomac-run-plaza,Virginia,Five Below,2026-07-16
13539261,1011 University Blvd,Suite 150,Suffolk,VA,23435,+17574840309,36.87428835892186,-76.42022068220899,Mon-Sat 09:30-21:30; Sun 10:00-20:00,https://locations.fivebelow.com/va/suffolk/1011-university-blvd,Virginia,Five Below,2026-07-16
2019847484,1075 Independence Blvd,,Virginia Beach,VA,23455,+17575687425,36.873584038501605,-76.13626986625309,Mon-Sat 09:30-21:30; Sun 10:00-20:00,https://locations.fivebelow.com/va/virginia-beach/1075-independence-blvd,Virginia,Five Below,2026-07-16
26828050,1169 Nimmo Pkwy,Suite 218,Virginia Beach,VA,23456,+17572092769,36.76066724414904,-76.01067358785846,Mon-Sat 09:30-21:30; Sun 10:00-20:00,https://locations.fivebelow.com/va/virginia-beach/1169-nimmo-pkwy,Virginia,Five Below,2026-07-16
13539271,1725 Laskin Road,Suite 502A,Virginia Beach,VA,23454,+17574281708,36.849720112174836,-76.02492512158803,Mon-Sat 09:30-21:30; Sun 10:00-20:00,https://locations.fivebelow.com/va/virginia-beach/1725-laskin-road,Virginia,Five Below,2026-07-16
13539278,3300 Princess Anne Road,#723,Virginia Beach,VA,23456,+17573684220,36.7725239,-76.0851931,Mon-Sat 09:30-21:30; Sun 10:00-20:00,https://locations.fivebelow.com/va/virginia-beach/3300-princess-anne-road,Virginia,Five Below,2026-07-16
13539282,4485 Virginia Beach Boulevard,B1,Virginia Beach,VA,23462,+17575527068,36.84259503743791,-76.12980288891742,Mon-Sat 09:30-21:30; Sun 10:00-20:00,https://locations.fivebelow.com/va/virginia-beach/4485-virginia-beach-boulevard,Virginia,Five Below,2026-07-16
2040253755,701 Lynnhaven Pkwy,Suite G13,Virginia Beach,VA,23452,+17577424168,36.816216653834026,-76.0723442026595,Mon-Sat 09:30-21:30; Sun 10:00-20:00,https://locations.fivebelow.com/va/virginia-beach/701-lynnhaven-pkwy,Virginia,Five Below,2026-07-16
25131115,141 W Lee Highway,Suite 133,Warrenton,VA,20186,+15402997997,38.7305086953448,-77.79473644546866,Mon-Sat 09:30-21:30; Sun 10:00-20:00,https://locations.fivebelow.com/va/warrenton/141-w-lee-highway,Virginia,Five Below,2026-07-16
13539284,5225 Settlers Market Blvd,Suite 130,Williamsburg,VA,23188,+17572291469,37.27705259136559,-76.75169936378495,Mon-Sat 09:30-21:30; Sun 10:00-20:00,https://locations.fivebelow.com/va/williamsburg/5225-settlers-market-blvd,Virginia,Five Below,2026-07-16
13539209,2420 S. Pleasant Valley Rd,,Winchester,VA,22601,+15406675264,39.15464549397042,-78.17259011059366,Mon-Sat 09:30-21:30; Sun 10:00-20:00,https://locations.fivebelow.com/va/winchester/2420-s.-pleasant-valley-rd,Virginia,Five Below,2026-07-16
13539421,2700 Potomac Mills Circle,Unit 141,Woodbridge,VA,22192,+17034927930,38.64343103786213,-77.29504079629515,Mon-Thu 10:00-20:00; Fri-Sat 10:00-21:00; Sun 11:00-18:00,https://locations.fivebelow.com/va/woodbridge/2700-potomac-mills-circle,Virginia,Five Below,2026-07-16
79588102,282 Berlin Mall Rd,Unit 11,Berlin,VT,05602,+18025003161,44.21714139780789,-72.56489570242938,Mon-Sat 10:00-19:00; Sun 11:00-18:00,https://locations.fivebelow.com/vt/berlin/282-berlin-mall-rd,Vermont,Five Below,2026-07-16
2027253805,1402 SE Everett Mall Way,Suite 335,Everett,WA,98208,+14253862077,47.90947099243462,-122.21380029163001,Mon-Sat 09:30-21:30; Sun 10:00-20:00,https://locations.fivebelow.com/wa/everett/1402-se-everett-mall-way,Washington,Five Below,2026-07-16
2027253812,31417 Pacific Highway South,,Federal Way,WA,98003,+12534021062,47.32048330346398,-122.31547949558492,Mon-Sat 09:30-21:30; Sun 10:00-20:00,https://locations.fivebelow.com/wa/federal-way/31417-pacific-highway-south,Washington,Five Below,2026-07-16
2027253811,2617 196th St SW,Suite 111,Lynnwood,WA,98036,+14254191508,47.821395474177145,-122.26910011653854,Mon-Sat 09:30-21:30; Sun 10:00-20:00,https://locations.fivebelow.com/wa/lynnwood/2617-196th-st-sw,Washington,Five Below,2026-07-16
2027253806,10408 156th Street E,Suite A101,Puyallup,WA,98374,+12533004050,47.11316963810721,-122.29050568024068,Mon-Sat 09:30-21:30; Sun 10:00-20:00,https://locations.fivebelow.com/wa/puyallup/10408-156th-street-e,Washington,Five Below,2026-07-16
2027253807,2907 Queensgate Drive,,Richland,WA,99352,+15092360746,46.25751379856572,-119.31520300418326,Mon-Sat 09:30-21:30; Sun 10:00-20:00,https://locations.fivebelow.com/wa/richland/2907-queensgate-drive,Washington,Five Below,2026-07-16
2027253804,13806 E Indiana Avenue,,Spokane Valley,WA,99216,+15092360930,47.67472669490435,-117.2179100557038,Mon-Sat 09:30-21:30; Sun 10:00-20:00,https://locations.fivebelow.com/wa/spokane-valley/13806-e-indiana-avenue,Washington,Five Below,2026-07-16
2027253803,17 East Valley Mall Blvd,Suite 1,Union Gap,WA,98903,+15092360932,46.56372714454248,-120.47646751228581,Mon-Sat 09:30-21:30; Sun 10:00-20:00,https://locations.fivebelow.com/wa/union-gap/17-east-valley-mall-blvd,Washington,Five Below,2026-07-16
42115915,3825 E Calumet St,Suite 1200 B,Appleton,WI,54915,+19202829711,44.2413688731511,-88.34952895412351,Mon-Sat 09:30-21:30; Sun 10:00-20:00,https://locations.fivebelow.com/wi/appleton/3825-e-calumet-st,Wisconsin,Five Below,2026-07-16
33252879,4441 W Wisconsin Ave,,Appleton,WI,54913,+19202453278,44.2729868,-88.47339219999999,Mon-Sat 09:30-21:30; Sun 10:00-20:00,https://locations.fivebelow.com/wi/appleton/4441-w-wisconsin-ave,Wisconsin,Five Below,2026-07-16
1007103745,210 N Gasser Road,Suite 1160,Baraboo,WI,53913,+16084535621,43.57426554786523,-89.7863564176751,Mon-Sat 10:00-20:00; Sun 10:00-19:00,https://locations.fivebelow.com/wi/baraboo/210-n-gasser-road,Wisconsin,Five Below,2026-07-16
22194292,1645 N Spring St,Suite 104,Beaver Dam,WI,53916,+19203552893,43.47471546579324,-88.82077238569595,Mon-Sat 09:30-21:30; Sun 10:00-20:00,https://locations.fivebelow.com/wi/beaver-dam/1645-n-spring-st,Wisconsin,Five Below,2026-07-16
13539468,295 Discovery Drive,,Brookfield,WI,53045,+12622081028,43.03331878805177,-88.13106822833277,Mon-Sat 09:30-21:30; Sun 10:00-20:00,https://locations.fivebelow.com/wi/brookfield/295-discovery-drive,Wisconsin,Five Below,2026-07-16
58795316,2380 E Mason St,Suite B,Green Bay,WI,54302,+19202453041,44.48573598700084,-87.96365245210866,Mon-Sat 09:30-21:30; Sun 10:00-20:00,https://locations.fivebelow.com/wi/green-bay/2380-e-mason-st,Wisconsin,Five Below,2026-07-16
88016104,805 South Military Avenue,,Green Bay,WI,54304,+19202829527,44.52157393593382,-88.06188872432242,Mon-Sat 09:30-21:30; Sun 10:00-20:00,https://locations.fivebelow.com/wi/green-bay/805-south-military-avenue,Wisconsin,Five Below,2026-07-16
13538961,8410 W Sura Ln,,Greenfield,WI,53228,+14144271810,42.961109,-88.018612,Mon-Sat 09:30-21:30; Sun 10:00-20:00,https://locations.fivebelow.com/wi/greenfield/8410-w-sura-ln,Wisconsin,Five Below,2026-07-16
13538974,2700 Pontiac Place,Suite 140,Janesville,WI,53545,+16087581673,42.71629369539641,-88.98770819193464,Mon-Sat 09:30-21:30; Sun 10:00-20:00,https://locations.fivebelow.com/wi/janesville/2700-pontiac-place,Wisconsin,Five Below,2026-07-16
97211934,575 Linmar Lane,Suite A070,Johnson Creek,WI,53038,+19202524985,43.092693778099935,-88.76315731362418,Mon-Sat 10:00-20:00; Sun 11:00-18:00,https://locations.fivebelow.com/wi/johnson-creek/575-linmar-lane,Wisconsin,Five Below,2026-07-16
24355360,6830 Green Bay Rd,,Kenosha,WI,53142,+12623578563,42.57293155313775,-87.8891480429222,Mon-Sat 09:30-21:30; Sun 10:00-20:00,https://locations.fivebelow.com/wi/kenosha/6830-green-bay-rd,Wisconsin,Five Below,2026-07-16
13539453,690 Whitney Way,Suite 103,Madison,WI,53711,+16084033562,43.050844969586954,-89.47579922235235,Mon-Sat 09:30-21:30; Sun 10:00-20:00,https://locations.fivebelow.com/wi/madison/690-whitney-way,Wisconsin,Five Below,2026-07-16
1011095236,2504 Roosevelt Rd,,Marinette,WI,54143,+17153904082,45.07982765567526,-87.65786114426281,Mon-Sat 09:30-21:30; Sun 10:00-20:00,https://locations.fivebelow.com/wi/marinette/2504-roosevelt-rd,Wisconsin,Five Below,2026-07-16
97211933,503 E Ives Street,Suite 210,Marshfield,WI,54449,+17153900016,44.678496,-90.16149492944774,Mon-Sat 09:30-21:30; Sun 10:00-20:00,https://locations.fivebelow.com/wi/marshfield/503-e-ives-street,Wisconsin,Five Below,2026-07-16
13538962,N91W16121 Falls Parkway,,Menomonee Falls,WI,53051,+12622514225,43.1845204,-88.1100715,Mon-Sat 09:30-21:30; Sun 10:00-20:00,https://locations.fivebelow.com/wi/menomonee-falls/n91w16121-falls-parkway,Wisconsin,Five Below,2026-07-16
2022916354,1501 N Broadway St,Suite 5,Menomonie,WI,54751,+15342050007,44.900122457514804,-91.93439141148892,Mon-Sat 09:30-21:30; Sun 10:00-20:00,https://locations.fivebelow.com/wi/menomonie/1501-n-broadway-st,Wisconsin,Five Below,2026-07-16
58795324,1661 Deming Way,Suite 138,Middleton,WI,53562,+16083015913,43.09198551884761,-89.52539093765333,Mon-Sat 09:30-21:30; Sun 10:00-20:00,https://locations.fivebelow.com/wi/middleton/1661-deming-way,Wisconsin,Five Below,2026-07-16
13538979,3551 S 27th St,,Milwaukee,WI,53221,+14146436309,42.9795032262146,-87.95221925396731,Mon-Sat 09:30-21:30; Sun 10:00-20:00,https://locations.fivebelow.com/wi/milwaukee/3551-s-27th-st,Wisconsin,Five Below,2026-07-16
13538954,6768 W Greenfield Ave,,Milwaukee,WI,53214,+14142572344,43.01889092785493,-87.99749501821168,Mon-Sat 09:30-21:30; Sun 10:00-20:00,https://locations.fivebelow.com/wi/milwaukee/6768-w-greenfield-ave,Wisconsin,Five Below,2026-07-16
1017894648,2341 W Broadway,,Monona,WI,53713,+16084535662,43.04449157547645,-89.35099450802966,Mon-Sat 09:30-21:30; Sun 10:00-20:00,https://locations.fivebelow.com/wi/monona/2341-w-broadway,Wisconsin,Five Below,2026-07-16
13538951,5630 Washington Avenue,Suite 4,Mount Pleasant,WI,53406,+12626190427,42.72144927668458,-87.84857840033027,Mon-Sat 09:30-21:30; Sun 10:00-20:00,https://locations.fivebelow.com/wi/mount-pleasant/5630-washington-avenue,Wisconsin,Five Below,2026-07-16
1015790258,701 S Green Bay Road,,Neenah,WI,54956,+19202829845,44.17750445375496,-88.48692181259109,Mon-Sat 09:30-21:30; Sun 10:00-20:00,https://locations.fivebelow.com/wi/neenah/701-s-green-bay-road,Wisconsin,Five Below,2026-07-16
1015790262,9366 State Road WI-16,Suite 500,Onalaska,WI,54650,+16084535672,43.87133349325655,-91.19845743678506,Mon-Sat 09:30-21:30; Sun 10:00-20:00,https://locations.fivebelow.com/wi/onalaska/9366-state-road-wi-16,Wisconsin,Five Below,2026-07-16
13538967,1520 S. Koeller St.,,Oshkosh,WI,54902,+19202350498,44.00493047563668,-88.58002691858792,Mon-Sat 09:30-21:30; Sun 10:00-20:00,https://locations.fivebelow.com/wi/oshkosh/1520-s.-koeller-st.,Wisconsin,Five Below,2026-07-16
1004710861,11211 120th Ave,Suite A26,Pleasant Prairie,WI,53158,+12623101784,42.518027180634476,-87.94893606135959,Mon-Sat 10:00-20:00; Sun 11:00-18:00,https://locations.fivebelow.com/wi/pleasant-prairie/11211-120th-ave,Wisconsin,Five Below,2026-07-16
13538752,4127 State Highway 28,,Sheboygan Falls,WI,53085,+19202082881,43.7170333,-87.7666473,Mon-Sat 09:30-21:30; Sun 10:00-20:00,https://locations.fivebelow.com/wi/sheboygan-falls/4127-state-highway-28,Wisconsin,Five Below,2026-07-16
1017894646,5601 Highway 10 E,A,Stevens Point,WI,54482,+17153904256,44.52087697641038,-89.50828257134454,Mon-Sat 09:30-21:30; Sun 10:00-20:00,https://locations.fivebelow.com/wi/stevens-point/5601-highway-10-e,Wisconsin,Five Below,2026-07-16
13539281,435 S Legacy Way,,Sun Prairie,WI,53590,+16083188752,43.1709598,-89.2697839,Mon-Sat 09:30-21:30; Sun 10:00-20:00,https://locations.fivebelow.com/wi/sun-prairie/435-s-legacy-way,Wisconsin,Five Below,2026-07-16
13538932,1110 West Sunset Drive,Suite 150,Waukesha,WI,53189,+12625745070,42.98976737831394,-88.25982113035681,Mon-Sat 09:30-21:30; Sun 10:00-20:00,https://locations.fivebelow.com/wi/waukesha/1110-west-sunset-drive,Wisconsin,Five Below,2026-07-16
63653442,1760 S Main St,,West Bend,WI,53095,+12623813223,43.39978512464478,-88.1829193446279,Mon-Sat 09:30-21:30; Sun 10:00-20:00,https://locations.fivebelow.com/wi/west-bend/1760-s-main-st,Wisconsin,Five Below,2026-07-16
1017894647,1100 E Riverview Expressway,Suite C,Wisconsin Rapids,WI,54494,+17153904196,44.37793957617535,-89.81325929009998,Mon-Sat 09:30-21:30; Sun 10:00-20:00,https://locations.fivebelow.com/wi/wisconsin-rapids/1100-e-riverview-expressway,Wisconsin,Five Below,2026-07-16
22747244,2068 Thundering Herd Dr.,,Barboursville,WV,25504,+13047211839,38.42087228337347,-82.28470524722275,Mon-Sat 09:30-21:30; Sun 10:00-20:00,https://locations.fivebelow.com/wv/barboursville/2068-thundering-herd-dr.,West Virginia,Five Below,2026-07-16
1083869681,261 Mercer Mall Road,Suite 125,Bluefield,WV,24701,+13049136837,37.2965940246928,-81.1678281532009,Mon-Sat 10:00-20:00; Sun 13:00-18:00,https://locations.fivebelow.com/wv/bluefield/261-mercer-mall-road,West Virginia,Five Below,2026-07-16
1066166824,158 Emily Dr,Unit D1-D4,Clarksburg,WV,26301,+13049136339,39.27752824746547,-80.27973067974489,Mon-Sat 09:30-21:30; Sun 10:00-20:00,https://locations.fivebelow.com/wv/clarksburg/158-emily-dr,West Virginia,Five Below,2026-07-16
1029180224,104 Fayette Town Center,,Fayetteville,WV,25840,+13049136223,38.03191561382987,-81.12044624148183,Mon-Sat 09:30-21:30; Sun 10:00-20:00,https://locations.fivebelow.com/wv/fayetteville/104-fayette-town-center,West Virginia,Five Below,2026-07-16
2040253757,110 Liberty Square Dr,,Hurricane,WV,25526,+16813177417,38.45845123286091,-81.9312946362451,Mon-Sat 09:30-21:30; Sun 10:00-20:00,https://locations.fivebelow.com/wv/hurricane/110-liberty-square-dr,West Virginia,Five Below,2026-07-16
13539211,296 Retail Commons Parkway,,Martinsburg,WV,25403,+13042623694,39.43930692853553,-77.99331961226846,Mon-Sat 09:30-21:30; Sun 10:00-20:00,https://locations.fivebelow.com/wv/martinsburg/296-retail-commons-parkway,West Virginia,Five Below,2026-07-16
13539167,1070 Giant Street,,Morgantown,WV,26501,+13045983480,39.64759328690344,-80.00333559267096,Mon-Sat 09:30-21:30; Sun 10:00-20:00,https://locations.fivebelow.com/wv/morgantown/1070-giant-street,West Virginia,Five Below,2026-07-16
2011111071,720 Venture Dr,Suite 11,Morgantown,WV,26508,+13047211658,39.648812760331275,-79.89522105276129,Mon-Sat 09:30-21:30; Sun 10:00-20:00,https://locations.fivebelow.com/wv/morgantown/720-venture-dr,West Virginia,Five Below,2026-07-16
1066166839,217 Oak Lee Dr,Suite 12,Ranson,WV,25438,+13049136341,39.32159518444232,-77.84807477322386,Mon-Sat 09:30-21:30; Sun 10:00-20:00,https://locations.fivebelow.com/wv/ranson/217-oak-lee-dr,West Virginia,Five Below,2026-07-16
24051881,36 RHL Blvd.,,South Charleston,WV,25309,+13047211648,38.33793355784309,-81.71481323128515,Mon-Sat 09:30-21:30; Sun 10:00-20:00,https://locations.fivebelow.com/wv/south-charleston/36-rhl-blvd.,West Virginia,Five Below,2026-07-16
13539124,852 Grand Central Avenue,,Vienna,WV,26105,+13044225183,39.30285106586952,-81.55044924903285,Mon-Sat 09:30-21:30; Sun 10:00-20:00,https://locations.fivebelow.com/wv/vienna/852-grand-central-avenue,West Virginia,Five Below,2026-07-16
1011095227,2600 Middletown Circle,Suite #231,White Hall,WV,26554,+13049136105,39.42803576135442,-80.18588248829117,Mon-Sat 09:30-21:30; Sun 10:00-20:00,https://locations.fivebelow.com/wv/white-hall/2600-middletown-circle,West Virginia,Five Below,2026-07-16
2040253763,560 Newport Rd,,Casper,WY,82609,+13072193288,42.844032,-106.2559536,Mon-Sat 09:30-21:30; Sun 10:00-20:00,https://locations.fivebelow.com/wy/casper/560-newport-rd,Wyoming,Five Below,2026-07-16
1076890511,2610 S Douglas Highway,Suite 135,Gillette,WY,82718,+13072969408,44.270478211882015,-105.49670054429626,Mon-Sat 09:30-21:30; Sun 10:00-20:00,https://locations.fivebelow.com/wy/gillette/2610-s-douglas-highway,Wyoming,Five Below,2026-07-16
